/*
 Navicat MySQL Data Transfer

 Source Server         : YunDB
 Source Server Type    : MySQL
 Source Server Version : 50616
 Source Host           : 39.107.219.145:3306
 Source Schema         : yinxing

 Target Server Type    : MySQL
 Target Server Version : 50616
 File Encoding         : 65001

 Date: 08/05/2022 19:16:01
*/

SET NAMES utf8mb4;
SET FOREIGN_KEY_CHECKS = 0;

-- ----------------------------
-- Table structure for demo_test
-- ----------------------------
DROP TABLE IF EXISTS `demo_test`;
CREATE TABLE `demo_test`  (
  `Id_` bigint(20) UNSIGNED NOT NULL,
  `Username_` varchar(32) CHARACTER SET utf8 COLLATE utf8_general_ci NULL DEFAULT NULL,
  `TelNumber_` char(11) CHARACTER SET utf8 COLLATE utf8_general_ci NULL DEFAULT NULL,
  `CreateTime_` datetime NULL DEFAULT NULL,
  `Birthday_` date NULL DEFAULT NULL,
  `Salary_` double(10, 2) NULL DEFAULT NULL,
  `OnJob_` bit(1) NULL DEFAULT NULL,
  PRIMARY KEY (`Id_`) USING BTREE
) ENGINE = InnoDB CHARACTER SET = utf8 COLLATE = utf8_general_ci ROW_FORMAT = Compact;

-- ----------------------------
-- Records of demo_test
-- ----------------------------
INSERT INTO `demo_test` VALUES (1, '2', '3', '2022-05-08 18:37:12', '2022-05-08', 223.32, b'1');

-- ----------------------------
-- Table structure for qrtz_blob_triggers
-- ----------------------------
DROP TABLE IF EXISTS `qrtz_blob_triggers`;
CREATE TABLE `qrtz_blob_triggers`  (
  `SCHED_NAME` varchar(120) CHARACTER SET utf8 COLLATE utf8_general_ci NOT NULL,
  `TRIGGER_NAME` varchar(190) CHARACTER SET utf8 COLLATE utf8_general_ci NOT NULL,
  `TRIGGER_GROUP` varchar(190) CHARACTER SET utf8 COLLATE utf8_general_ci NOT NULL,
  `BLOB_DATA` blob NULL,
  PRIMARY KEY (`SCHED_NAME`, `TRIGGER_NAME`, `TRIGGER_GROUP`) USING BTREE,
  INDEX `SCHED_NAME`(`SCHED_NAME`, `TRIGGER_NAME`, `TRIGGER_GROUP`) USING BTREE,
  CONSTRAINT `qrtz_blob_triggers_ibfk_1` FOREIGN KEY (`SCHED_NAME`, `TRIGGER_NAME`, `TRIGGER_GROUP`) REFERENCES `qrtz_triggers` (`SCHED_NAME`, `TRIGGER_NAME`, `TRIGGER_GROUP`) ON DELETE RESTRICT ON UPDATE RESTRICT
) ENGINE = InnoDB CHARACTER SET = utf8 COLLATE = utf8_general_ci ROW_FORMAT = Compact;

-- ----------------------------
-- Records of qrtz_blob_triggers
-- ----------------------------

-- ----------------------------
-- Table structure for qrtz_calendars
-- ----------------------------
DROP TABLE IF EXISTS `qrtz_calendars`;
CREATE TABLE `qrtz_calendars`  (
  `SCHED_NAME` varchar(120) CHARACTER SET utf8 COLLATE utf8_general_ci NOT NULL,
  `CALENDAR_NAME` varchar(190) CHARACTER SET utf8 COLLATE utf8_general_ci NOT NULL,
  `CALENDAR` blob NOT NULL,
  PRIMARY KEY (`SCHED_NAME`, `CALENDAR_NAME`) USING BTREE
) ENGINE = InnoDB CHARACTER SET = utf8 COLLATE = utf8_general_ci ROW_FORMAT = Compact;

-- ----------------------------
-- Records of qrtz_calendars
-- ----------------------------

-- ----------------------------
-- Table structure for qrtz_cron_triggers
-- ----------------------------
DROP TABLE IF EXISTS `qrtz_cron_triggers`;
CREATE TABLE `qrtz_cron_triggers`  (
  `SCHED_NAME` varchar(120) CHARACTER SET utf8 COLLATE utf8_general_ci NOT NULL,
  `TRIGGER_NAME` varchar(190) CHARACTER SET utf8 COLLATE utf8_general_ci NOT NULL,
  `TRIGGER_GROUP` varchar(190) CHARACTER SET utf8 COLLATE utf8_general_ci NOT NULL,
  `CRON_EXPRESSION` varchar(120) CHARACTER SET utf8 COLLATE utf8_general_ci NOT NULL,
  `TIME_ZONE_ID` varchar(80) CHARACTER SET utf8 COLLATE utf8_general_ci NULL DEFAULT NULL,
  PRIMARY KEY (`SCHED_NAME`, `TRIGGER_NAME`, `TRIGGER_GROUP`) USING BTREE,
  CONSTRAINT `qrtz_cron_triggers_ibfk_1` FOREIGN KEY (`SCHED_NAME`, `TRIGGER_NAME`, `TRIGGER_GROUP`) REFERENCES `qrtz_triggers` (`SCHED_NAME`, `TRIGGER_NAME`, `TRIGGER_GROUP`) ON DELETE RESTRICT ON UPDATE RESTRICT
) ENGINE = InnoDB CHARACTER SET = utf8 COLLATE = utf8_general_ci ROW_FORMAT = Compact;

-- ----------------------------
-- Records of qrtz_cron_triggers
-- ----------------------------
INSERT INTO `qrtz_cron_triggers` VALUES ('quartzScheduler', '6da64b5bd2ee-b25a5504-b399-4544-b8a1-88527f30635a', 'DEFAULT', '0/25 * * * * ?', 'Asia/Shanghai');
INSERT INTO `qrtz_cron_triggers` VALUES ('quartzScheduler', 'trigger1', 'DEFAULT', '0/5 * * * * ?', 'Asia/Shanghai');
INSERT INTO `qrtz_cron_triggers` VALUES ('quartzScheduler', 'trigger3', 'DEFAULT', '0 0 1 * * ?', 'Asia/Shanghai');

-- ----------------------------
-- Table structure for qrtz_fired_triggers
-- ----------------------------
DROP TABLE IF EXISTS `qrtz_fired_triggers`;
CREATE TABLE `qrtz_fired_triggers`  (
  `SCHED_NAME` varchar(120) CHARACTER SET utf8 COLLATE utf8_general_ci NOT NULL,
  `ENTRY_ID` varchar(95) CHARACTER SET utf8 COLLATE utf8_general_ci NOT NULL,
  `TRIGGER_NAME` varchar(190) CHARACTER SET utf8 COLLATE utf8_general_ci NOT NULL,
  `TRIGGER_GROUP` varchar(190) CHARACTER SET utf8 COLLATE utf8_general_ci NOT NULL,
  `INSTANCE_NAME` varchar(190) CHARACTER SET utf8 COLLATE utf8_general_ci NOT NULL,
  `FIRED_TIME` bigint(13) NOT NULL,
  `SCHED_TIME` bigint(13) NOT NULL,
  `PRIORITY` int(11) NOT NULL,
  `STATE` varchar(16) CHARACTER SET utf8 COLLATE utf8_general_ci NOT NULL,
  `JOB_NAME` varchar(190) CHARACTER SET utf8 COLLATE utf8_general_ci NULL DEFAULT NULL,
  `JOB_GROUP` varchar(190) CHARACTER SET utf8 COLLATE utf8_general_ci NULL DEFAULT NULL,
  `IS_NONCONCURRENT` varchar(1) CHARACTER SET utf8 COLLATE utf8_general_ci NULL DEFAULT NULL,
  `REQUESTS_RECOVERY` varchar(1) CHARACTER SET utf8 COLLATE utf8_general_ci NULL DEFAULT NULL,
  PRIMARY KEY (`SCHED_NAME`, `ENTRY_ID`) USING BTREE,
  INDEX `IDX_QRTZ_FT_TRIG_INST_NAME`(`SCHED_NAME`, `INSTANCE_NAME`) USING BTREE,
  INDEX `IDX_QRTZ_FT_INST_JOB_REQ_RCVRY`(`SCHED_NAME`, `INSTANCE_NAME`, `REQUESTS_RECOVERY`) USING BTREE,
  INDEX `IDX_QRTZ_FT_J_G`(`SCHED_NAME`, `JOB_NAME`, `JOB_GROUP`) USING BTREE,
  INDEX `IDX_QRTZ_FT_JG`(`SCHED_NAME`, `JOB_GROUP`) USING BTREE,
  INDEX `IDX_QRTZ_FT_T_G`(`SCHED_NAME`, `TRIGGER_NAME`, `TRIGGER_GROUP`) USING BTREE,
  INDEX `IDX_QRTZ_FT_TG`(`SCHED_NAME`, `TRIGGER_GROUP`) USING BTREE
) ENGINE = InnoDB CHARACTER SET = utf8 COLLATE = utf8_general_ci ROW_FORMAT = Compact;

-- ----------------------------
-- Records of qrtz_fired_triggers
-- ----------------------------
INSERT INTO `qrtz_fired_triggers` VALUES ('quartzScheduler', 'NON_CLUSTERED1652008052039', 'trigger1', 'DEFAULT', 'NON_CLUSTERED', 1652008560737, 1652008565000, 5, 'ACQUIRED', NULL, NULL, '0', '0');

-- ----------------------------
-- Table structure for qrtz_job_details
-- ----------------------------
DROP TABLE IF EXISTS `qrtz_job_details`;
CREATE TABLE `qrtz_job_details`  (
  `SCHED_NAME` varchar(120) CHARACTER SET utf8 COLLATE utf8_general_ci NOT NULL,
  `JOB_NAME` varchar(190) CHARACTER SET utf8 COLLATE utf8_general_ci NOT NULL,
  `JOB_GROUP` varchar(190) CHARACTER SET utf8 COLLATE utf8_general_ci NOT NULL,
  `DESCRIPTION` varchar(250) CHARACTER SET utf8 COLLATE utf8_general_ci NULL DEFAULT NULL,
  `JOB_CLASS_NAME` varchar(250) CHARACTER SET utf8 COLLATE utf8_general_ci NOT NULL,
  `IS_DURABLE` varchar(1) CHARACTER SET utf8 COLLATE utf8_general_ci NOT NULL,
  `IS_NONCONCURRENT` varchar(1) CHARACTER SET utf8 COLLATE utf8_general_ci NOT NULL,
  `IS_UPDATE_DATA` varchar(1) CHARACTER SET utf8 COLLATE utf8_general_ci NOT NULL,
  `REQUESTS_RECOVERY` varchar(1) CHARACTER SET utf8 COLLATE utf8_general_ci NOT NULL,
  `JOB_DATA` blob NULL,
  PRIMARY KEY (`SCHED_NAME`, `JOB_NAME`, `JOB_GROUP`) USING BTREE,
  INDEX `IDX_QRTZ_J_REQ_RECOVERY`(`SCHED_NAME`, `REQUESTS_RECOVERY`) USING BTREE,
  INDEX `IDX_QRTZ_J_GRP`(`SCHED_NAME`, `JOB_GROUP`) USING BTREE
) ENGINE = InnoDB CHARACTER SET = utf8 COLLATE = utf8_general_ci ROW_FORMAT = Compact;

-- ----------------------------
-- Records of qrtz_job_details
-- ----------------------------
INSERT INTO `qrtz_job_details` VALUES ('quartzScheduler', 'job1', 'DEFAULT', '测试任务', 'com.yinxing.quartz.job.HelloJob', '1', '0', '0', '0', 0xACED0005737200156F72672E71756172747A2E4A6F62446174614D61709FB083E8BFA9B0CB020000787200266F72672E71756172747A2E7574696C732E537472696E674B65794469727479466C61674D61708208E8C3FBC55D280200015A0013616C6C6F77735472616E7369656E74446174617872001D6F72672E71756172747A2E7574696C732E4469727479466C61674D617013E62EAD28760ACE0200025A000564697274794C00036D617074000F4C6A6176612F7574696C2F4D61703B787000737200116A6176612E7574696C2E486173684D61700507DAC1C31660D103000246000A6C6F6164466163746F724900097468726573686F6C6478703F40000000000010770800000010000000007800);
INSERT INTO `qrtz_job_details` VALUES ('quartzScheduler', 'SysLogDeleteJob', 'DEFAULT', '自动删除历史操作日志', 'com.yinxing.quartz.job.SysLogDeleteJob', '1', '0', '0', '0', 0xACED0005737200156F72672E71756172747A2E4A6F62446174614D61709FB083E8BFA9B0CB020000787200266F72672E71756172747A2E7574696C732E537472696E674B65794469727479466C61674D61708208E8C3FBC55D280200015A0013616C6C6F77735472616E7369656E74446174617872001D6F72672E71756172747A2E7574696C732E4469727479466C61674D617013E62EAD28760ACE0200025A000564697274794C00036D617074000F4C6A6176612F7574696C2F4D61703B787000737200116A6176612E7574696C2E486173684D61700507DAC1C31660D103000246000A6C6F6164466163746F724900097468726573686F6C6478703F40000000000010770800000010000000007800);
INSERT INTO `qrtz_job_details` VALUES ('quartzScheduler', 'test2', 'DEFAULT', '测试添加任务', 'com.yinxing.quartz.job.HelloJob', '1', '0', '0', '0', 0xACED0005737200156F72672E71756172747A2E4A6F62446174614D61709FB083E8BFA9B0CB020000787200266F72672E71756172747A2E7574696C732E537472696E674B65794469727479466C61674D61708208E8C3FBC55D280200015A0013616C6C6F77735472616E7369656E74446174617872001D6F72672E71756172747A2E7574696C732E4469727479466C61674D617013E62EAD28760ACE0200025A000564697274794C00036D617074000F4C6A6176612F7574696C2F4D61703B787000737200116A6176612E7574696C2E486173684D61700507DAC1C31660D103000246000A6C6F6164466163746F724900097468726573686F6C6478703F40000000000010770800000010000000007800);

-- ----------------------------
-- Table structure for qrtz_locks
-- ----------------------------
DROP TABLE IF EXISTS `qrtz_locks`;
CREATE TABLE `qrtz_locks`  (
  `SCHED_NAME` varchar(120) CHARACTER SET utf8 COLLATE utf8_general_ci NOT NULL,
  `LOCK_NAME` varchar(40) CHARACTER SET utf8 COLLATE utf8_general_ci NOT NULL,
  PRIMARY KEY (`SCHED_NAME`, `LOCK_NAME`) USING BTREE
) ENGINE = InnoDB CHARACTER SET = utf8 COLLATE = utf8_general_ci ROW_FORMAT = Compact;

-- ----------------------------
-- Records of qrtz_locks
-- ----------------------------
INSERT INTO `qrtz_locks` VALUES ('quartzScheduler', 'TRIGGER_ACCESS');

-- ----------------------------
-- Table structure for qrtz_paused_trigger_grps
-- ----------------------------
DROP TABLE IF EXISTS `qrtz_paused_trigger_grps`;
CREATE TABLE `qrtz_paused_trigger_grps`  (
  `SCHED_NAME` varchar(120) CHARACTER SET utf8 COLLATE utf8_general_ci NOT NULL,
  `TRIGGER_GROUP` varchar(190) CHARACTER SET utf8 COLLATE utf8_general_ci NOT NULL,
  PRIMARY KEY (`SCHED_NAME`, `TRIGGER_GROUP`) USING BTREE
) ENGINE = InnoDB CHARACTER SET = utf8 COLLATE = utf8_general_ci ROW_FORMAT = Compact;

-- ----------------------------
-- Records of qrtz_paused_trigger_grps
-- ----------------------------

-- ----------------------------
-- Table structure for qrtz_scheduler_state
-- ----------------------------
DROP TABLE IF EXISTS `qrtz_scheduler_state`;
CREATE TABLE `qrtz_scheduler_state`  (
  `SCHED_NAME` varchar(120) CHARACTER SET utf8 COLLATE utf8_general_ci NOT NULL,
  `INSTANCE_NAME` varchar(190) CHARACTER SET utf8 COLLATE utf8_general_ci NOT NULL,
  `LAST_CHECKIN_TIME` bigint(13) NOT NULL,
  `CHECKIN_INTERVAL` bigint(13) NOT NULL,
  PRIMARY KEY (`SCHED_NAME`, `INSTANCE_NAME`) USING BTREE
) ENGINE = InnoDB CHARACTER SET = utf8 COLLATE = utf8_general_ci ROW_FORMAT = Compact;

-- ----------------------------
-- Records of qrtz_scheduler_state
-- ----------------------------

-- ----------------------------
-- Table structure for qrtz_simple_triggers
-- ----------------------------
DROP TABLE IF EXISTS `qrtz_simple_triggers`;
CREATE TABLE `qrtz_simple_triggers`  (
  `SCHED_NAME` varchar(120) CHARACTER SET utf8 COLLATE utf8_general_ci NOT NULL,
  `TRIGGER_NAME` varchar(190) CHARACTER SET utf8 COLLATE utf8_general_ci NOT NULL,
  `TRIGGER_GROUP` varchar(190) CHARACTER SET utf8 COLLATE utf8_general_ci NOT NULL,
  `REPEAT_COUNT` bigint(7) NOT NULL,
  `REPEAT_INTERVAL` bigint(12) NOT NULL,
  `TIMES_TRIGGERED` bigint(10) NOT NULL,
  PRIMARY KEY (`SCHED_NAME`, `TRIGGER_NAME`, `TRIGGER_GROUP`) USING BTREE,
  CONSTRAINT `qrtz_simple_triggers_ibfk_1` FOREIGN KEY (`SCHED_NAME`, `TRIGGER_NAME`, `TRIGGER_GROUP`) REFERENCES `qrtz_triggers` (`SCHED_NAME`, `TRIGGER_NAME`, `TRIGGER_GROUP`) ON DELETE RESTRICT ON UPDATE RESTRICT
) ENGINE = InnoDB CHARACTER SET = utf8 COLLATE = utf8_general_ci ROW_FORMAT = Compact;

-- ----------------------------
-- Records of qrtz_simple_triggers
-- ----------------------------

-- ----------------------------
-- Table structure for qrtz_simprop_triggers
-- ----------------------------
DROP TABLE IF EXISTS `qrtz_simprop_triggers`;
CREATE TABLE `qrtz_simprop_triggers`  (
  `SCHED_NAME` varchar(120) CHARACTER SET utf8 COLLATE utf8_general_ci NOT NULL,
  `TRIGGER_NAME` varchar(190) CHARACTER SET utf8 COLLATE utf8_general_ci NOT NULL,
  `TRIGGER_GROUP` varchar(190) CHARACTER SET utf8 COLLATE utf8_general_ci NOT NULL,
  `STR_PROP_1` varchar(512) CHARACTER SET utf8 COLLATE utf8_general_ci NULL DEFAULT NULL,
  `STR_PROP_2` varchar(512) CHARACTER SET utf8 COLLATE utf8_general_ci NULL DEFAULT NULL,
  `STR_PROP_3` varchar(512) CHARACTER SET utf8 COLLATE utf8_general_ci NULL DEFAULT NULL,
  `INT_PROP_1` int(11) NULL DEFAULT NULL,
  `INT_PROP_2` int(11) NULL DEFAULT NULL,
  `LONG_PROP_1` bigint(20) NULL DEFAULT NULL,
  `LONG_PROP_2` bigint(20) NULL DEFAULT NULL,
  `DEC_PROP_1` decimal(13, 4) NULL DEFAULT NULL,
  `DEC_PROP_2` decimal(13, 4) NULL DEFAULT NULL,
  `BOOL_PROP_1` varchar(1) CHARACTER SET utf8 COLLATE utf8_general_ci NULL DEFAULT NULL,
  `BOOL_PROP_2` varchar(1) CHARACTER SET utf8 COLLATE utf8_general_ci NULL DEFAULT NULL,
  PRIMARY KEY (`SCHED_NAME`, `TRIGGER_NAME`, `TRIGGER_GROUP`) USING BTREE,
  CONSTRAINT `qrtz_simprop_triggers_ibfk_1` FOREIGN KEY (`SCHED_NAME`, `TRIGGER_NAME`, `TRIGGER_GROUP`) REFERENCES `qrtz_triggers` (`SCHED_NAME`, `TRIGGER_NAME`, `TRIGGER_GROUP`) ON DELETE RESTRICT ON UPDATE RESTRICT
) ENGINE = InnoDB CHARACTER SET = utf8 COLLATE = utf8_general_ci ROW_FORMAT = Compact;

-- ----------------------------
-- Records of qrtz_simprop_triggers
-- ----------------------------

-- ----------------------------
-- Table structure for qrtz_triggers
-- ----------------------------
DROP TABLE IF EXISTS `qrtz_triggers`;
CREATE TABLE `qrtz_triggers`  (
  `SCHED_NAME` varchar(120) CHARACTER SET utf8 COLLATE utf8_general_ci NOT NULL,
  `TRIGGER_NAME` varchar(190) CHARACTER SET utf8 COLLATE utf8_general_ci NOT NULL,
  `TRIGGER_GROUP` varchar(190) CHARACTER SET utf8 COLLATE utf8_general_ci NOT NULL,
  `JOB_NAME` varchar(190) CHARACTER SET utf8 COLLATE utf8_general_ci NOT NULL,
  `JOB_GROUP` varchar(190) CHARACTER SET utf8 COLLATE utf8_general_ci NOT NULL,
  `DESCRIPTION` varchar(250) CHARACTER SET utf8 COLLATE utf8_general_ci NULL DEFAULT NULL,
  `NEXT_FIRE_TIME` bigint(13) NULL DEFAULT NULL,
  `PREV_FIRE_TIME` bigint(13) NULL DEFAULT NULL,
  `PRIORITY` int(11) NULL DEFAULT NULL,
  `TRIGGER_STATE` varchar(16) CHARACTER SET utf8 COLLATE utf8_general_ci NOT NULL,
  `TRIGGER_TYPE` varchar(8) CHARACTER SET utf8 COLLATE utf8_general_ci NOT NULL,
  `START_TIME` bigint(13) NOT NULL,
  `END_TIME` bigint(13) NULL DEFAULT NULL,
  `CALENDAR_NAME` varchar(190) CHARACTER SET utf8 COLLATE utf8_general_ci NULL DEFAULT NULL,
  `MISFIRE_INSTR` smallint(2) NULL DEFAULT NULL,
  `JOB_DATA` blob NULL,
  PRIMARY KEY (`SCHED_NAME`, `TRIGGER_NAME`, `TRIGGER_GROUP`) USING BTREE,
  INDEX `IDX_QRTZ_T_J`(`SCHED_NAME`, `JOB_NAME`, `JOB_GROUP`) USING BTREE,
  INDEX `IDX_QRTZ_T_JG`(`SCHED_NAME`, `JOB_GROUP`) USING BTREE,
  INDEX `IDX_QRTZ_T_C`(`SCHED_NAME`, `CALENDAR_NAME`) USING BTREE,
  INDEX `IDX_QRTZ_T_G`(`SCHED_NAME`, `TRIGGER_GROUP`) USING BTREE,
  INDEX `IDX_QRTZ_T_STATE`(`SCHED_NAME`, `TRIGGER_STATE`) USING BTREE,
  INDEX `IDX_QRTZ_T_N_STATE`(`SCHED_NAME`, `TRIGGER_NAME`, `TRIGGER_GROUP`, `TRIGGER_STATE`) USING BTREE,
  INDEX `IDX_QRTZ_T_N_G_STATE`(`SCHED_NAME`, `TRIGGER_GROUP`, `TRIGGER_STATE`) USING BTREE,
  INDEX `IDX_QRTZ_T_NEXT_FIRE_TIME`(`SCHED_NAME`, `NEXT_FIRE_TIME`) USING BTREE,
  INDEX `IDX_QRTZ_T_NFT_ST`(`SCHED_NAME`, `TRIGGER_STATE`, `NEXT_FIRE_TIME`) USING BTREE,
  INDEX `IDX_QRTZ_T_NFT_MISFIRE`(`SCHED_NAME`, `MISFIRE_INSTR`, `NEXT_FIRE_TIME`) USING BTREE,
  INDEX `IDX_QRTZ_T_NFT_ST_MISFIRE`(`SCHED_NAME`, `MISFIRE_INSTR`, `NEXT_FIRE_TIME`, `TRIGGER_STATE`) USING BTREE,
  INDEX `IDX_QRTZ_T_NFT_ST_MISFIRE_GRP`(`SCHED_NAME`, `MISFIRE_INSTR`, `NEXT_FIRE_TIME`, `TRIGGER_GROUP`, `TRIGGER_STATE`) USING BTREE,
  CONSTRAINT `qrtz_triggers_ibfk_1` FOREIGN KEY (`SCHED_NAME`, `JOB_NAME`, `JOB_GROUP`) REFERENCES `qrtz_job_details` (`SCHED_NAME`, `JOB_NAME`, `JOB_GROUP`) ON DELETE RESTRICT ON UPDATE RESTRICT
) ENGINE = InnoDB CHARACTER SET = utf8 COLLATE = utf8_general_ci ROW_FORMAT = Compact;

-- ----------------------------
-- Records of qrtz_triggers
-- ----------------------------
INSERT INTO `qrtz_triggers` VALUES ('quartzScheduler', '6da64b5bd2ee-b25a5504-b399-4544-b8a1-88527f30635a', 'DEFAULT', 'test2', 'DEFAULT', NULL, 1652008585000, 1652008560000, 5, 'WAITING', 'CRON', 1646790322000, 0, NULL, 0, '');
INSERT INTO `qrtz_triggers` VALUES ('quartzScheduler', 'trigger1', 'DEFAULT', 'job1', 'DEFAULT', NULL, 1652008565000, 1652008560000, 5, 'ACQUIRED', 'CRON', 1652008051000, 0, NULL, 0, '');
INSERT INTO `qrtz_triggers` VALUES ('quartzScheduler', 'trigger3', 'DEFAULT', 'SysLogDeleteJob', 'DEFAULT', NULL, 1652029200000, -1, 5, 'WAITING', 'CRON', 1652008051000, 0, NULL, 0, '');

-- ----------------------------
-- Table structure for sys_config
-- ----------------------------
DROP TABLE IF EXISTS `sys_config`;
CREATE TABLE `sys_config`  (
  `Id_` bigint(20) UNSIGNED NOT NULL,
  `ConfigName_` varchar(255) CHARACTER SET utf8 COLLATE utf8_general_ci NULL DEFAULT NULL COMMENT '配置名称',
  `ConfigKey_` varchar(64) CHARACTER SET utf8 COLLATE utf8_general_ci NULL DEFAULT NULL COMMENT '配置键名',
  `ConfigValue_` varchar(64) CHARACTER SET utf8 COLLATE utf8_general_ci NULL DEFAULT NULL COMMENT '配置键值',
  `SystemIn_` bit(1) NULL DEFAULT NULL COMMENT '系统内置(内置的不允许删除和修改ConfigKey_)',
  `Remark_` varchar(255) CHARACTER SET utf8 COLLATE utf8_general_ci NULL DEFAULT NULL COMMENT '备注',
  `UpdateTime_` datetime NULL DEFAULT NULL COMMENT '最后更新时间',
  PRIMARY KEY (`Id_`) USING BTREE,
  UNIQUE INDEX `ConfigKey_`(`ConfigKey_`) USING BTREE
) ENGINE = InnoDB CHARACTER SET = utf8 COLLATE = utf8_general_ci ROW_FORMAT = Compact;

-- ----------------------------
-- Records of sys_config
-- ----------------------------
INSERT INTO `sys_config` VALUES (0, '系统日志级别', 'logback_log_level', 'DEBUG', b'1', '可修改级别：TRACE|DEBUG|INFO|WARN|ERROR', '2022-03-18 17:33:22');

-- ----------------------------
-- Table structure for sys_dept
-- ----------------------------
DROP TABLE IF EXISTS `sys_dept`;
CREATE TABLE `sys_dept`  (
  `Id_` bigint(20) UNSIGNED NOT NULL COMMENT 'PK',
  `DeptName_` varchar(64) CHARACTER SET utf8 COLLATE utf8_general_ci NULL DEFAULT NULL COMMENT '部门名称',
  `DeptCode_` varchar(64) CHARACTER SET utf8 COLLATE utf8_general_ci NULL DEFAULT NULL COMMENT '部门编码',
  `ParentId_` bigint(20) UNSIGNED NULL DEFAULT NULL COMMENT '父节点ID',
  `Expanded_` bit(1) NULL DEFAULT NULL COMMENT '是否展开',
  `Index_` tinyint(3) UNSIGNED NULL DEFAULT NULL COMMENT '顺序',
  `Leaf_` bit(1) NULL DEFAULT NULL COMMENT '是否叶子',
  `Stop_` bit(1) NULL DEFAULT NULL COMMENT '是否停用',
  `CreateTime_` datetime NULL DEFAULT NULL COMMENT '创建时间',
  PRIMARY KEY (`Id_`) USING BTREE,
  INDEX `DeptCode_`(`DeptCode_`) USING BTREE,
  INDEX `ParentId_`(`ParentId_`) USING BTREE,
  INDEX `Index_`(`Index_`) USING BTREE
) ENGINE = InnoDB CHARACTER SET = utf8 COLLATE = utf8_general_ci COMMENT = '系统部门表' ROW_FORMAT = DYNAMIC;

-- ----------------------------
-- Records of sys_dept
-- ----------------------------
INSERT INTO `sys_dept` VALUES (747132708441958888, '研发部', 'YF', 0, b'1', 0, b'0', b'0', '2022-01-18 09:32:57');
INSERT INTO `sys_dept` VALUES (749260359927468035, '测试部', 'CS', 0, b'1', 1, b'0', b'0', '2022-01-18 10:18:44');
INSERT INTO `sys_dept` VALUES (749260493574770692, '产品部', 'CP', 0, b'1', 2, b'0', b'0', '2022-01-18 10:18:41');
INSERT INTO `sys_dept` VALUES (749260548172025861, '产品1', 'CP001', 749260493574770692, b'0', 0, b'1', b'1', '2022-01-18 10:18:37');
INSERT INTO `sys_dept` VALUES (749260637426814982, '产品2', 'CP002', 749260493574770692, b'0', 1, b'1', b'0', '2022-01-18 10:18:37');
INSERT INTO `sys_dept` VALUES (749262890065858563, '产品3', 'CP003', 749260493574770692, b'0', 2, b'1', b'0', '2022-01-18 10:18:37');
INSERT INTO `sys_dept` VALUES (751508351086628880, '测试2', 'CS01', 749260359927468035, b'0', 1, b'1', b'0', '2022-01-24 15:01:59');
INSERT INTO `sys_dept` VALUES (751508470607515665, '测试1', 'CS02', 749260359927468035, b'0', 0, b'1', b'0', '2022-01-24 15:01:59');
INSERT INTO `sys_dept` VALUES (751508587746037778, '运营部', 'YY', 0, b'1', 3, b'0', b'0', '2022-01-24 15:02:58');
INSERT INTO `sys_dept` VALUES (751508719753367571, '运营1', 'YY01', 751508587746037778, b'0', 1, b'1', b'0', '2022-01-24 15:02:58');
INSERT INTO `sys_dept` VALUES (751508757799899156, '运营2', 'YY02', 751508587746037778, b'0', 0, b'1', b'0', '2022-01-24 15:02:58');
INSERT INTO `sys_dept` VALUES (751944880695152659, 'JAVA后端', 'YF-JAVA', 747132708441958888, b'0', 0, b'1', b'0', '2022-01-25 19:56:29');
INSERT INTO `sys_dept` VALUES (751944945337765908, 'VUE前段', 'YF-VUE', 747132708441958888, b'0', 1, b'0', b'0', '2022-01-25 19:56:29');
INSERT INTO `sys_dept` VALUES (751944994742472725, 'EXT后台', 'YF-EXT', 747132708441958888, b'0', 2, b'1', b'0', '2022-01-25 19:56:29');

-- ----------------------------
-- Table structure for sys_dic
-- ----------------------------
DROP TABLE IF EXISTS `sys_dic`;
CREATE TABLE `sys_dic`  (
  `Id_` bigint(20) UNSIGNED NOT NULL COMMENT 'PK',
  `SysDicTypeId_` bigint(20) UNSIGNED NULL DEFAULT NULL COMMENT '字典类型ID',
  `SysDicTypeCode_` varchar(64) CHARACTER SET utf8 COLLATE utf8_general_ci NULL DEFAULT NULL COMMENT '字典类型编码',
  `Name_` varchar(64) CHARACTER SET utf8 COLLATE utf8_general_ci NULL DEFAULT NULL COMMENT '字典名称',
  `Code_` varchar(64) CHARACTER SET utf8 COLLATE utf8_general_ci NULL DEFAULT NULL COMMENT '字典编码',
  `Index_` tinyint(3) UNSIGNED NULL DEFAULT NULL COMMENT '字典顺序',
  `ParentId_` bigint(20) UNSIGNED NOT NULL COMMENT '父字典ID',
  `Leaf_` bit(1) NULL DEFAULT NULL COMMENT '是否叶子节点',
  `Expanded_` bit(1) NULL DEFAULT NULL COMMENT '是否展开',
  `Stop_` bit(1) NULL DEFAULT NULL COMMENT '是否停用',
  PRIMARY KEY (`Id_`) USING BTREE,
  INDEX `Index_`(`Index_`) USING BTREE,
  INDEX `SysDicTypeId_`(`SysDicTypeId_`) USING BTREE,
  INDEX `SysDicTypeCode_`(`SysDicTypeCode_`) USING BTREE
) ENGINE = InnoDB CHARACTER SET = utf8 COLLATE = utf8_general_ci ROW_FORMAT = DYNAMIC;

-- ----------------------------
-- Records of sys_dic
-- ----------------------------
INSERT INTO `sys_dic` VALUES (749323348466601989, 749277353066237956, 'DIC_SEX', '男性', 'M', 0, 0, b'1', b'0', b'0');
INSERT INTO `sys_dic` VALUES (749323363398324230, 749277353066237956, 'DIC_SEX', '女性', 'W', 1, 0, b'1', b'0', b'0');
INSERT INTO `sys_dic` VALUES (749325614292537347, 749278880535285770, 'DIC_GOODS_TYPE', '类别A', 'A', 0, 0, b'0', b'1', b'0');
INSERT INTO `sys_dic` VALUES (749325636841115652, 749278880535285770, 'DIC_GOODS_TYPE', '类别A-1', 'A-1', 1, 749325614292537347, b'1', b'0', b'0');
INSERT INTO `sys_dic` VALUES (749326093856673799, 749278880535285770, 'DIC_GOODS_TYPE', '类别A-2', 'A-2', 2, 749325614292537347, b'1', b'0', b'0');
INSERT INTO `sys_dic` VALUES (749326177939886088, 749278880535285770, 'DIC_GOODS_TYPE', '类别A-0', 'A-0', 0, 749325614292537347, b'1', b'0', b'0');
INSERT INTO `sys_dic` VALUES (752608070210818057, 749354125283692557, 'DIC_TEST_1', '字典1', 'ZD-1', 0, 0, b'1', b'0', b'0');
INSERT INTO `sys_dic` VALUES (752608114670440458, 749354125283692557, 'DIC_TEST_1', '字典2', 'ZD-2', 1, 0, b'1', b'0', b'0');
INSERT INTO `sys_dic` VALUES (752608206009798667, 749354125283692557, 'DIC_TEST_1', '字典3', 'ZD-3', 2, 0, b'1', b'0', b'0');
INSERT INTO `sys_dic` VALUES (752608208991948812, 749354125283692557, 'DIC_TEST_1', '字典4', 'ZD-4', 3, 0, b'1', b'0', b'0');
INSERT INTO `sys_dic` VALUES (752608314117984269, 749281012416122883, 'DIC_MESSAGE_TYPE', '操作日志', 'sys_log_mainview', 0, 0, b'1', b'0', b'0');
INSERT INTO `sys_dic` VALUES (752608378810929166, 749281012416122883, 'DIC_MESSAGE_TYPE', '用户消息', 'sys_user_mainview', 1, 0, b'1', b'0', b'0');
INSERT INTO `sys_dic` VALUES (754823069075378196, 749281012416122883, 'DIC_MESSAGE_TYPE', '订单消息', '', 2, 0, b'1', b'0', b'0');
INSERT INTO `sys_dic` VALUES (757763899020939818, 749278880535285770, 'DIC_GOODS_TYPE', '类别B', 'B', 1, 0, b'0', b'1', b'0');
INSERT INTO `sys_dic` VALUES (757763948371120683, 749278880535285770, 'DIC_GOODS_TYPE', '类别B-0', 'B-0', 0, 757763899020939818, b'1', b'0', b'0');
INSERT INTO `sys_dic` VALUES (757763981875221036, 749278880535285770, 'DIC_GOODS_TYPE', '类别B-1', 'B-1', 1, 757763899020939818, b'1', b'0', b'0');
INSERT INTO `sys_dic` VALUES (758747251488198816, 758747149147181215, 'DIC_CITY', '辽宁省', '', 0, 0, b'0', b'1', b'0');
INSERT INTO `sys_dic` VALUES (758747276691771553, 758747149147181215, 'DIC_CITY', '吉林省', '', 1, 0, b'0', b'1', b'0');
INSERT INTO `sys_dic` VALUES (758747306005762210, 758747149147181215, 'DIC_CITY', '广东省', '', 2, 0, b'0', b'1', b'0');
INSERT INTO `sys_dic` VALUES (758747448012312744, 758747149147181215, 'DIC_CITY', '沈阳市', '', 0, 758747251488198816, b'1', b'0', b'0');
INSERT INTO `sys_dic` VALUES (758747468308549801, 758747149147181215, 'DIC_CITY', '抚顺市', '', 1, 758747251488198816, b'1', b'0', b'0');
INSERT INTO `sys_dic` VALUES (758747483869417642, 758747149147181215, 'DIC_CITY', '本溪市', '', 2, 758747251488198816, b'1', b'0', b'0');
INSERT INTO `sys_dic` VALUES (758747503964328107, 758747149147181215, 'DIC_CITY', '铁岭市', '', 3, 758747251488198816, b'1', b'0', b'0');
INSERT INTO `sys_dic` VALUES (758747579998671022, 749277688044326917, 'DIC_POSITION_TYPE', '研发经理', '', 0, 0, b'1', b'0', b'0');
INSERT INTO `sys_dic` VALUES (758747609274912943, 749277688044326917, 'DIC_POSITION_TYPE', '产品经理', '', 1, 0, b'1', b'0', b'0');
INSERT INTO `sys_dic` VALUES (758747628203806896, 749277688044326917, 'DIC_POSITION_TYPE', '销售经理', '', 2, 0, b'1', b'0', b'0');
INSERT INTO `sys_dic` VALUES (758781263829143957, 749281012416122883, 'DIC_MESSAGE_TYPE', '设备告警', '', 3, 0, b'1', b'0', b'0');
INSERT INTO `sys_dic` VALUES (758843610044174812, 749278880535285770, 'DIC_GOODS_TYPE', '类别C', 'C', 2, 0, b'0', b'1', b'0');
INSERT INTO `sys_dic` VALUES (758843646656254429, 749278880535285770, 'DIC_GOODS_TYPE', '类别C-0', 'C-0', 0, 758843610044174812, b'1', b'0', b'0');
INSERT INTO `sys_dic` VALUES (758843684346270174, 749278880535285770, 'DIC_GOODS_TYPE', '类别C-1', 'C-1', 1, 758843610044174812, b'1', b'0', b'0');
INSERT INTO `sys_dic` VALUES (760570856073205791, 758747149147181215, 'DIC_CITY', '广州市', '', 0, 758747306005762210, b'1', b'0', b'0');
INSERT INTO `sys_dic` VALUES (760570893612226592, 758747149147181215, 'DIC_CITY', '惠州市', '', 1, 758747306005762210, b'1', b'0', b'0');
INSERT INTO `sys_dic` VALUES (760571818338818081, 758747149147181215, 'DIC_CITY', '吉林市', '', 0, 758747276691771553, b'1', b'0', b'0');
INSERT INTO `sys_dic` VALUES (760571845891201058, 758747149147181215, 'DIC_CITY', '白城市', '', 1, 758747276691771553, b'1', b'0', b'0');
INSERT INTO `sys_dic` VALUES (762053514817048602, 749354192228978702, 'DIC_TEST_2', '输入类别名称', '', 0, 0, b'1', b'0', b'0');
INSERT INTO `sys_dic` VALUES (762053520919760923, 749354192228978702, 'DIC_TEST_2', '输入类别名称', '', 1, 0, b'1', b'0', b'0');

-- ----------------------------
-- Table structure for sys_dictype
-- ----------------------------
DROP TABLE IF EXISTS `sys_dictype`;
CREATE TABLE `sys_dictype`  (
  `Id_` bigint(20) UNSIGNED NOT NULL COMMENT 'PK',
  `Name_` varchar(64) CHARACTER SET utf8 COLLATE utf8_general_ci NULL DEFAULT NULL COMMENT '字典名称',
  `Code_` varchar(64) CHARACTER SET utf8 COLLATE utf8_general_ci NULL DEFAULT NULL COMMENT '字典编码',
  `Type_` varchar(64) CHARACTER SET utf8 COLLATE utf8_general_ci NULL DEFAULT NULL COMMENT '字典类型',
  `Index_` tinyint(3) UNSIGNED NULL DEFAULT NULL COMMENT '字典顺序',
  `ParentId_` bigint(20) UNSIGNED NOT NULL COMMENT '父字典ID',
  `Leaf_` bit(1) NULL DEFAULT NULL COMMENT '是否叶子节点',
  `Expanded_` bit(1) NULL DEFAULT NULL COMMENT '是否展开',
  `Stop_` bit(1) NULL DEFAULT NULL COMMENT '是否停用',
  PRIMARY KEY (`Id_`) USING BTREE,
  INDEX `Index_`(`Index_`) USING BTREE
) ENGINE = InnoDB CHARACTER SET = utf8 COLLATE = utf8_general_ci ROW_FORMAT = DYNAMIC;

-- ----------------------------
-- Records of sys_dictype
-- ----------------------------
INSERT INTO `sys_dictype` VALUES (749277353066237956, '性别字典', 'DIC_SEX', 'combo', 0, 749278719348183046, b'1', b'0', b'0');
INSERT INTO `sys_dictype` VALUES (749277688044326917, '职位类型', 'DIC_POSITION_TYPE', 'combo', 1, 749278719348183046, b'1', b'0', b'0');
INSERT INTO `sys_dictype` VALUES (749278719348183046, '系统字典', '', NULL, 0, 0, b'0', b'1', b'0');
INSERT INTO `sys_dictype` VALUES (749278846607560713, '业务字典', '', NULL, 1, 0, b'0', b'1', b'0');
INSERT INTO `sys_dictype` VALUES (749278880535285770, '商品类型1', 'DIC_GOODS_TYPE', 'tree', 0, 749278846607560713, b'1', b'0', b'0');
INSERT INTO `sys_dictype` VALUES (749281012416122883, '消息类型2', 'DIC_MESSAGE_TYPE', 'combo', 1, 749278846607560713, b'1', b'0', b'0');
INSERT INTO `sys_dictype` VALUES (749354050289537036, '前台字典', '', 'combo', 2, 0, b'0', b'1', b'0');
INSERT INTO `sys_dictype` VALUES (749354125283692557, '测试1', 'DIC_TEST_1', 'combo', 1, 749354050289537036, b'1', b'0', b'0');
INSERT INTO `sys_dictype` VALUES (749354192228978702, '测试2', 'DIC_TEST_2', 'combo', 0, 749354050289537036, b'1', b'0', b'0');
INSERT INTO `sys_dictype` VALUES (756858307595079710, '测试3', 'DIC_TEST_3', 'combo', 2, 749354050289537036, b'1', b'0', b'0');
INSERT INTO `sys_dictype` VALUES (758747149147181215, '城市字典3', 'DIC_CITY', 'tree', 2, 749278846607560713, b'1', b'0', b'0');

-- ----------------------------
-- Table structure for sys_generator
-- ----------------------------
DROP TABLE IF EXISTS `sys_generator`;
CREATE TABLE `sys_generator`  (
  `Id_` bigint(20) UNSIGNED NOT NULL COMMENT '主键PK',
  `StringVal1_` varchar(64) CHARACTER SET utf8 COLLATE utf8_general_ci NULL DEFAULT NULL COMMENT '字符串1',
  `StringVal2_` varchar(255) CHARACTER SET utf8 COLLATE utf8_general_ci NULL DEFAULT NULL COMMENT '字符串2',
  `SysDicSexId_` bigint(20) NULL DEFAULT NULL COMMENT '字典(性别)ID',
  `SysDicCityId_` bigint(20) NULL DEFAULT NULL COMMENT '字典(城市)ID',
  `IntVal1_` int(10) UNSIGNED NULL DEFAULT NULL COMMENT '数值1',
  `IntVal2_` int(11) NULL DEFAULT NULL COMMENT '数值2',
  `DateVal_` date NULL DEFAULT NULL COMMENT '日期类型',
  `BooleanVal_` bit(1) NULL DEFAULT NULL COMMENT '布尔类型',
  PRIMARY KEY (`Id_`) USING BTREE
) ENGINE = InnoDB CHARACTER SET = utf8 COLLATE = utf8_general_ci ROW_FORMAT = DYNAMIC;

-- ----------------------------
-- Records of sys_generator
-- ----------------------------
INSERT INTO `sys_generator` VALUES (751494463335043080, '222', '222', 749323348466601989, 758747468308549801, 222, 3333, '2022-01-24', b'1');
INSERT INTO `sys_generator` VALUES (760578017172002901, 'aaaa', 'bbb', 749323348466601989, 758747448012312744, 111, 222, '2022-02-18', b'1');
INSERT INTO `sys_generator` VALUES (760581670637279343, 'bbb', 'bbb', 749323363398324230, 758747448012312744, 33, 33, '2022-02-18', b'0');
INSERT INTO `sys_generator` VALUES (761650568455393380, '222', '333', 749323363398324230, 758747448012312744, 22, 33, '2022-02-21', b'1');

-- ----------------------------
-- Table structure for sys_log
-- ----------------------------
DROP TABLE IF EXISTS `sys_log`;
CREATE TABLE `sys_log`  (
  `Id_` bigint(20) UNSIGNED NOT NULL COMMENT 'PK',
  `LogTime_` datetime NULL DEFAULT NULL COMMENT '记录时间',
  `RequestHost_` varchar(32) CHARACTER SET utf8 COLLATE utf8_general_ci NULL DEFAULT NULL COMMENT '请求IP',
  `RequestUrl_` varchar(255) CHARACTER SET utf8 COLLATE utf8_general_ci NULL DEFAULT NULL COMMENT '请求路径',
  `ActionName_` varchar(64) CHARACTER SET utf8 COLLATE utf8_general_ci NULL DEFAULT NULL COMMENT '操作名称',
  `RequestMethod_` varchar(10) CHARACTER SET utf8 COLLATE utf8_general_ci NULL DEFAULT NULL COMMENT 'Http方式',
  `RequestParams_` varchar(512) CHARACTER SET utf8 COLLATE utf8_general_ci NULL DEFAULT NULL COMMENT '请求参数JSON',
  `RunTime_` int(11) UNSIGNED NULL DEFAULT NULL COMMENT '执行时间毫秒',
  `ReturnValue_` varchar(2048) CHARACTER SET utf8 COLLATE utf8_general_ci NULL DEFAULT NULL COMMENT '返回结果JSON',
  `Exception_` bit(1) NULL DEFAULT NULL COMMENT '是否异常',
  `ExceptionClass_` varchar(255) CHARACTER SET utf8 COLLATE utf8_general_ci NULL DEFAULT NULL COMMENT '异常类型',
  `UserId_` bigint(20) UNSIGNED NULL DEFAULT NULL COMMENT '用户ID',
  `UserName_` varchar(32) CHARACTER SET utf8 COLLATE utf8_general_ci NULL DEFAULT NULL COMMENT '用户行吗',
  PRIMARY KEY (`Id_`) USING BTREE,
  INDEX `LogTime_`(`LogTime_`) USING BTREE,
  INDEX `UserId_`(`UserId_`) USING BTREE,
  INDEX `RequestUrl_`(`RequestUrl_`) USING BTREE
) ENGINE = InnoDB CHARACTER SET = utf8 COLLATE = utf8_general_ci ROW_FORMAT = Compact;

-- ----------------------------
-- Records of sys_log
-- ----------------------------
INSERT INTO `sys_log` VALUES (754036963413200898, '2022-01-31 14:28:58', '127.0.0.1', '/yinxing-web/AppController/systemInfo', '获取系统运行信息', 'GET', '{\"id\":\"1234\"}', 1045, '{\"cpu\":{\"cpuNum\":8,\"free\":92.21,\"sys\":1.76,\"total\":799800.0,\"used\":5.45,\"wait\":0.0},\"jvm\":{\"free\":214.93,\"home\":\"C:\\\\Java\\\\jdk-11.0.10\",\"max\":4068.0,\"name\":\"Java HotSpot(TM) 64-Bit Server VM\",\"runTime\":\"0天0小时0分钟\",\"startTime\":\"2022-01-31 14:28:40\",\"total\":308.0,\"usage\":30.22,\"used\":93.07,\"version\":\"11.0.10\"},\"mem\":{\"free\":4.69,\"total\":15.89,\"usage\":70.47,\"used\":11.2},\"sys\":{\"computerIp\":\"192.168.80.1\",\"computerName\":\"DESKTOP-UL11U4C\",\"osArch\":\"amd64\",\"osName\":\"Windows 10\",\"userDir\":\"D:\\\\IdeaProject\\\\YinXing\"},\"sysFiles\":[{\"dirName\":\"C:\\\\\",\"free\":\"69.4 GB\",\"sysTypeName\":\"NTFS\",\"total\":\"140.2 GB\",\"typeName\":\"本地固定磁盘 (C:)\",\"usage\":50.47,\"used\":\"70.7 GB\"},{\"dirName\":\"D:\\\\\",\"free\":\"67.7 GB\",\"sysTypeName\":\"NTFS\",\"total\":\"97.7 GB\",\"typeName\":\"本地固定磁盘 (D:)\",\"usage\":30.69,\"used\":\"30.0 GB\"}]}', b'0', '', NULL, NULL);
INSERT INTO `sys_log` VALUES (754320904078626818, '2022-02-01 09:17:14', '192.168.80.1', '/yinxing-web/AppController/login', '登录系统', 'POST', '{\"username\":\"admin123\",\"password\":\"123456\"}', 99, '{\"authToken\":\"ff329197-333b-43b9-b8f3-5a8ba489806d\",\"jwtToken\":\"eyJ0eXAiOiJKV1QiLCJhbGciOiJIUzI1NiJ9.eyJleHAiOjE2NDQ5NzQyMzQsInVzZXJuYW1lIjoiYWRtaW4xMjMifQ.V7jL6OW0sr3JCVYLelg4gazl0Yew7v1ey9G2vWtsgJw\",\"loginTime\":1643678234212,\"permissions\":[\"/AppController/getUserInfo\",\"/AppController/logout\",\"/AppController/passwordReset\"],\"profile\":\"https://pfks-oss-center.oss-cn-beijing.aliyuncs.com/751544757301415940.png\",\"roles\":[\"common\",\"admin\"],\"userHost\":\"192.168.80.1\",\"userId\":749058260664978888,\"username\":\"系统管理员\"}', b'0', '', 749058260664978888, '系统管理员');
INSERT INTO `sys_log` VALUES (754334571528589314, '2022-02-01 10:11:33', '192.168.80.1', '/yinxing-web/AppController/login', '登录系统', 'POST', '{\"username\":\"admin123\",\"password\":\"123456\"}', 97, '{\"authToken\":\"86e12c0b-aab9-4446-b00d-7bae52e4949c\",\"jwtToken\":\"eyJ0eXAiOiJKV1QiLCJhbGciOiJIUzI1NiJ9.eyJleHAiOjE2NDQ5Nzc0OTIsInVzZXJuYW1lIjoiYWRtaW4xMjMifQ.BDstOkMk5nRvtLEVEVgjGX9BFvPUCnORF1eMFgzsVew\",\"loginTime\":1643681492798,\"permissions\":[\"/AppController/getUserInfo\",\"/AppController/logout\",\"/AppController/passwordReset\"],\"profile\":\"https://pfks-oss-center.oss-cn-beijing.aliyuncs.com/751544757301415940.png\",\"roles\":[\"common\",\"admin\"],\"userHost\":\"192.168.80.1\",\"userId\":749058260664978888,\"username\":\"系统管理员\"}', b'0', '', 749058260664978888, '系统管理员');
INSERT INTO `sys_log` VALUES (754353601463324674, '2022-02-01 11:27:10', '192.168.80.1', '/yinxing-web/AppController/login', '登录系统', 'POST', '{\"username\":\"admin123\",\"password\":\"123456\"}', 91, '{\"authToken\":\"489d9e6a-3963-4169-a527-970b4268d783\",\"jwtToken\":\"eyJ0eXAiOiJKV1QiLCJhbGciOiJIUzI1NiJ9.eyJleHAiOjE2NDQ5ODIwMjksInVzZXJuYW1lIjoiYWRtaW4xMjMifQ.G1c-rAMZVSJrR-x85CZ4U2UcVqcsqrVjNpEn2prT3Os\",\"loginTime\":1643686029901,\"permissions\":[\"/AppController/getUserInfo\",\"/AppController/logout\",\"/AppController/passwordReset\"],\"profile\":\"https://pfks-oss-center.oss-cn-beijing.aliyuncs.com/751544757301415940.png\",\"roles\":[\"common\",\"admin\"],\"userHost\":\"192.168.80.1\",\"userId\":749058260664978888,\"username\":\"系统管理员\"}', b'0', '无', 749058260664978888, '系统管理员');
INSERT INTO `sys_log` VALUES (754354491310084099, '2022-02-01 11:30:42', '192.168.80.1', '/yinxing-web/AppController/login', '登录系统', 'POST', '{\"username\":\"admin123\",\"password\":\"123456\"}', 83, '{\"authToken\":\"fb7b5e3f-4832-40d6-8af3-b2c3f55a5f15\",\"jwtToken\":\"eyJ0eXAiOiJKV1QiLCJhbGciOiJIUzI1NiJ9.eyJleHAiOjE2NDQ5ODIyNDIsInVzZXJuYW1lIjoiYWRtaW4xMjMifQ.DFSk_9u2mSgeV3j6iFO_jYW0X9b1aOMwAjPfLWIO1Xg\",\"loginTime\":1643686242160,\"permissions\":[\"/AppController/getUserInfo\",\"/AppController/logout\",\"/AppController/passwordReset\"],\"profile\":\"https://pfks-oss-center.oss-cn-beijing.aliyuncs.com/751544757301415940.png\",\"roles\":[\"common\",\"admin\"],\"userHost\":\"192.168.80.1\",\"userId\":749058260664978888,\"username\":\"系统管理员\"}', b'0', '无', 749058260664978888, '系统管理员');
INSERT INTO `sys_log` VALUES (754355589009772546, '2022-02-01 11:35:04', '192.168.80.1', '/yinxing-web/AppController/login', '登录系统', 'POST', '{\"username\":\"admin123\",\"password\":\"123456\"}', 94, '{\"authToken\":\"af3ed475-7e9d-4eb4-a57c-f1260c0da90d\",\"jwtToken\":\"eyJ0eXAiOiJKV1QiLCJhbGciOiJIUzI1NiJ9.eyJleHAiOjE2NDQ5ODI1MDMsInVzZXJuYW1lIjoiYWRtaW4xMjMifQ.xHRMSxEv39_y-jXrPrOjQ97ArVTy6zsnhjEnTS-Y6a0\",\"loginTime\":1643686503756,\"permissions\":[\"/AppController/getUserInfo\",\"/AppController/logout\",\"/AppController/passwordReset\"],\"profile\":\"https://pfks-oss-center.oss-cn-beijing.aliyuncs.com/751544757301415940.png\",\"roles\":[\"common\",\"admin\"],\"userHost\":\"192.168.80.1\",\"userId\":749058260664978888,\"username\":\"系统管理员\"}', b'0', '无', 749058260664978888, '系统管理员');
INSERT INTO `sys_log` VALUES (754363765432127490, '2022-02-01 12:07:33', '192.168.80.1', '/yinxing-web/AppController/login', '登录系统', 'POST', '{\"username\":\"admin123\",\"password\":\"123456\"}', 98, '{\"authToken\":\"d752cac6-f26f-4b81-8373-b996f29ab5b2\",\"jwtToken\":\"eyJ0eXAiOiJKV1QiLCJhbGciOiJIUzI1NiJ9.eyJleHAiOjE2NDQ5ODQ0NTMsInVzZXJuYW1lIjoiYWRtaW4xMjMifQ.Cn0rrZsOsVc5FUg3J5PrMdoe7nGhCzf4QK7lHXi6rmk\",\"loginTime\":1643688453158,\"permissions\":[\"/AppController/getUserInfo\",\"/AppController/logout\",\"/AppController/passwordReset\"],\"profile\":\"https://pfks-oss-center.oss-cn-beijing.aliyuncs.com/751544757301415940.png\",\"roles\":[\"common\",\"admin\"],\"userHost\":\"192.168.80.1\",\"userId\":749058260664978888,\"username\":\"系统管理员\"}', b'0', '无', 749058260664978888, '系统管理员');
INSERT INTO `sys_log` VALUES (754365350556078081, '2022-02-01 12:13:51', '127.0.0.1', '/yinxing-web/AppController/systemInfo', '获取系统运行信息', 'GET', '{\"id\":\"1234\"}', 2014, '{\"cpu\":{\"cpuNum\":8,\"free\":90.94,\"sys\":2.84,\"total\":824700.0,\"used\":5.65,\"wait\":0.0},\"jvm\":{\"free\":232.12,\"home\":\"C:\\\\Java\\\\jdk-11.0.10\",\"max\":4068.0,\"name\":\"Java HotSpot(TM) 64-Bit Server VM\",\"runTime\":\"0天0小时-1分钟\",\"startTime\":\"2022-02-01 12:11:57\",\"total\":308.0,\"usage\":24.64,\"used\":75.88,\"version\":\"11.0.10\"},\"mem\":{\"free\":3.01,\"total\":15.89,\"usage\":81.04,\"used\":12.87},\"sys\":{\"computerIp\":\"192.168.80.1\",\"computerName\":\"DESKTOP-UL11U4C\",\"osArch\":\"amd64\",\"osName\":\"Windows 10\",\"userDir\":\"D:\\\\IdeaProject\\\\YinXing\"},\"sysFiles\":[{\"dirName\":\"C:\\\\\",\"free\":\"70.1 GB\",\"sysTypeName\":\"NTFS\",\"total\":\"140.2 GB\",\"typeName\":\"本地固定磁盘 (C:)\",\"usage\":50.0,\"used\":\"70.1 GB\"},{\"dirName\":\"D:\\\\\",\"free\":\"67.6 GB\",\"sysTypeName\":\"NTFS\",\"total\":\"97.7 GB\",\"typeName\":\"本地固定磁盘 (D:)\",\"usage\":30.74,\"used\":\"30.0 GB\"}]}', b'0', '无', NULL, NULL);
INSERT INTO `sys_log` VALUES (754365358261014530, '2022-02-01 12:13:53', '127.0.0.1', '/yinxing-web/AppController/systemInfo', '获取系统运行信息', 'GET', '{\"id\":\"1234\"}', 1059, '{\"cpu\":{\"cpuNum\":8,\"free\":91.91,\"sys\":1.92,\"total\":812500.0,\"used\":6.17,\"wait\":0.0},\"jvm\":{\"free\":202.87,\"home\":\"C:\\\\Java\\\\jdk-11.0.10\",\"max\":4068.0,\"name\":\"Java HotSpot(TM) 64-Bit Server VM\",\"runTime\":\"0天0小时-1分钟\",\"startTime\":\"2022-02-01 12:11:57\",\"total\":308.0,\"usage\":34.13,\"used\":105.13,\"version\":\"11.0.10\"},\"mem\":{\"free\":2.98,\"total\":15.89,\"usage\":81.25,\"used\":12.91},\"sys\":{\"computerIp\":\"192.168.80.1\",\"computerName\":\"DESKTOP-UL11U4C\",\"osArch\":\"amd64\",\"osName\":\"Windows 10\",\"userDir\":\"D:\\\\IdeaProject\\\\YinXing\"},\"sysFiles\":[{\"dirName\":\"C:\\\\\",\"free\":\"70.1 GB\",\"sysTypeName\":\"NTFS\",\"total\":\"140.2 GB\",\"typeName\":\"本地固定磁盘 (C:)\",\"usage\":50.0,\"used\":\"70.1 GB\"},{\"dirName\":\"D:\\\\\",\"free\":\"67.6 GB\",\"sysTypeName\":\"NTFS\",\"total\":\"97.7 GB\",\"typeName\":\"本地固定磁盘 (D:)\",\"usage\":30.74,\"used\":\"30.0 GB\"}]}', b'0', '无', NULL, NULL);
INSERT INTO `sys_log` VALUES (754365365496188931, '2022-02-01 12:13:55', '127.0.0.1', '/yinxing-web/AppController/systemInfo', '获取系统运行信息', 'GET', '{\"id\":\"1234\"}', 1038, '{\"cpu\":{\"cpuNum\":8,\"free\":94.91,\"sys\":0.59,\"total\":799900.0,\"used\":4.11,\"wait\":0.0},\"jvm\":{\"free\":200.87,\"home\":\"C:\\\\Java\\\\jdk-11.0.10\",\"max\":4068.0,\"name\":\"Java HotSpot(TM) 64-Bit Server VM\",\"runTime\":\"0天0小时-1分钟\",\"startTime\":\"2022-02-01 12:11:57\",\"total\":308.0,\"usage\":34.78,\"used\":107.13,\"version\":\"11.0.10\"},\"mem\":{\"free\":2.99,\"total\":15.89,\"usage\":81.18,\"used\":12.9},\"sys\":{\"computerIp\":\"192.168.80.1\",\"computerName\":\"DESKTOP-UL11U4C\",\"osArch\":\"amd64\",\"osName\":\"Windows 10\",\"userDir\":\"D:\\\\IdeaProject\\\\YinXing\"},\"sysFiles\":[{\"dirName\":\"C:\\\\\",\"free\":\"70.1 GB\",\"sysTypeName\":\"NTFS\",\"total\":\"140.2 GB\",\"typeName\":\"本地固定磁盘 (C:)\",\"usage\":50.0,\"used\":\"70.1 GB\"},{\"dirName\":\"D:\\\\\",\"free\":\"67.6 GB\",\"sysTypeName\":\"NTFS\",\"total\":\"97.7 GB\",\"typeName\":\"本地固定磁盘 (D:)\",\"usage\":30.74,\"used\":\"30.0 GB\"}]}', b'0', '无', NULL, NULL);
INSERT INTO `sys_log` VALUES (754365372760723460, '2022-02-01 12:13:57', '127.0.0.1', '/yinxing-web/AppController/systemInfo', '获取系统运行信息', 'GET', '{\"id\":\"1234\"}', 1043, '{\"cpu\":{\"cpuNum\":8,\"free\":90.76,\"sys\":2.5,\"total\":812700.0,\"used\":6.36,\"wait\":0.0},\"jvm\":{\"free\":198.38,\"home\":\"C:\\\\Java\\\\jdk-11.0.10\",\"max\":4068.0,\"name\":\"Java HotSpot(TM) 64-Bit Server VM\",\"runTime\":\"0天0小时-1分钟\",\"startTime\":\"2022-02-01 12:11:57\",\"total\":308.0,\"usage\":35.59,\"used\":109.62,\"version\":\"11.0.10\"},\"mem\":{\"free\":2.99,\"total\":15.89,\"usage\":81.18,\"used\":12.9},\"sys\":{\"computerIp\":\"192.168.80.1\",\"computerName\":\"DESKTOP-UL11U4C\",\"osArch\":\"amd64\",\"osName\":\"Windows 10\",\"userDir\":\"D:\\\\IdeaProject\\\\YinXing\"},\"sysFiles\":[{\"dirName\":\"C:\\\\\",\"free\":\"70.1 GB\",\"sysTypeName\":\"NTFS\",\"total\":\"140.2 GB\",\"typeName\":\"本地固定磁盘 (C:)\",\"usage\":50.0,\"used\":\"70.1 GB\"},{\"dirName\":\"D:\\\\\",\"free\":\"67.6 GB\",\"sysTypeName\":\"NTFS\",\"total\":\"97.7 GB\",\"typeName\":\"本地固定磁盘 (D:)\",\"usage\":30.74,\"used\":\"30.0 GB\"}]}', b'0', '无', NULL, NULL);
INSERT INTO `sys_log` VALUES (754368997079781382, '2022-02-01 12:28:21', '192.168.80.1', '/yinxing-web/AppController/login', '登录系统', 'POST', '{\"username\":\"admin123\",\"password\":\"123456\"}', 87, '{\"authToken\":\"ba1be664-38e8-4a22-a589-65db10b79ed8\",\"jwtToken\":\"eyJ0eXAiOiJKV1QiLCJhbGciOiJIUzI1NiJ9.eyJleHAiOjE2NDQ5ODU3MDAsInVzZXJuYW1lIjoiYWRtaW4xMjMifQ.kDmzr9KIbjpweiFA4sEHOnB7deFmmxhOwa31UZuAWl8\",\"loginTime\":1643689700586,\"permissions\":[\"/AppController/getUserInfo\",\"/AppController/logout\",\"/AppController/passwordReset\"],\"profile\":\"https://pfks-oss-center.oss-cn-beijing.aliyuncs.com/751544757301415940.png\",\"roles\":[\"common\",\"admin\"],\"userHost\":\"192.168.80.1\",\"userId\":749058260664978888,\"username\":\"系统管理员\"}', b'0', '无', 749058260664978888, '系统管理员');
INSERT INTO `sys_log` VALUES (754372077800263689, '2022-02-01 12:40:35', '192.168.80.1', '/yinxing-web/AppController/logout', '退出登录', 'POST', '{}', 1, '\"退出登录成功\"', b'0', '无', NULL, NULL);
INSERT INTO `sys_log` VALUES (754397680763015171, '2022-02-01 14:22:19', '192.168.80.1', '/yinxing-web/AppController/logout', '退出登录', 'POST', '{}', 3, '\"退出登录成功\"', b'0', '无', NULL, NULL);
INSERT INTO `sys_log` VALUES (754397721619730437, '2022-02-01 14:22:29', '192.168.80.1', '/yinxing-web/AppController/login', '登录系统', 'POST', NULL, 109, '{\"authToken\":\"19532fbc-c1d7-43be-aacd-c446c48a9bcd\",\"jwtToken\":\"eyJ0eXAiOiJKV1QiLCJhbGciOiJIUzI1NiJ9.eyJleHAiOjE2NDQ5OTI1NDksInVzZXJuYW1lIjoiYWRtaW4xMjMifQ.VCEkznF2zws78SDjKjS--n2eRJgCHzyaREjRBqbCZ6g\",\"loginTime\":1643696549069,\"permissions\":[\"/AppController/getUserInfo\",\"/AppController/logout\",\"/AppController/passwordReset\"],\"profile\":\"https://pfks-oss-center.oss-cn-beijing.aliyuncs.com/751544757301415940.png\",\"roles\":[\"common\",\"admin\"],\"userHost\":\"192.168.80.1\",\"userId\":749058260664978888,\"username\":\"系统管理员\"}', b'0', '无', 749058260664978888, '系统管理员');
INSERT INTO `sys_log` VALUES (754401446484643841, '2022-02-01 14:37:17', '192.168.80.1', '/yinxing-web/AppController/login', '登录系统', 'POST', NULL, 150, '{\"authToken\":\"b3a3e6ad-873e-41fc-9896-1c900834f0f8\",\"jwtToken\":\"eyJ0eXAiOiJKV1QiLCJhbGciOiJIUzI1NiJ9.eyJleHAiOjE2NDQ5OTM0MzcsInVzZXJuYW1lIjoiYWRtaW4xMjMifQ.zh7T-qAmCK5G6WK0cpcRudQjjS65BqhN1H12BItLkxA\",\"loginTime\":1643697437014,\"permissions\":[\"/AppController/getUserInfo\",\"/AppController/logout\",\"/AppController/passwordReset\"],\"profile\":\"https://pfks-oss-center.oss-cn-beijing.aliyuncs.com/751544757301415940.png\",\"roles\":[\"common\",\"admin\"],\"userHost\":\"192.168.80.1\",\"userId\":749058260664978888,\"username\":\"系统管理员\"}', b'0', '无', 749058260664978888, '系统管理员');
INSERT INTO `sys_log` VALUES (754403999180001282, '2022-02-01 14:47:26', '192.168.80.1', '/yinxing-web/AppController/login', '登录系统', 'POST', NULL, 97, '{\"authToken\":\"b918a13f-1af6-4675-860a-5ab52d917169\",\"jwtToken\":\"eyJ0eXAiOiJKV1QiLCJhbGciOiJIUzI1NiJ9.eyJleHAiOjE2NDQ5OTQwNDUsInVzZXJuYW1lIjoiYWRtaW4xMjMifQ.KGTC6bMvKkD1q0FQJR34obuArH3ByOoPIgt28QNz3Iw\",\"loginTime\":1643698045629,\"permissions\":[\"/AppController/getUserInfo\",\"/AppController/logout\",\"/AppController/passwordReset\"],\"profile\":\"https://pfks-oss-center.oss-cn-beijing.aliyuncs.com/751544757301415940.png\",\"roles\":[\"common\",\"admin\"],\"userHost\":\"192.168.80.1\",\"userId\":749058260664978888,\"username\":\"系统管理员\"}', b'0', '无', 749058260664978888, '系统管理员');
INSERT INTO `sys_log` VALUES (754408070087577602, '2022-02-01 15:03:36', '192.168.80.1', '/yinxing-web/AppController/login', '登录系统', 'POST', NULL, 120, '{\"authToken\":\"118f6a83-8b37-4fcb-80b4-32e9551c5e36\",\"jwtToken\":\"eyJ0eXAiOiJKV1QiLCJhbGciOiJIUzI1NiJ9.eyJleHAiOjE2NDQ5OTUwMTYsInVzZXJuYW1lIjoiYWRtaW4xMjMifQ.KIhEbPNzTVHnLbdeA9klM8TTMHsBh3PXjQC0bTjZLME\",\"loginTime\":1643699016200,\"permissions\":[\"/AppController/getUserInfo\",\"/AppController/logout\",\"/AppController/passwordReset\"],\"profile\":\"https://pfks-oss-center.oss-cn-beijing.aliyuncs.com/751544757301415940.png\",\"roles\":[\"common\",\"admin\"],\"userHost\":\"192.168.80.1\",\"userId\":749058260664978888,\"username\":\"系统管理员\"}', b'0', '无', 749058260664978888, '系统管理员');
INSERT INTO `sys_log` VALUES (754408284055801858, '2022-02-01 15:04:27', '192.168.80.1', '/yinxing-web/AppController/login', '登录系统', 'POST', NULL, 114, '{\"authToken\":\"6a4b6253-9171-4b1b-86b8-ece0c948e5f6\",\"jwtToken\":\"eyJ0eXAiOiJKV1QiLCJhbGciOiJIUzI1NiJ9.eyJleHAiOjE2NDQ5OTUwNjcsInVzZXJuYW1lIjoiYWRtaW4xMjMifQ.7vRSxY41fjeWaVEejQaTNWKDWnZ1K4L7ABLgwPVCUVE\",\"loginTime\":1643699067222,\"permissions\":[\"/AppController/getUserInfo\",\"/AppController/logout\",\"/AppController/passwordReset\"],\"profile\":\"https://pfks-oss-center.oss-cn-beijing.aliyuncs.com/751544757301415940.png\",\"roles\":[\"common\",\"admin\"],\"userHost\":\"192.168.80.1\",\"userId\":749058260664978888,\"username\":\"系统管理员\"}', b'0', '无', 749058260664978888, '系统管理员');
INSERT INTO `sys_log` VALUES (754408552520617987, '2022-02-01 15:05:31', '192.168.80.1', '/yinxing-web/AppController/login', '登录系统', 'POST', NULL, 141, '{\"authToken\":\"6a4b6253-9171-4b1b-86b8-ece0c948e5f6\",\"jwtToken\":\"eyJ0eXAiOiJKV1QiLCJhbGciOiJIUzI1NiJ9.eyJleHAiOjE2NDQ5OTUxMzEsInVzZXJuYW1lIjoiYWRtaW4xMjMifQ.dmOBPuBWctZQqTxHAZKEDp8d35Hllkr9xyID0a8gokc\",\"loginTime\":1643699131342,\"permissions\":[\"/AppController/getUserInfo\",\"/AppController/logout\",\"/AppController/passwordReset\"],\"profile\":\"https://pfks-oss-center.oss-cn-beijing.aliyuncs.com/751544757301415940.png\",\"roles\":[\"common\",\"admin\"],\"userHost\":\"192.168.80.1\",\"userId\":749058260664978888,\"username\":\"系统管理员\"}', b'0', '无', 749058260664978888, '系统管理员');
INSERT INTO `sys_log` VALUES (754409359907360772, '2022-02-01 15:08:44', '192.168.80.1', '/yinxing-web/AppController/login', '登录系统', 'POST', NULL, 112, '{\"authToken\":\"6a4b6253-9171-4b1b-86b8-ece0c948e5f6\",\"jwtToken\":\"eyJ0eXAiOiJKV1QiLCJhbGciOiJIUzI1NiJ9.eyJleHAiOjE2NDQ5OTUzMjMsInVzZXJuYW1lIjoiYWRtaW4xMjMifQ.W0ncPkb7j2Iv9slhAUF5OBPq6tNNIZuB_K30voF2HBU\",\"loginTime\":1643699323838,\"permissions\":[\"/AppController/getUserInfo\",\"/AppController/logout\",\"/AppController/passwordReset\"],\"profile\":\"https://pfks-oss-center.oss-cn-beijing.aliyuncs.com/751544757301415940.png\",\"roles\":[\"common\",\"admin\"],\"userHost\":\"192.168.80.1\",\"userId\":749058260664978888,\"username\":\"系统管理员\"}', b'0', '无', 749058260664978888, '系统管理员');
INSERT INTO `sys_log` VALUES (754409859167948805, '2022-02-01 15:10:43', '192.168.80.1', '/yinxing-web/AppController/login', '登录系统', 'POST', NULL, 142, '{\"authToken\":\"6a4b6253-9171-4b1b-86b8-ece0c948e5f6\",\"jwtToken\":\"eyJ0eXAiOiJKV1QiLCJhbGciOiJIUzI1NiJ9.eyJleHAiOjE2NDQ5OTU0NDIsInVzZXJuYW1lIjoiYWRtaW4xMjMifQ.iltcrBNPW5MonZa9FUYztla5X49WFWqbG9Y-Ti9TFBE\",\"loginTime\":1643699442859,\"permissions\":[\"/AppController/getUserInfo\",\"/AppController/logout\",\"/AppController/passwordReset\"],\"profile\":\"https://pfks-oss-center.oss-cn-beijing.aliyuncs.com/751544757301415940.png\",\"roles\":[\"common\",\"admin\"],\"userHost\":\"192.168.80.1\",\"userId\":749058260664978888,\"username\":\"系统管理员\"}', b'0', '无', 749058260664978888, '系统管理员');
INSERT INTO `sys_log` VALUES (754418317892128770, '2022-02-01 15:44:20', '192.168.80.1', '/yinxing-web/AppController/login', '登录系统', 'POST', NULL, 121, '{\"authToken\":\"cc2adce3-149a-4c30-bf25-df83fbf22bae\",\"jwtToken\":\"eyJ0eXAiOiJKV1QiLCJhbGciOiJIUzI1NiJ9.eyJleHAiOjE2NDQ5OTc0NTksInVzZXJuYW1lIjoiYWRtaW4xMjMifQ.2n9r2E_sYc_S1Vro400tNqVCvN6yJr85l7SeevemdxE\",\"loginTime\":1643701459459,\"permissions\":[\"/AppController/getUserInfo\",\"/AppController/logout\",\"/AppController/passwordReset\"],\"profile\":\"https://pfks-oss-center.oss-cn-beijing.aliyuncs.com/751544757301415940.png\",\"roles\":[\"common\",\"admin\"],\"userHost\":\"192.168.80.1\",\"userId\":749058260664978888,\"username\":\"系统管理员\"}', b'0', '无', 749058260664978888, '系统管理员');
INSERT INTO `sys_log` VALUES (754418406182227971, '2022-02-01 15:44:41', '192.168.80.1', '/yinxing-web/AppController/logout', '退出登录', 'POST', '{}', 2, '\"退出登录成功\"', b'0', '无', NULL, NULL);
INSERT INTO `sys_log` VALUES (754419041782861829, '2022-02-01 15:47:12', '192.168.80.1', '/yinxing-web/AppController/login', '登录系统', 'POST', NULL, 109, '{\"authToken\":\"341ce48f-aceb-407e-831c-4b387227cc60\",\"jwtToken\":\"eyJ0eXAiOiJKV1QiLCJhbGciOiJIUzI1NiJ9.eyJleHAiOjE2NDQ5OTc2MzIsInVzZXJuYW1lIjoiYWRtaW4xMjMifQ.NCHXSRosUz1eANT26nu2W__Z8T20kwt_WybDWlRJEE0\",\"loginTime\":1643701632183,\"permissions\":[\"/AppController/getUserInfo\",\"/AppController/logout\",\"/AppController/passwordReset\"],\"profile\":\"https://pfks-oss-center.oss-cn-beijing.aliyuncs.com/751544757301415940.png\",\"roles\":[\"common\",\"admin\"],\"userHost\":\"192.168.80.1\",\"userId\":749058260664978888,\"username\":\"系统管理员\"}', b'0', '无', 749058260664978888, '系统管理员');
INSERT INTO `sys_log` VALUES (754419150365003782, '2022-02-01 15:47:38', '192.168.80.1', '/yinxing-web/AppController/logout', '退出登录', 'POST', '{}', 1, '\"退出登录成功\"', b'0', '无', NULL, NULL);
INSERT INTO `sys_log` VALUES (754419221676560391, '2022-02-01 15:47:55', '192.168.80.1', '/yinxing-web/AppController/login', '登录系统', 'POST', NULL, 106, '{\"authToken\":\"5f8dde83-21e7-4ba5-8d12-e7636527fae2\",\"jwtToken\":\"eyJ0eXAiOiJKV1QiLCJhbGciOiJIUzI1NiJ9.eyJleHAiOjE2NDQ5OTc2NzUsInVzZXJuYW1lIjoiYWRtaW4xMjMifQ.zB78tyfaC5HCFzq5u-sAjCzIFsuT7y6LqdowMY9xED4\",\"loginTime\":1643701675066,\"permissions\":[\"/AppController/getUserInfo\",\"/AppController/logout\",\"/AppController/passwordReset\"],\"profile\":\"https://pfks-oss-center.oss-cn-beijing.aliyuncs.com/751544757301415940.png\",\"roles\":[\"common\",\"admin\"],\"userHost\":\"192.168.80.1\",\"userId\":749058260664978888,\"username\":\"系统管理员\"}', b'0', '无', 749058260664978888, '系统管理员');
INSERT INTO `sys_log` VALUES (754419557237657602, '2022-02-01 15:49:15', '192.168.80.1', '/yinxing-web/AppController/login', '登录系统', 'POST', NULL, 109, '{\"authToken\":\"8eaa6e95-e6a5-42ed-b5d7-89974841e373\",\"jwtToken\":\"eyJ0eXAiOiJKV1QiLCJhbGciOiJIUzI1NiJ9.eyJleHAiOjE2NDQ5OTc3NTUsInVzZXJuYW1lIjoiYWRtaW4xMjMifQ.fzZYDlZMVDFMpOr_brjgBjDtQQsiirWn8nVlfYmcEhY\",\"loginTime\":1643701754955,\"permissions\":[\"/AppController/getUserInfo\",\"/AppController/logout\",\"/AppController/passwordReset\"],\"profile\":\"https://pfks-oss-center.oss-cn-beijing.aliyuncs.com/751544757301415940.png\",\"roles\":[\"common\",\"admin\"],\"userHost\":\"192.168.80.1\",\"userId\":749058260664978888,\"username\":\"系统管理员\"}', b'0', '无', 749058260664978888, '系统管理员');
INSERT INTO `sys_log` VALUES (754423320677584898, '2022-02-01 16:04:12', '192.168.80.1', '/yinxing-web/AppController/login', '登录系统', 'POST', NULL, 121, '{\"authToken\":\"f4f5586d-3038-4546-abf5-2b12b66b2b5b\",\"jwtToken\":\"eyJ0eXAiOiJKV1QiLCJhbGciOiJIUzI1NiJ9.eyJleHAiOjE2NDQ5OTg2NTIsInVzZXJuYW1lIjoiYWRtaW4xMjMifQ.LwkZI0Ez7vT0v2fDLLluNv7_4D-l3O73apqb1JG4drc\",\"loginTime\":1643702652214,\"permissions\":[\"/AppController/getUserInfo\",\"/AppController/logout\",\"/AppController/passwordReset\"],\"profile\":\"https://pfks-oss-center.oss-cn-beijing.aliyuncs.com/751544757301415940.png\",\"roles\":[\"common\",\"admin\"],\"userHost\":\"192.168.80.1\",\"userId\":749058260664978888,\"username\":\"系统管理员\"}', b'0', '无', 749058260664978888, '系统管理员');
INSERT INTO `sys_log` VALUES (754425361068068866, '2022-02-01 16:12:19', '192.168.80.1', '/yinxing-web/AppController/login', '登录系统', 'POST', NULL, 106, '{\"authToken\":\"7d756364-1af2-48bb-9647-91e628a9e95c\",\"jwtToken\":\"eyJ0eXAiOiJKV1QiLCJhbGciOiJIUzI1NiJ9.eyJleHAiOjE2NDQ5OTkxMzgsInVzZXJuYW1lIjoiYWRtaW4xMjMifQ.qdhiFSb-pCqhOSeWZyy5Bx5QXWDTc3U7yBwAOlyw9Dk\",\"loginTime\":1643703138695,\"permissions\":[\"/AppController/getUserInfo\",\"/AppController/logout\",\"/AppController/passwordReset\"],\"profile\":\"https://pfks-oss-center.oss-cn-beijing.aliyuncs.com/751544757301415940.png\",\"roles\":[\"common\",\"admin\"],\"userHost\":\"192.168.80.1\",\"userId\":749058260664978888,\"username\":\"系统管理员\"}', b'0', '无', 749058260664978888, '系统管理员');
INSERT INTO `sys_log` VALUES (754425465304911875, '2022-02-01 16:12:44', '192.168.80.1', '/yinxing-web/AppController/logout', '退出登录', 'POST', '{}', 2, '\"退出登录成功\"', b'0', '无', NULL, NULL);
INSERT INTO `sys_log` VALUES (754425547555213316, '2022-02-01 16:13:03', '192.168.80.1', '/yinxing-web/AppController/login', '登录系统', 'POST', NULL, 115, '{\"authToken\":\"b3f5001f-6290-413c-a44f-b173bb4868e1\",\"jwtToken\":\"eyJ0eXAiOiJKV1QiLCJhbGciOiJIUzI1NiJ9.eyJleHAiOjE2NDQ5OTkxODMsInVzZXJuYW1lIjoiYWRtaW4xMjMifQ.r7rTlYDtaU1YsD5jmDzIXbwrcngU4BFQdXatFh1Ukko\",\"loginTime\":1643703183275,\"permissions\":[\"/AppController/getUserInfo\",\"/AppController/logout\",\"/AppController/passwordReset\"],\"profile\":\"https://pfks-oss-center.oss-cn-beijing.aliyuncs.com/751544757301415940.png\",\"roles\":[\"common\",\"admin\"],\"userHost\":\"192.168.80.1\",\"userId\":749058260664978888,\"username\":\"系统管理员\"}', b'0', '无', 749058260664978888, '系统管理员');
INSERT INTO `sys_log` VALUES (754425972702449665, '2022-02-01 16:14:45', '192.168.80.1', '/yinxing-web/AppController/login', '登录系统', 'POST', NULL, 144, '{\"authToken\":\"c6f3532e-946a-40bd-966b-0ddd65f64adb\",\"jwtToken\":\"eyJ0eXAiOiJKV1QiLCJhbGciOiJIUzI1NiJ9.eyJleHAiOjE2NDQ5OTkyODQsInVzZXJuYW1lIjoiYWRtaW4xMjMifQ.BMtn2ubj9SIQrIPHVDySRwE3FyP4JJWgKwqFetQWgYc\",\"loginTime\":1643703284489,\"permissions\":[\"/AppController/getUserInfo\",\"/AppController/logout\",\"/AppController/passwordReset\"],\"profile\":\"https://pfks-oss-center.oss-cn-beijing.aliyuncs.com/751544757301415940.png\",\"roles\":[\"common\",\"admin\"],\"userHost\":\"192.168.80.1\",\"userId\":749058260664978888,\"username\":\"系统管理员\"}', b'0', '无', 749058260664978888, '系统管理员');
INSERT INTO `sys_log` VALUES (754426375506628610, '2022-02-01 16:16:21', '192.168.80.1', '/yinxing-web/AppController/login', '登录系统', 'POST', NULL, 115, '{\"authToken\":\"c6f3532e-946a-40bd-966b-0ddd65f64adb\",\"jwtToken\":\"eyJ0eXAiOiJKV1QiLCJhbGciOiJIUzI1NiJ9.eyJleHAiOjE2NDQ5OTkzODAsInVzZXJuYW1lIjoiYWRtaW4xMjMifQ.PTpFuJY2C_nOAivQxOefyhIhOO-7dV7_HejFkxvcuPc\",\"loginTime\":1643703380683,\"permissions\":[\"/AppController/getUserInfo\",\"/AppController/logout\",\"/AppController/passwordReset\"],\"profile\":\"https://pfks-oss-center.oss-cn-beijing.aliyuncs.com/751544757301415940.png\",\"roles\":[\"common\",\"admin\"],\"userHost\":\"192.168.80.1\",\"userId\":749058260664978888,\"username\":\"系统管理员\"}', b'0', '无', 749058260664978888, '系统管理员');
INSERT INTO `sys_log` VALUES (754472351365730306, '2022-02-01 19:19:02', '192.168.80.1', '/yinxing-web/AppController/login', '登录系统', 'POST', '{\"username\":\"admin123\",\"password\":\"123456\"}', 153, '{\"authToken\":\"239f5f66-1fb7-4732-9a0e-69a4ffaa9df9\",\"jwtToken\":\"eyJ0eXAiOiJKV1QiLCJhbGciOiJIUzI1NiJ9.eyJleHAiOjE2NDUwMTAzNDIsInVzZXJuYW1lIjoiYWRtaW4xMjMifQ.Z-m9lMYDOLLWl9jcOlcSV70SdQ1Q_U5tQnry-HjJ968\",\"loginTime\":1643714342002,\"permissions\":[\"/AppController/getUserInfo\",\"/AppController/logout\",\"/AppController/passwordReset\"],\"profile\":\"https://pfks-oss-center.oss-cn-beijing.aliyuncs.com/751544757301415940.png\",\"roles\":[\"common\",\"admin\"],\"userHost\":\"192.168.80.1\",\"userId\":749058260664978888,\"username\":\"系统管理员\"}', b'0', '无', 749058260664978888, '系统管理员');
INSERT INTO `sys_log` VALUES (754473128066945027, '2022-02-01 19:22:07', '192.168.80.1', '/yinxing-web/AppController/login', '登录系统', 'POST', '{\"username\":\"admin123\",\"password\":\"123456\"}', 143, '{\"authToken\":\"f5bb9d85-54d1-4baa-ac5b-e8aa7ad9f899\",\"jwtToken\":\"eyJ0eXAiOiJKV1QiLCJhbGciOiJIUzI1NiJ9.eyJleHAiOjE2NDUwMTA1MjcsInVzZXJuYW1lIjoiYWRtaW4xMjMifQ.zG4Fg68kIetuSTEIuroxLT4XW0T0Hh3iEmUgNsshVQI\",\"loginTime\":1643714527221,\"permissions\":[\"/AppController/getUserInfo\",\"/AppController/logout\",\"/AppController/passwordReset\"],\"profile\":\"https://pfks-oss-center.oss-cn-beijing.aliyuncs.com/751544757301415940.png\",\"roles\":[\"common\",\"admin\"],\"userHost\":\"192.168.80.1\",\"userId\":749058260664978888,\"username\":\"系统管理员\"}', b'0', '无', 749058260664978888, '系统管理员');
INSERT INTO `sys_log` VALUES (754473334867103746, '2022-02-01 19:22:57', '192.168.80.1', '/yinxing-web/AppController/login', '登录系统', 'POST', '{\"username\":\"admin123\",\"password\":\"123456\"}', 119, '{\"authToken\":\"461396d8-200f-404e-8511-3e129b039370\",\"jwtToken\":\"eyJ0eXAiOiJKV1QiLCJhbGciOiJIUzI1NiJ9.eyJleHAiOjE2NDUwMTA1NzYsInVzZXJuYW1lIjoiYWRtaW4xMjMifQ.kWwFcFbG-uKf_zbRpXA0-THwodXwWvzSpADNC_TMbVM\",\"loginTime\":1643714576537,\"permissions\":[\"/AppController/getUserInfo\",\"/AppController/logout\",\"/AppController/passwordReset\"],\"profile\":\"https://pfks-oss-center.oss-cn-beijing.aliyuncs.com/751544757301415940.png\",\"roles\":[\"common\",\"admin\"],\"userHost\":\"192.168.80.1\",\"userId\":749058260664978888,\"username\":\"系统管理员\"}', b'0', '无', 749058260664978888, '系统管理员');
INSERT INTO `sys_log` VALUES (754485797171892226, '2022-02-01 20:12:28', '192.168.80.1', '/yinxing-web/AppController/login', '登录系统', 'POST', '{\"username\":\"admin123\",\"password\":\"123456\"}', 140, '{\"authToken\":\"6087f1ac-cf6f-46ab-9c66-2c7ab2fb3975\",\"jwtToken\":\"eyJ0eXAiOiJKV1QiLCJhbGciOiJIUzI1NiJ9.eyJleHAiOjE2NDUwMTM1NDcsInVzZXJuYW1lIjoiYWRtaW4xMjMifQ.Ub1IbDTAtRi9x8QrkbvNU7BzmCscfW-MDyjp7RkE-vM\",\"loginTime\":1643717547740,\"permissions\":[\"/AppController/getUserInfo\",\"/AppController/logout\",\"/AppController/passwordReset\"],\"profile\":\"https://pfks-oss-center.oss-cn-beijing.aliyuncs.com/751544757301415940.png\",\"roles\":[\"common\",\"admin\"],\"userHost\":\"192.168.80.1\",\"userId\":749058260664978888,\"username\":\"系统管理员\"}', b'0', '无', 749058260664978888, '系统管理员');
INSERT INTO `sys_log` VALUES (754696153655808002, '2022-02-02 10:08:21', '192.168.80.1', '/yinxing-web/AppController/login', '登录系统', 'POST', '{\"username\":\"admin123\",\"password\":\"123456\"}', 154, '{\"authToken\":\"b4d967d8-3b48-4235-b5df-b34bfa98233f\",\"jwtToken\":\"eyJ0eXAiOiJKV1QiLCJhbGciOiJIUzI1NiJ9.eyJleHAiOjE2NDUwNjM3MDAsInVzZXJuYW1lIjoiYWRtaW4xMjMifQ.k-J4azFuIpBAGZjMngsN8XhFPzha7GDvhAL8pIzbKnc\",\"loginTime\":1643767700620,\"permissions\":[\"/AppController/getUserInfo\",\"/AppController/logout\",\"/AppController/passwordReset\"],\"profile\":\"https://pfks-oss-center.oss-cn-beijing.aliyuncs.com/751544757301415940.png\",\"roles\":[\"common\",\"admin\"],\"userHost\":\"192.168.80.1\",\"userId\":749058260664978888,\"username\":\"系统管理员\"}', b'0', '无', 749058260664978888, '系统管理员');
INSERT INTO `sys_log` VALUES (754699271915311106, '2022-02-02 10:20:44', '192.168.80.1', '/yinxing-web/AppController/login', '登录系统', 'POST', '{\"username\":\"admin123\",\"password\":\"123456\"}', 115, '{\"authToken\":\"7bd72687-e1d6-48f9-a970-ab3bc3fdfe65\",\"jwtToken\":\"eyJ0eXAiOiJKV1QiLCJhbGciOiJIUzI1NiJ9.eyJleHAiOjE2NDUwNjQ0NDQsInVzZXJuYW1lIjoiYWRtaW4xMjMifQ.191qU_3Wy2mjI9C1qG7JHRoMzJhpvcXozdhS-yK4hlw\",\"loginTime\":1643768444148,\"permissions\":[\"/AppController/getUserInfo\",\"/AppController/logout\",\"/AppController/passwordReset\"],\"profile\":\"https://pfks-oss-center.oss-cn-beijing.aliyuncs.com/751544757301415940.png\",\"roles\":[\"common\",\"admin\"],\"userHost\":\"192.168.80.1\",\"userId\":749058260664978888,\"username\":\"系统管理员\"}', b'0', '无', 749058260664978888, '系统管理员');
INSERT INTO `sys_log` VALUES (754768535208726530, '2022-02-02 14:55:58', '192.168.80.1', '/yinxing-web/AppController/login', '登录系统', 'POST', '{\"username\":\"admin123\",\"password\":\"123456\"}', 97, '{\"authToken\":\"d36ab20b-e237-4802-9e35-0f29d31fcd1e\",\"jwtToken\":\"eyJ0eXAiOiJKV1QiLCJhbGciOiJIUzI1NiJ9.eyJleHAiOjE2NDUwODA5NTcsInVzZXJuYW1lIjoiYWRtaW4xMjMifQ.bJkEYdJ1gQzW-NE31z1zxMp3syIzkdqp-NIrfqPc4sg\",\"loginTime\":1643784957782,\"permissions\":[\"/AppController/getUserInfo\",\"/AppController/logout\",\"/AppController/passwordReset\"],\"profile\":\"https://pfks-oss-center.oss-cn-beijing.aliyuncs.com/751544757301415940.png\",\"roles\":[\"common\",\"admin\"],\"userHost\":\"192.168.80.1\",\"userId\":749058260664978888,\"username\":\"系统管理员\"}', b'0', '无', 749058260664978888, '系统管理员');
INSERT INTO `sys_log` VALUES (754784632066674704, '2022-02-02 15:59:56', '192.168.80.1', '/yinxing-web/AppController/logout', '退出登录', 'POST', '{}', 1, '\"退出登录成功\"', b'0', '无', NULL, NULL);
INSERT INTO `sys_log` VALUES (754784683392372753, '2022-02-02 16:00:08', '192.168.80.1', '/yinxing-web/AppController/login', '登录系统', 'POST', '{\"username\":\"admin123\",\"password\":\"123456\"}', 59, '{\"authToken\":\"ed8929d0-ba44-44d5-be39-bafde2afc47d\",\"jwtToken\":\"eyJ0eXAiOiJKV1QiLCJhbGciOiJIUzI1NiJ9.eyJleHAiOjE2NDUwODQ4MDcsInVzZXJuYW1lIjoiYWRtaW4xMjMifQ.sKO-yrMfgyDT4kPNzVUICN3fmAbAAfermZxcd0Z1vKA\",\"loginTime\":1643788807956,\"permissions\":[\"/AppController/getUserInfo\",\"/AppController/logout\",\"/AppController/passwordReset\"],\"profile\":\"https://pfks-oss-center.oss-cn-beijing.aliyuncs.com/751544757301415940.png\",\"roles\":[\"common\",\"admin\"],\"userHost\":\"192.168.80.1\",\"userId\":749058260664978888,\"username\":\"系统管理员\"}', b'0', '无', 749058260664978888, '系统管理员');
INSERT INTO `sys_log` VALUES (754788551186583573, '2022-02-02 16:15:30', '192.168.80.1', '/yinxing-web/SysDicController/insertOrUpdateBatch', '', 'POST', '{\"_dc\":\"1643789730024\",\"sysDicTypeId\":\"749281012416122883\",\"records\":\"[{\\\"text\\\":\\\"通知公告\\\",\\\"leaf\\\":true,\\\"sysDicTypeId\\\":\\\"749281012416122883\\\",\\\"sysDicTypeCode\\\":\\\"DIC_MESSAGE_TYPE\\\",\\\"code\\\":\\\"\\\",\\\"id\\\":\\\"754788514083770388\\\",\\\"parentId\\\":\\\"0\\\",\\\"index\\\":2}]\"}', 119, NULL, b'0', '无', 749058260664978888, '系统管理员');
INSERT INTO `sys_log` VALUES (754798588290273282, '2022-02-02 16:55:23', '192.168.80.1', '/yinxing-web/AppController/login', '登录系统', 'POST', '{\"username\":\"admin123\",\"password\":\"123456\"}', 92, '{\"authToken\":\"d16b6d61-ebe6-44e3-9a08-3db2dc7cd0f4\",\"jwtToken\":\"eyJ0eXAiOiJKV1QiLCJhbGciOiJIUzI1NiJ9.eyJleHAiOjE2NDUwODgxMjMsInVzZXJuYW1lIjoiYWRtaW4xMjMifQ.Y4iRWkZUUnUd_Mm0Oq4DP4dnGmP-DE6pWixE5oBWOV8\",\"loginTime\":1643792123010,\"permissions\":[\"/AppController/getUserInfo\",\"/AppController/logout\",\"/AppController/passwordReset\"],\"profile\":\"https://pfks-oss-center.oss-cn-beijing.aliyuncs.com/751544757301415940.png\",\"roles\":[\"common\",\"admin\"],\"userHost\":\"192.168.80.1\",\"userId\":749058260664978888,\"username\":\"系统管理员\"}', b'0', '无', 749058260664978888, '系统管理员');
INSERT INTO `sys_log` VALUES (754801692482080770, '2022-02-02 17:07:43', '192.168.80.1', '/yinxing-web/AppController/login', '登录系统', 'POST', '{\"username\":\"admin123\",\"password\":\"123456\"}', 91, '{\"authToken\":\"6e469876-98c5-4e47-b84d-20ed61d4b5af\",\"jwtToken\":\"eyJ0eXAiOiJKV1QiLCJhbGciOiJIUzI1NiJ9.eyJleHAiOjE2NDUwODg4NjMsInVzZXJuYW1lIjoiYWRtaW4xMjMifQ.cAwcB-FMIsAShrLyb8Hd4CiYiDpwBMq3qwYqPc_Ksa8\",\"loginTime\":1643792863119,\"permissions\":[\"/AppController/getUserInfo\",\"/AppController/logout\",\"/AppController/passwordReset\"],\"profile\":\"https://pfks-oss-center.oss-cn-beijing.aliyuncs.com/751544757301415940.png\",\"roles\":[\"common\",\"admin\"],\"userHost\":\"192.168.80.1\",\"userId\":749058260664978888,\"username\":\"系统管理员\"}', b'0', '无', 749058260664978888, '系统管理员');
INSERT INTO `sys_log` VALUES (754802227633328131, '2022-02-02 17:09:51', '192.168.80.1', '/yinxing-web/AppController/login', '登录系统', 'POST', '{\"username\":\"admin123\",\"password\":\"123456\"}', 99, '{\"authToken\":\"981670ed-5dd3-4149-ab6a-e2d0309b74e5\",\"jwtToken\":\"eyJ0eXAiOiJKV1QiLCJhbGciOiJIUzI1NiJ9.eyJleHAiOjE2NDUwODg5OTAsInVzZXJuYW1lIjoiYWRtaW4xMjMifQ.sWwFj2AoXG_hbvnmcM6caH-eB2LtOZVI0jvZzjxQLWA\",\"loginTime\":1643792990696,\"permissions\":[\"/AppController/getUserInfo\",\"/AppController/logout\",\"/AppController/passwordReset\"],\"profile\":\"https://pfks-oss-center.oss-cn-beijing.aliyuncs.com/751544757301415940.png\",\"roles\":[\"common\",\"admin\"],\"userHost\":\"192.168.80.1\",\"userId\":749058260664978888,\"username\":\"系统管理员\"}', b'0', '无', 749058260664978888, '系统管理员');
INSERT INTO `sys_log` VALUES (754817019924320258, '2022-02-02 18:08:38', '192.168.80.1', '/yinxing-web/AppController/login', '登录系统', 'POST', '{\"username\":\"admin123\",\"password\":\"123456\"}', 94, '{\"authToken\":\"75273f18-a1a7-4b8f-8a39-4fdf019199e8\",\"jwtToken\":\"eyJ0eXAiOiJKV1QiLCJhbGciOiJIUzI1NiJ9.eyJleHAiOjE2NDUwOTI1MTcsInVzZXJuYW1lIjoiYWRtaW4xMjMifQ.wvQfm09ssZPvWdQf5p8qaEJR8izO9KGVJxmpZNn30-Q\",\"loginTime\":1643796517455,\"permissions\":[\"/AppController/getUserInfo\",\"/AppController/logout\",\"/AppController/passwordReset\"],\"profile\":\"https://pfks-oss-center.oss-cn-beijing.aliyuncs.com/751544757301415940.png\",\"roles\":[\"common\",\"admin\"],\"userHost\":\"192.168.80.1\",\"userId\":749058260664978888,\"username\":\"系统管理员\"}', b'0', '无', 749058260664978888, '系统管理员');
INSERT INTO `sys_log` VALUES (754818400613699586, '2022-02-02 18:14:07', '192.168.80.1', '/yinxing-web/AppController/login', '登录系统', 'POST', '{\"username\":\"admin123\",\"password\":\"123456\"}', 130, '{\"authToken\":\"fcdb836c-4143-4a76-94c9-29b2011922e7\",\"jwtToken\":\"eyJ0eXAiOiJKV1QiLCJhbGciOiJIUzI1NiJ9.eyJleHAiOjE2NDUwOTI4NDYsInVzZXJuYW1lIjoiYWRtaW4xMjMifQ.PcHhrLcQ_uF7rTXqjMY0SREjdkG6_5wd4h20uCLmjTk\",\"loginTime\":1643796846567,\"permissions\":[\"/AppController/getUserInfo\",\"/AppController/logout\",\"/AppController/passwordReset\"],\"profile\":\"https://pfks-oss-center.oss-cn-beijing.aliyuncs.com/751544757301415940.png\",\"roles\":[\"common\",\"admin\"],\"userHost\":\"192.168.80.1\",\"userId\":749058260664978888,\"username\":\"系统管理员\"}', b'0', '无', 749058260664978888, '系统管理员');
INSERT INTO `sys_log` VALUES (754819987755110402, '2022-02-02 18:20:25', '192.168.80.1', '/yinxing-web/AppController/login', '登录系统', 'POST', '{\"username\":\"admin123\",\"password\":\"123456\"}', 116, '{\"authToken\":\"e1c48680-8683-4a8a-b01a-6d46b3633628\",\"jwtToken\":\"eyJ0eXAiOiJKV1QiLCJhbGciOiJIUzI1NiJ9.eyJleHAiOjE2NDUwOTMyMjUsInVzZXJuYW1lIjoiYWRtaW4xMjMifQ.-BOCvNcU8ELLz3uvWsxODq605TmQqnbcl_Jwoc3YY20\",\"loginTime\":1643797225029,\"permissions\":[\"/AppController/getUserInfo\",\"/AppController/logout\",\"/AppController/passwordReset\"],\"profile\":\"https://pfks-oss-center.oss-cn-beijing.aliyuncs.com/751544757301415940.png\",\"roles\":[\"common\",\"admin\"],\"userHost\":\"192.168.80.1\",\"userId\":749058260664978888,\"username\":\"系统管理员\"}', b'0', '无', 749058260664978888, '系统管理员');
INSERT INTO `sys_log` VALUES (754823054357565459, '2022-02-02 18:32:36', '192.168.80.1', '/yinxing-web/SysDicController/insertOrUpdateBatch', '', 'POST', '{\"_dc\":\"1643797956065\",\"sysDicTypeId\":\"749281012416122883\",\"records\":\"[{\\\"text\\\":\\\"消息类型\\\",\\\"index\\\":0,\\\"parentId\\\":null,\\\"expanded\\\":true,\\\"id\\\":\\\"0\\\",\\\"leaf\\\":false,\\\"children\\\":null},{\\\"id\\\":\\\"752608314117984269\\\",\\\"parentId\\\":\\\"0\\\",\\\"index\\\":0,\\\"text\\\":\\\"操作日志\\\",\\\"code\\\":\\\"sys_log_mainview\\\",\\\"sysDicTypeId\\\":\\\"749281012416122883\\\",\\\"sysDicTypeCode\\\":\\\"DIC_MESSAGE_TYPE\\\",\\\"leaf\\\":true,\\\"expanded\\\":false,\\\"stop\\\":false,\\\"expandedEdit\\\":false,\\\"children\\\":[]}]\"}', 180, NULL, b'0', '无', 749058260664978888, '系统管理员');
INSERT INTO `sys_log` VALUES (754823105393856533, '2022-02-02 18:32:49', '192.168.80.1', '/yinxing-web/SysDicController/insertOrUpdateBatch', '', 'POST', '{\"_dc\":\"1643797968339\",\"sysDicTypeId\":\"749281012416122883\",\"records\":\"[{\\\"text\\\":\\\"订单消息\\\",\\\"leaf\\\":true,\\\"sysDicTypeId\\\":\\\"749281012416122883\\\",\\\"sysDicTypeCode\\\":\\\"DIC_MESSAGE_TYPE\\\",\\\"code\\\":\\\"\\\",\\\"id\\\":\\\"754823069075378196\\\",\\\"parentId\\\":\\\"0\\\",\\\"index\\\":2}]\"}', 163, NULL, b'0', '无', 749058260664978888, '系统管理员');
INSERT INTO `sys_log` VALUES (754825836519100418, '2022-02-02 18:43:40', '192.168.80.1', '/yinxing-web/AppController/login', '登录系统', 'POST', '{\"username\":\"admin123\",\"password\":\"123456\"}', 110, '{\"authToken\":\"cfa687c3-2938-406c-95e2-9d8042a9a0ce\",\"jwtToken\":\"eyJ0eXAiOiJKV1QiLCJhbGciOiJIUzI1NiJ9.eyJleHAiOjE2NDUwOTQ2MTksInVzZXJuYW1lIjoiYWRtaW4xMjMifQ.uohA4PuyGNrt0XOJfAfIfZQE1-RGdNuGV4AzCqLfofA\",\"loginTime\":1643798619475,\"permissions\":[\"/AppController/getUserInfo\",\"/AppController/logout\",\"/AppController/passwordReset\"],\"profile\":\"https://pfks-oss-center.oss-cn-beijing.aliyuncs.com/751544757301415940.png\",\"roles\":[\"common\",\"admin\"],\"userHost\":\"192.168.80.1\",\"userId\":749058260664978888,\"username\":\"系统管理员\"}', b'0', '无', 749058260664978888, '系统管理员');
INSERT INTO `sys_log` VALUES (754830095880949762, '2022-02-02 19:00:35', '192.168.80.1', '/yinxing-web/AppController/login', '登录系统', 'POST', '{\"username\":\"admin123\",\"password\":\"123456\"}', 121, '{\"authToken\":\"09f562f5-fd4f-43db-8f57-ce29ef943fd0\",\"jwtToken\":\"eyJ0eXAiOiJKV1QiLCJhbGciOiJIUzI1NiJ9.eyJleHAiOjE2NDUwOTU2MzUsInVzZXJuYW1lIjoiYWRtaW4xMjMifQ._gnsmfnX4-hetRjF5qpWwiZBQ0Ff1I7xQN_bv8Jpg8A\",\"loginTime\":1643799634946,\"permissions\":[\"/AppController/getUserInfo\",\"/AppController/logout\",\"/AppController/passwordReset\"],\"profile\":\"https://pfks-oss-center.oss-cn-beijing.aliyuncs.com/751544757301415940.png\",\"roles\":[\"common\",\"admin\"],\"userHost\":\"192.168.80.1\",\"userId\":749058260664978888,\"username\":\"系统管理员\"}', b'0', '无', 749058260664978888, '系统管理员');
INSERT INTO `sys_log` VALUES (754833583444725762, '2022-02-02 19:14:27', '192.168.80.1', '/yinxing-web/AppController/login', '登录系统', 'POST', '{\"username\":\"admin123\",\"password\":\"123456\"}', 116, '{\"authToken\":\"1502e2b0-6294-4541-97c8-4282197c4e85\",\"jwtToken\":\"eyJ0eXAiOiJKV1QiLCJhbGciOiJIUzI1NiJ9.eyJleHAiOjE2NDUwOTY0NjYsInVzZXJuYW1lIjoiYWRtaW4xMjMifQ.p9Hy1i9xNZuLh7xbF7Dxga1A6bKhlKdEqU8rCu8B8-4\",\"loginTime\":1643800466483,\"permissions\":[\"/AppController/getUserInfo\",\"/AppController/logout\",\"/AppController/passwordReset\"],\"profile\":\"https://pfks-oss-center.oss-cn-beijing.aliyuncs.com/751544757301415940.png\",\"roles\":[\"common\",\"admin\"],\"userHost\":\"192.168.80.1\",\"userId\":749058260664978888,\"username\":\"系统管理员\"}', b'0', '无', 749058260664978888, '系统管理员');
INSERT INTO `sys_log` VALUES (754842694928437250, '2022-02-02 19:50:39', '192.168.80.1', '/yinxing-web/AppController/login', '登录系统', 'POST', '{\"username\":\"admin123\",\"password\":\"123456\"}', 102, '{\"authToken\":\"1f23faa2-6745-4e61-acf4-f09748e36473\",\"jwtToken\":\"eyJ0eXAiOiJKV1QiLCJhbGciOiJIUzI1NiJ9.eyJleHAiOjE2NDUwOTg2MzgsInVzZXJuYW1lIjoiYWRtaW4xMjMifQ.yr8j7kMo98MXRHy_wQPmN5OXqF_i-k-jen6l7sFiw-E\",\"loginTime\":1643802638850,\"permissions\":[\"/AppController/getUserInfo\",\"/AppController/logout\",\"/AppController/passwordReset\"],\"profile\":\"https://pfks-oss-center.oss-cn-beijing.aliyuncs.com/751544757301415940.png\",\"roles\":[\"common\",\"admin\"],\"userHost\":\"192.168.80.1\",\"userId\":749058260664978888,\"username\":\"系统管理员\"}', b'0', '无', 749058260664978888, '系统管理员');
INSERT INTO `sys_log` VALUES (754856915368022017, '2022-02-02 20:47:09', '192.168.80.1', '/yinxing-web/AppController/login', '登录系统', 'POST', '{\"username\":\"admin123\",\"password\":\"123456\"}', 159, '{\"authToken\":\"08ee1323-7e6c-4335-8415-1dd46ea03d52\",\"jwtToken\":\"eyJ0eXAiOiJKV1QiLCJhbGciOiJIUzI1NiJ9.eyJleHAiOjE2NDUxMDIwMjksInVzZXJuYW1lIjoiYWRtaW4xMjMifQ.0rucrxZ1iQdajaGa0_BODrYcngTovSsJrWHpebTn2cQ\",\"loginTime\":1643806029228,\"permissions\":[\"/AppController/getUserInfo\",\"/AppController/logout\",\"/AppController/passwordReset\"],\"profile\":\"https://pfks-oss-center.oss-cn-beijing.aliyuncs.com/751544757301415940.png\",\"roles\":[\"common\",\"admin\"],\"userHost\":\"192.168.80.1\",\"userId\":749058260664978888,\"username\":\"系统管理员\"}', b'0', '无', 749058260664978888, '系统管理员');
INSERT INTO `sys_log` VALUES (754856974495125506, '2022-02-02 20:47:24', '192.168.80.1', '/yinxing-web/AppController/logout', '退出登录', 'POST', '{}', 1, '\"退出登录成功\"', b'0', '无', NULL, NULL);
INSERT INTO `sys_log` VALUES (754857143785623555, '2022-02-02 20:48:04', '192.168.80.1', '/yinxing-web/AppController/login', '登录系统', 'POST', '{\"username\":\"admin123\",\"password\":\"123456\"}', 125, '{\"authToken\":\"40104e92-2b01-4978-8cbf-84efa4d056ec\",\"jwtToken\":\"eyJ0eXAiOiJKV1QiLCJhbGciOiJIUzI1NiJ9.eyJleHAiOjE2NDUxMDIwODMsInVzZXJuYW1lIjoiYWRtaW4xMjMifQ.O0Gv0oyXyRf29kzS2f18zegnVqg0-o4b8kAiZsstbUI\",\"loginTime\":1643806083827,\"permissions\":[\"/AppController/getUserInfo\",\"/AppController/logout\",\"/AppController/passwordReset\"],\"profile\":\"https://pfks-oss-center.oss-cn-beijing.aliyuncs.com/751544757301415940.png\",\"roles\":[\"common\",\"admin\"],\"userHost\":\"192.168.80.1\",\"userId\":749058260664978888,\"username\":\"系统管理员\"}', b'0', '无', 749058260664978888, '系统管理员');
INSERT INTO `sys_log` VALUES (754861240806936578, '2022-02-02 21:04:21', '192.168.80.1', '/yinxing-web/AppController/login', '登录系统', 'POST', '{\"username\":\"admin123\",\"password\":\"123456\"}', 104, '{\"authToken\":\"eaad3c2f-2bcf-42f2-bfb0-e5f4604a63db\",\"jwtToken\":\"eyJ0eXAiOiJKV1QiLCJhbGciOiJIUzI1NiJ9.eyJleHAiOjE2NDUxMDMwNjAsInVzZXJuYW1lIjoiYWRtaW4xMjMifQ.YTvFcvYEY-WueRWsDsG8G1WjUROX1JMN9YfSKYFpheE\",\"loginTime\":1643807060522,\"permissions\":[\"/AppController/getUserInfo\",\"/AppController/logout\",\"/AppController/passwordReset\"],\"profile\":\"https://pfks-oss-center.oss-cn-beijing.aliyuncs.com/751544757301415940.png\",\"roles\":[\"common\",\"admin\"],\"userHost\":\"192.168.80.1\",\"userId\":749058260664978888,\"username\":\"系统管理员\"}', b'0', '无', 749058260664978888, '系统管理员');
INSERT INTO `sys_log` VALUES (755042096120991746, '2022-02-03 09:03:00', '192.168.80.1', '/yinxing-web/AppController/login', '登录系统', 'POST', '{\"username\":\"admin123\",\"password\":\"123456\"}', 131, '{\"authToken\":\"4095e057-ad8f-4d6a-8669-7c332f6eae29\",\"jwtToken\":\"eyJ0eXAiOiJKV1QiLCJhbGciOiJIUzI1NiJ9.eyJleHAiOjE2NDUxNDYxNzksInVzZXJuYW1lIjoiYWRtaW4xMjMifQ.R9RG91x8BwMsR3cP2isfbiuY8PYongnHQELrlSW7oGg\",\"loginTime\":1643850179746,\"permissions\":[\"/AppController/getUserInfo\",\"/AppController/logout\",\"/AppController/passwordReset\"],\"profile\":\"https://pfks-oss-center.oss-cn-beijing.aliyuncs.com/751544757301415940.png\",\"roles\":[\"common\",\"admin\"],\"userHost\":\"192.168.80.1\",\"userId\":749058260664978888,\"username\":\"系统管理员\"}', b'0', '无', 749058260664978888, '系统管理员');
INSERT INTO `sys_log` VALUES (755048331717251073, '2022-02-03 09:27:47', '192.168.80.1', '/yinxing-web/AppController/login', '登录系统', 'POST', '{\"username\":\"admin123\",\"password\":\"123456\"}', 102, '{\"authToken\":\"89fecc36-d967-4243-8747-9e37c1d72e3f\",\"jwtToken\":\"eyJ0eXAiOiJKV1QiLCJhbGciOiJIUzI1NiJ9.eyJleHAiOjE2NDUxNDc2NjYsInVzZXJuYW1lIjoiYWRtaW4xMjMifQ.4filkbzsxlV3wGyz3U42RibiIrlyGEI9V7WDomKa-Bc\",\"loginTime\":1643851666484,\"permissions\":[\"/AppController/getUserInfo\",\"/AppController/logout\",\"/AppController/passwordReset\"],\"profile\":\"https://pfks-oss-center.oss-cn-beijing.aliyuncs.com/751544757301415940.png\",\"roles\":[\"common\",\"admin\"],\"userHost\":\"192.168.80.1\",\"userId\":749058260664978888,\"username\":\"系统管理员\"}', b'0', '无', 749058260664978888, '系统管理员');
INSERT INTO `sys_log` VALUES (755053280295522305, '2022-02-03 09:47:26', '192.168.80.1', '/yinxing-web/AppController/login', '登录系统', 'POST', '{\"username\":\"admin123\",\"password\":\"123456\"}', 147, '{\"authToken\":\"6468c0ea-f866-4f60-ba37-5bfd78efddf8\",\"jwtToken\":\"eyJ0eXAiOiJKV1QiLCJhbGciOiJIUzI1NiJ9.eyJleHAiOjE2NDUxNDg4NDYsInVzZXJuYW1lIjoiYWRtaW4xMjMifQ.Yr8oe8mqFBj24mT0z-HPfB1TSf1Vyi1Bzdi9A6lV9qA\",\"loginTime\":1643852846327,\"permissions\":[\"/AppController/getUserInfo\",\"/AppController/logout\",\"/AppController/passwordReset\"],\"profile\":\"https://pfks-oss-center.oss-cn-beijing.aliyuncs.com/751544757301415940.png\",\"roles\":[\"common\",\"admin\"],\"userHost\":\"192.168.80.1\",\"userId\":749058260664978888,\"username\":\"系统管理员\"}', b'0', '无', 749058260664978888, '系统管理员');
INSERT INTO `sys_log` VALUES (755053513641431043, '2022-02-03 09:48:22', '192.168.80.1', '/yinxing-web/AppController/logout', '退出登录', 'POST', '{}', 1, '\"退出登录成功\"', b'0', '无', NULL, NULL);
INSERT INTO `sys_log` VALUES (755053531232342020, '2022-02-03 09:48:26', '192.168.80.1', '/yinxing-web/AppController/login', '登录系统', 'POST', '{\"username\":\"admin123\",\"password\":\"123456\"}', 112, '{\"authToken\":\"f2d6370e-2aa2-44db-8544-2732dd1075db\",\"jwtToken\":\"eyJ0eXAiOiJKV1QiLCJhbGciOiJIUzI1NiJ9.eyJleHAiOjE2NDUxNDg5MDYsInVzZXJuYW1lIjoiYWRtaW4xMjMifQ.ARuSGkj9BsWkuFCU7rnpgbRHJ-2IRyZgTXJA63mmOvM\",\"loginTime\":1643852906248,\"permissions\":[\"/AppController/getUserInfo\",\"/AppController/logout\",\"/AppController/passwordReset\"],\"profile\":\"https://pfks-oss-center.oss-cn-beijing.aliyuncs.com/751544757301415940.png\",\"roles\":[\"common\",\"admin\"],\"userHost\":\"192.168.80.1\",\"userId\":749058260664978888,\"username\":\"系统管理员\"}', b'0', '无', 749058260664978888, '系统管理员');
INSERT INTO `sys_log` VALUES (755053658718212101, '2022-02-03 09:48:57', '192.168.80.1', '/yinxing-web/AppController/logout', '退出登录', 'POST', '{}', 0, '\"退出登录成功\"', b'0', '无', NULL, NULL);
INSERT INTO `sys_log` VALUES (755053676430757894, '2022-02-03 09:49:01', '192.168.80.1', '/yinxing-web/AppController/login', '登录系统', 'POST', '{\"username\":\"admin123\",\"password\":\"123456\"}', 124, '{\"authToken\":\"8a1beaab-367f-47d9-b714-a54235a971e1\",\"jwtToken\":\"eyJ0eXAiOiJKV1QiLCJhbGciOiJIUzI1NiJ9.eyJleHAiOjE2NDUxNDg5NDAsInVzZXJuYW1lIjoiYWRtaW4xMjMifQ.D6bHKooHTgN7Qyoo8HSyEiNFDbGptTNQ9ChsGYpdcoo\",\"loginTime\":1643852940873,\"permissions\":[\"/AppController/getUserInfo\",\"/AppController/logout\",\"/AppController/passwordReset\"],\"profile\":\"https://pfks-oss-center.oss-cn-beijing.aliyuncs.com/751544757301415940.png\",\"roles\":[\"common\",\"admin\"],\"userHost\":\"192.168.80.1\",\"userId\":749058260664978888,\"username\":\"系统管理员\"}', b'0', '无', 749058260664978888, '系统管理员');
INSERT INTO `sys_log` VALUES (755054604827365377, '2022-02-03 09:52:42', '192.168.80.1', '/yinxing-web/AppController/login', '登录系统', 'POST', '{\"username\":\"admin123\",\"password\":\"123456\"}', 178, '{\"authToken\":\"c25b6c2d-a1da-4ac5-a60b-843f3ea889fa\",\"jwtToken\":\"eyJ0eXAiOiJKV1QiLCJhbGciOiJIUzI1NiJ9.eyJleHAiOjE2NDUxNDkxNjIsInVzZXJuYW1lIjoiYWRtaW4xMjMifQ.aVI8dwe07-8WMbrbAxmhm7ra4IOjdDLsFZlhm0wVoas\",\"loginTime\":1643853162107,\"permissions\":[\"/AppController/getUserInfo\",\"/AppController/logout\",\"/AppController/passwordReset\"],\"profile\":\"https://pfks-oss-center.oss-cn-beijing.aliyuncs.com/751544757301415940.png\",\"roles\":[\"common\",\"admin\"],\"userHost\":\"192.168.80.1\",\"userId\":749058260664978888,\"username\":\"系统管理员\"}', b'0', '无', 749058260664978888, '系统管理员');
INSERT INTO `sys_log` VALUES (755054625962463234, '2022-02-03 09:52:47', '192.168.80.1', '/yinxing-web/AppController/logout', '退出登录', 'POST', '{}', 4, '\"退出登录成功\"', b'0', '无', NULL, NULL);
INSERT INTO `sys_log` VALUES (755054645486948355, '2022-02-03 09:52:52', '192.168.80.1', '/yinxing-web/AppController/login', '登录系统', 'POST', '{\"username\":\"admin123\",\"password\":\"123456\"}', 124, '{\"authToken\":\"6ee4327d-a047-43ee-9b07-6b4eb776fdce\",\"jwtToken\":\"eyJ0eXAiOiJKV1QiLCJhbGciOiJIUzI1NiJ9.eyJleHAiOjE2NDUxNDkxNzEsInVzZXJuYW1lIjoiYWRtaW4xMjMifQ.zvsrEziR4k0mh1CGtHUAGPoE4tjwQlfkQj2-NeE4J94\",\"loginTime\":1643853171891,\"permissions\":[\"/AppController/getUserInfo\",\"/AppController/logout\",\"/AppController/passwordReset\"],\"profile\":\"https://pfks-oss-center.oss-cn-beijing.aliyuncs.com/751544757301415940.png\",\"roles\":[\"common\",\"admin\"],\"userHost\":\"192.168.80.1\",\"userId\":749058260664978888,\"username\":\"系统管理员\"}', b'0', '无', 749058260664978888, '系统管理员');
INSERT INTO `sys_log` VALUES (755054722888634372, '2022-02-03 09:53:10', '192.168.80.1', '/yinxing-web/AppController/logout', '退出登录', 'POST', '{}', 1, '\"退出登录成功\"', b'0', '无', NULL, NULL);
INSERT INTO `sys_log` VALUES (755054741045776389, '2022-02-03 09:53:15', '192.168.80.1', '/yinxing-web/AppController/login', '登录系统', 'POST', '{\"username\":\"admin123\",\"password\":\"123456\"}', 102, '{\"authToken\":\"dde9797d-6c1c-416c-a0ea-8681ffd76b3c\",\"jwtToken\":\"eyJ0eXAiOiJKV1QiLCJhbGciOiJIUzI1NiJ9.eyJleHAiOjE2NDUxNDkxOTQsInVzZXJuYW1lIjoiYWRtaW4xMjMifQ.Xi_TDtrZGDAPZuDdPtL48E1IUsWoQyOAfRIEaM5A7bM\",\"loginTime\":1643853194694,\"permissions\":[\"/AppController/getUserInfo\",\"/AppController/logout\",\"/AppController/passwordReset\"],\"profile\":\"https://pfks-oss-center.oss-cn-beijing.aliyuncs.com/751544757301415940.png\",\"roles\":[\"common\",\"admin\"],\"userHost\":\"192.168.80.1\",\"userId\":749058260664978888,\"username\":\"系统管理员\"}', b'0', '无', 749058260664978888, '系统管理员');
INSERT INTO `sys_log` VALUES (755054876307886086, '2022-02-03 09:53:47', '192.168.80.1', '/yinxing-web/AppController/logout', '退出登录', 'POST', '{}', 2, '\"退出登录成功\"', b'0', '无', NULL, NULL);
INSERT INTO `sys_log` VALUES (755054894444056583, '2022-02-03 09:53:51', '192.168.80.1', '/yinxing-web/AppController/login', '登录系统', 'POST', '{\"username\":\"admin123\",\"password\":\"123456\"}', 114, '{\"authToken\":\"e5b2ec68-4b02-4d67-a6f6-8dfc50011aa1\",\"jwtToken\":\"eyJ0eXAiOiJKV1QiLCJhbGciOiJIUzI1NiJ9.eyJleHAiOjE2NDUxNDkyMzEsInVzZXJuYW1lIjoiYWRtaW4xMjMifQ.rVhzc32vR25k-GVcGl6N_Xu5020WKVO1niNkt6VWxIM\",\"loginTime\":1643853231248,\"permissions\":[\"/AppController/getUserInfo\",\"/AppController/logout\",\"/AppController/passwordReset\"],\"profile\":\"https://pfks-oss-center.oss-cn-beijing.aliyuncs.com/751544757301415940.png\",\"roles\":[\"common\",\"admin\"],\"userHost\":\"192.168.80.1\",\"userId\":749058260664978888,\"username\":\"系统管理员\"}', b'0', '无', 749058260664978888, '系统管理员');
INSERT INTO `sys_log` VALUES (755054974228107272, '2022-02-03 09:54:10', '192.168.80.1', '/yinxing-web/AppController/logout', '退出登录', 'POST', '{}', 0, '\"退出登录成功\"', b'0', '无', NULL, NULL);
INSERT INTO `sys_log` VALUES (755054990254542857, '2022-02-03 09:54:14', '192.168.80.1', '/yinxing-web/AppController/login', '登录系统', 'POST', '{\"username\":\"admin123\",\"password\":\"123456\"}', 103, '{\"authToken\":\"dfe949ef-b294-455b-b71d-591db27b23cf\",\"jwtToken\":\"eyJ0eXAiOiJKV1QiLCJhbGciOiJIUzI1NiJ9.eyJleHAiOjE2NDUxNDkyNTQsInVzZXJuYW1lIjoiYWRtaW4xMjMifQ._xosZoN8JxduKwnSVTDZCl-0g7psR7zGkpeXKvwy_y8\",\"loginTime\":1643853254111,\"permissions\":[\"/AppController/getUserInfo\",\"/AppController/logout\",\"/AppController/passwordReset\"],\"profile\":\"https://pfks-oss-center.oss-cn-beijing.aliyuncs.com/751544757301415940.png\",\"roles\":[\"common\",\"admin\"],\"userHost\":\"192.168.80.1\",\"userId\":749058260664978888,\"username\":\"系统管理员\"}', b'0', '无', 749058260664978888, '系统管理员');
INSERT INTO `sys_log` VALUES (755055793614753802, '2022-02-03 09:57:26', '192.168.80.1', '/yinxing-web/AppController/logout', '退出登录', 'POST', '{}', 1, '\"退出登录成功\"', b'0', '无', NULL, NULL);
INSERT INTO `sys_log` VALUES (755055814699520011, '2022-02-03 09:57:31', '192.168.80.1', '/yinxing-web/AppController/login', '登录系统', 'POST', '{\"username\":\"admin123\",\"password\":\"123456\"}', 104, '{\"authToken\":\"d96887b6-c18c-46ed-99a2-e32bf75be6f1\",\"jwtToken\":\"eyJ0eXAiOiJKV1QiLCJhbGciOiJIUzI1NiJ9.eyJleHAiOjE2NDUxNDk0NTAsInVzZXJuYW1lIjoiYWRtaW4xMjMifQ.mjboU42CWlfR9MiC1qBFmRvrRunofw0koE0lGsf_aiE\",\"loginTime\":1643853450669,\"permissions\":[\"/AppController/getUserInfo\",\"/AppController/logout\",\"/AppController/passwordReset\"],\"profile\":\"https://pfks-oss-center.oss-cn-beijing.aliyuncs.com/751544757301415940.png\",\"roles\":[\"common\",\"admin\"],\"userHost\":\"192.168.80.1\",\"userId\":749058260664978888,\"username\":\"系统管理员\"}', b'0', '无', 749058260664978888, '系统管理员');
INSERT INTO `sys_log` VALUES (755055990851899404, '2022-02-03 09:58:13', '192.168.80.1', '/yinxing-web/AppController/logout', '退出登录', 'POST', '{}', 1, '\"退出登录成功\"', b'0', '无', NULL, NULL);
INSERT INTO `sys_log` VALUES (755056009004847117, '2022-02-03 09:58:17', '192.168.80.1', '/yinxing-web/AppController/login', '登录系统', 'POST', '{\"username\":\"admin123\",\"password\":\"123456\"}', 91, '{\"authToken\":\"c70426a2-1478-465a-a4c5-56a2bb26d716\",\"jwtToken\":\"eyJ0eXAiOiJKV1QiLCJhbGciOiJIUzI1NiJ9.eyJleHAiOjE2NDUxNDk0OTcsInVzZXJuYW1lIjoiYWRtaW4xMjMifQ.69F-gQDNfBVSH9U2gRR8T_uKP4Z7mSYnCYfc0RbHHC0\",\"loginTime\":1643853497010,\"permissions\":[\"/AppController/getUserInfo\",\"/AppController/logout\",\"/AppController/passwordReset\"],\"profile\":\"https://pfks-oss-center.oss-cn-beijing.aliyuncs.com/751544757301415940.png\",\"roles\":[\"common\",\"admin\"],\"userHost\":\"192.168.80.1\",\"userId\":749058260664978888,\"username\":\"系统管理员\"}', b'0', '无', 749058260664978888, '系统管理员');
INSERT INTO `sys_log` VALUES (755056032237096974, '2022-02-03 09:58:23', '192.168.80.1', '/yinxing-web/AppController/logout', '退出登录', 'POST', '{}', 1, '\"退出登录成功\"', b'0', '无', NULL, NULL);
INSERT INTO `sys_log` VALUES (755056048733294607, '2022-02-03 09:58:27', '192.168.80.1', '/yinxing-web/AppController/login', '登录系统', 'POST', '{\"username\":\"admin123\",\"password\":\"123456\"}', 111, '{\"authToken\":\"927f38e8-68ed-43d6-96df-52330c167973\",\"jwtToken\":\"eyJ0eXAiOiJKV1QiLCJhbGciOiJIUzI1NiJ9.eyJleHAiOjE2NDUxNDk1MDYsInVzZXJuYW1lIjoiYWRtaW4xMjMifQ.ixPZgeTc1OFhFbxeP0niSgA5_de4CgLONtkkTXAKsn4\",\"loginTime\":1643853506468,\"permissions\":[\"/AppController/getUserInfo\",\"/AppController/logout\",\"/AppController/passwordReset\"],\"profile\":\"https://pfks-oss-center.oss-cn-beijing.aliyuncs.com/751544757301415940.png\",\"roles\":[\"common\",\"admin\"],\"userHost\":\"192.168.80.1\",\"userId\":749058260664978888,\"username\":\"系统管理员\"}', b'0', '无', 749058260664978888, '系统管理员');
INSERT INTO `sys_log` VALUES (755056096661606416, '2022-02-03 09:58:38', '192.168.80.1', '/yinxing-web/AppController/logout', '退出登录', 'POST', '{}', 0, '\"退出登录成功\"', b'0', '无', NULL, NULL);
INSERT INTO `sys_log` VALUES (755056131163951121, '2022-02-03 09:58:46', '192.168.80.1', '/yinxing-web/AppController/login', '登录系统', 'POST', '{\"username\":\"admin123\",\"password\":\"123456\"}', 137, '{\"authToken\":\"9559c1bf-44fd-42b2-a27d-1b59bb9ba76a\",\"jwtToken\":\"eyJ0eXAiOiJKV1QiLCJhbGciOiJIUzI1NiJ9.eyJleHAiOjE2NDUxNDk1MjYsInVzZXJuYW1lIjoiYWRtaW4xMjMifQ._ebq1jL-ZFl5Z0DOlLL_t0DkjVYjAHzRX6dsShRnC20\",\"loginTime\":1643853526118,\"permissions\":[\"/AppController/getUserInfo\",\"/AppController/logout\",\"/AppController/passwordReset\"],\"profile\":\"https://pfks-oss-center.oss-cn-beijing.aliyuncs.com/751544757301415940.png\",\"roles\":[\"common\",\"admin\"],\"userHost\":\"192.168.80.1\",\"userId\":749058260664978888,\"username\":\"系统管理员\"}', b'0', '无', 749058260664978888, '系统管理员');
INSERT INTO `sys_log` VALUES (755056312475324434, '2022-02-03 09:59:29', '192.168.80.1', '/yinxing-web/AppController/logout', '退出登录', 'POST', '{}', 1, '\"退出登录成功\"', b'0', '无', NULL, NULL);
INSERT INTO `sys_log` VALUES (755056330359836691, '2022-02-03 09:59:34', '192.168.80.1', '/yinxing-web/AppController/login', '登录系统', 'POST', '{\"username\":\"admin123\",\"password\":\"123456\"}', 138, '{\"authToken\":\"860ea860-32d9-47fb-be83-f80bc6b908f4\",\"jwtToken\":\"eyJ0eXAiOiJKV1QiLCJhbGciOiJIUzI1NiJ9.eyJleHAiOjE2NDUxNDk1NzMsInVzZXJuYW1lIjoiYWRtaW4xMjMifQ.WurAWZOj2PLCJAMOrNxF8dY8SOhTtXjBzZIrJYn5lFc\",\"loginTime\":1643853573605,\"permissions\":[\"/AppController/getUserInfo\",\"/AppController/logout\",\"/AppController/passwordReset\"],\"profile\":\"https://pfks-oss-center.oss-cn-beijing.aliyuncs.com/751544757301415940.png\",\"roles\":[\"common\",\"admin\"],\"userHost\":\"192.168.80.1\",\"userId\":749058260664978888,\"username\":\"系统管理员\"}', b'0', '无', 749058260664978888, '系统管理员');
INSERT INTO `sys_log` VALUES (755056563659608066, '2022-02-03 10:00:29', '192.168.80.1', '/yinxing-web/AppController/login', '登录系统', 'POST', '{\"username\":\"admin123\",\"password\":\"123456\"}', 126, '{\"authToken\":\"4e7c8571-3108-4178-9d79-de0fb7161038\",\"jwtToken\":\"eyJ0eXAiOiJKV1QiLCJhbGciOiJIUzI1NiJ9.eyJleHAiOjE2NDUxNDk2MjksInVzZXJuYW1lIjoiYWRtaW4xMjMifQ.c3wrc9eowhwEFUyio0n3BL4JQGRe6OiDke25-dB518Q\",\"loginTime\":1643853629127,\"permissions\":[\"/AppController/getUserInfo\",\"/AppController/logout\",\"/AppController/passwordReset\"],\"profile\":\"https://pfks-oss-center.oss-cn-beijing.aliyuncs.com/751544757301415940.png\",\"roles\":[\"common\",\"admin\"],\"userHost\":\"192.168.80.1\",\"userId\":749058260664978888,\"username\":\"系统管理员\"}', b'0', '无', 749058260664978888, '系统管理员');
INSERT INTO `sys_log` VALUES (755056588234035203, '2022-02-03 10:00:35', '192.168.80.1', '/yinxing-web/AppController/logout', '退出登录', 'POST', '{}', 1, '\"退出登录成功\"', b'0', '无', NULL, NULL);
INSERT INTO `sys_log` VALUES (755056605661368324, '2022-02-03 10:00:39', '192.168.80.1', '/yinxing-web/AppController/login', '登录系统', 'POST', '{\"username\":\"admin123\",\"password\":\"123456\"}', 270, '{\"authToken\":\"e9dbd820-2c94-4f03-8c17-22f07c8a538c\",\"jwtToken\":\"eyJ0eXAiOiJKV1QiLCJhbGciOiJIUzI1NiJ9.eyJleHAiOjE2NDUxNDk2MzksInVzZXJuYW1lIjoiYWRtaW4xMjMifQ.kdIc4J83psNX701lXPxwUqxChvLXdV7OD02MByYi7uQ\",\"loginTime\":1643853639148,\"permissions\":[\"/AppController/getUserInfo\",\"/AppController/logout\",\"/AppController/passwordReset\"],\"profile\":\"https://pfks-oss-center.oss-cn-beijing.aliyuncs.com/751544757301415940.png\",\"roles\":[\"common\",\"admin\"],\"userHost\":\"192.168.80.1\",\"userId\":749058260664978888,\"username\":\"系统管理员\"}', b'0', '无', 749058260664978888, '系统管理员');
INSERT INTO `sys_log` VALUES (755060735247257602, '2022-02-03 10:17:04', '192.168.80.1', '/yinxing-web/AppController/login', '登录系统', 'POST', '{\"username\":\"admin123\",\"password\":\"123456\"}', 104, '{\"authToken\":\"fe291990-c3a4-4f21-99bd-253b04732f26\",\"jwtToken\":\"eyJ0eXAiOiJKV1QiLCJhbGciOiJIUzI1NiJ9.eyJleHAiOjE2NDUxNTA2MjMsInVzZXJuYW1lIjoiYWRtaW4xMjMifQ.FZLUVNXbHj-cz6ObyV2VZ8eEXXBx9VQghi3JV9H7Yac\",\"loginTime\":1643854623765,\"permissions\":[\"/AppController/getUserInfo\",\"/AppController/logout\",\"/AppController/passwordReset\"],\"profile\":\"https://pfks-oss-center.oss-cn-beijing.aliyuncs.com/751544757301415940.png\",\"roles\":[\"common\",\"admin\"],\"userHost\":\"192.168.80.1\",\"userId\":749058260664978888,\"username\":\"系统管理员\"}', b'0', '无', 749058260664978888, '系统管理员');
INSERT INTO `sys_log` VALUES (755072692146802692, '2022-02-03 11:04:35', '192.168.80.1', '/yinxing-web/AppController/login', '登录系统', 'POST', '{\"username\":\"admin123\",\"password\":\"123456\"}', 106, '{\"authToken\":\"d8d3d40e-634e-4fd0-94c2-72295b140bbe\",\"jwtToken\":\"eyJ0eXAiOiJKV1QiLCJhbGciOiJIUzI1NiJ9.eyJleHAiOjE2NDUxNTM0NzQsInVzZXJuYW1lIjoiYWRtaW4xMjMifQ.1ptQs25U2vQXwXTuSqBu8Sw15_4m474Fx1s88qGjiLM\",\"loginTime\":1643857474573,\"permissions\":[\"/AppController/getUserInfo\",\"/AppController/logout\",\"/AppController/passwordReset\"],\"profile\":\"https://pfks-oss-center.oss-cn-beijing.aliyuncs.com/751544757301415940.png\",\"roles\":[\"common\",\"admin\"],\"userHost\":\"192.168.80.1\",\"userId\":749058260664978888,\"username\":\"系统管理员\"}', b'0', '无', 749058260664978888, '系统管理员');
INSERT INTO `sys_log` VALUES (755081658113331207, '2022-02-03 11:40:12', '192.168.80.1', '/yinxing-web/AppController/login', '登录系统', 'POST', '{\"username\":\"admin123\",\"password\":\"123456\"}', 120, '{\"authToken\":\"56c62487-03b9-436e-bb3f-b424080756cd\",\"jwtToken\":\"eyJ0eXAiOiJKV1QiLCJhbGciOiJIUzI1NiJ9.eyJleHAiOjE2NDUxNTU2MTIsInVzZXJuYW1lIjoiYWRtaW4xMjMifQ.q7F7PDwGKT0rj4r_5TcTV3H9EvsmVgus4QUJk72Ajww\",\"loginTime\":1643859612236,\"permissions\":[\"/AppController/getUserInfo\",\"/AppController/logout\",\"/AppController/passwordReset\"],\"profile\":\"https://pfks-oss-center.oss-cn-beijing.aliyuncs.com/751544757301415940.png\",\"roles\":[\"common\",\"admin\"],\"userHost\":\"192.168.80.1\",\"userId\":749058260664978888,\"username\":\"系统管理员\"}', b'0', '无', 749058260664978888, '系统管理员');
INSERT INTO `sys_log` VALUES (755089191850872834, '2022-02-03 12:10:08', '192.168.80.1', '/yinxing-web/AppController/login', '登录系统', 'POST', '{\"username\":\"admin123\",\"password\":\"123456\"}', 216, '{\"authToken\":\"c50852dc-21e9-4230-90c5-50f4c2d6a089\",\"jwtToken\":\"eyJ0eXAiOiJKV1QiLCJhbGciOiJIUzI1NiJ9.eyJleHAiOjE2NDUxNTc0MDgsInVzZXJuYW1lIjoiYWRtaW4xMjMifQ.aBOCfOxSMXch42F59KeLZXpYTKe3jU5gsqPTay5SbCA\",\"loginTime\":1643861408231,\"permissions\":[\"/AppController/getUserInfo\",\"/AppController/logout\",\"/AppController/passwordReset\"],\"profile\":\"https://pfks-oss-center.oss-cn-beijing.aliyuncs.com/751544757301415940.png\",\"roles\":[\"common\",\"admin\"],\"userHost\":\"192.168.80.1\",\"userId\":749058260664978888,\"username\":\"系统管理员\"}', b'0', '无', 749058260664978888, '系统管理员');
INSERT INTO `sys_log` VALUES (755089405923954690, '2022-02-03 12:10:59', '192.168.80.1', '/yinxing-web/AppController/login', '登录系统', 'POST', '{\"username\":\"admin123\",\"password\":\"123456\"}', 130, '{\"authToken\":\"80c84556-f7b9-489e-a0ab-253dcdd91711\",\"jwtToken\":\"eyJ0eXAiOiJKV1QiLCJhbGciOiJIUzI1NiJ9.eyJleHAiOjE2NDUxNTc0NTksInVzZXJuYW1lIjoiYWRtaW4xMjMifQ.kMM_fiL251jZNbU6c5QfSf7fo4CnvVFtJXhhwX-cI3Q\",\"loginTime\":1643861459359,\"permissions\":[\"/AppController/getUserInfo\",\"/AppController/logout\",\"/AppController/passwordReset\"],\"profile\":\"https://pfks-oss-center.oss-cn-beijing.aliyuncs.com/751544757301415940.png\",\"roles\":[\"common\",\"admin\"],\"userHost\":\"192.168.80.1\",\"userId\":749058260664978888,\"username\":\"系统管理员\"}', b'0', '无', 749058260664978888, '系统管理员');
INSERT INTO `sys_log` VALUES (755170573222547458, '2022-02-03 17:33:31', '192.168.80.1', '/yinxing-web/AppController/login', '登录系统', 'POST', '{\"username\":\"admin123\",\"password\":\"123456\"}', 132, '{\"authToken\":\"d41b48ef-ec3b-4ae6-a9e8-9c911ae6db5b\",\"jwtToken\":\"eyJ0eXAiOiJKV1QiLCJhbGciOiJIUzI1NiJ9.eyJleHAiOjE2NDUxNzY4MTEsInVzZXJuYW1lIjoiYWRtaW4xMjMifQ.e0Aq1sI_wyqfTc7hxLJ2MgtJU4QHe7uCbtnDf3EI5DY\",\"loginTime\":1643880811100,\"permissions\":[\"/AppController/getUserInfo\",\"/AppController/logout\",\"/AppController/passwordReset\"],\"profile\":\"https://pfks-oss-center.oss-cn-beijing.aliyuncs.com/751544757301415940.png\",\"roles\":[\"common\",\"admin\"],\"userHost\":\"192.168.80.1\",\"userId\":749058260664978888,\"username\":\"系统管理员\"}', b'0', '无', 749058260664978888, '系统管理员');
INSERT INTO `sys_log` VALUES (755171616819908611, '2022-02-03 17:37:40', '127.0.0.1', '/yinxing-web/AppController/systemInfo', '获取系统运行信息', 'GET', '{\"id\":\"1234\"}', 2240, '{\"cpu\":{\"cpuNum\":8,\"free\":83.86,\"sys\":5.95,\"total\":812200.0,\"used\":10.0,\"wait\":0.0},\"jvm\":{\"free\":152.12,\"home\":\"C:\\\\Java\\\\jdk-11.0.10\",\"max\":4068.0,\"name\":\"Java HotSpot(TM) 64-Bit Server VM\",\"runTime\":\"0天0小时-6分钟\",\"startTime\":\"2022-02-03 17:31:38\",\"total\":308.0,\"usage\":50.61,\"used\":155.88,\"version\":\"11.0.10\"},\"mem\":{\"free\":5.35,\"total\":15.89,\"usage\":66.32,\"used\":10.54},\"sys\":{\"computerIp\":\"192.168.80.1\",\"computerName\":\"DESKTOP-UL11U4C\",\"osArch\":\"amd64\",\"osName\":\"Windows 10\",\"userDir\":\"D:\\\\IdeaProject\\\\YinXing\"},\"sysFiles\":[{\"dirName\":\"C:\\\\\",\"free\":\"68.9 GB\",\"sysTypeName\":\"NTFS\",\"total\":\"140.2 GB\",\"typeName\":\"本地固定磁盘 (C:)\",\"usage\":50.85,\"used\":\"71.3 GB\"},{\"dirName\":\"D:\\\\\",\"free\":\"67.9 GB\",\"sysTypeName\":\"NTFS\",\"total\":\"97.7 GB\",\"typeName\":\"本地固定磁盘 (D:)\",\"usage\":30.44,\"used\":\"29.7 GB\"}]}', b'0', '无', NULL, NULL);
INSERT INTO `sys_log` VALUES (755172482528448516, '2022-02-03 17:41:06', '127.0.0.1', '/yinxing-web/AppController/systemInfo', '获取系统运行信息', 'GET', '{\"id\":\"1234\"}', 1084, '{\"cpu\":{\"cpuNum\":8,\"free\":93.68,\"sys\":2.29,\"total\":812300.0,\"used\":3.64,\"wait\":0.0},\"jvm\":{\"free\":131.64,\"home\":\"C:\\\\Java\\\\jdk-11.0.10\",\"max\":4068.0,\"name\":\"Java HotSpot(TM) 64-Bit Server VM\",\"runTime\":\"0天0小时-9分钟\",\"startTime\":\"2022-02-03 17:31:38\",\"total\":308.0,\"usage\":57.26,\"used\":176.36,\"version\":\"11.0.10\"},\"mem\":{\"free\":5.24,\"total\":15.89,\"usage\":67.01,\"used\":10.65},\"sys\":{\"computerIp\":\"192.168.80.1\",\"computerName\":\"DESKTOP-UL11U4C\",\"osArch\":\"amd64\",\"osName\":\"Windows 10\",\"userDir\":\"D:\\\\IdeaProject\\\\YinXing\"},\"sysFiles\":[{\"dirName\":\"C:\\\\\",\"free\":\"68.9 GB\",\"sysTypeName\":\"NTFS\",\"total\":\"140.2 GB\",\"typeName\":\"本地固定磁盘 (C:)\",\"usage\":50.86,\"used\":\"71.3 GB\"},{\"dirName\":\"D:\\\\\",\"free\":\"67.9 GB\",\"sysTypeName\":\"NTFS\",\"total\":\"97.7 GB\",\"typeName\":\"本地固定磁盘 (D:)\",\"usage\":30.44,\"used\":\"29.7 GB\"}]}', b'0', '无', NULL, NULL);
INSERT INTO `sys_log` VALUES (755173987423752197, '2022-02-03 17:47:05', '127.0.0.1', '/yinxing-web/AppController/systemInfo', '获取系统运行信息', 'GET', '{\"id\":\"1234\"}', 61442, '{\"cpu\":{\"cpuNum\":8,\"free\":91.33,\"sys\":1.56,\"total\":812800.0,\"used\":6.93,\"wait\":0.0},\"jvm\":{\"free\":127.71,\"home\":\"C:\\\\Java\\\\jdk-11.0.10\",\"max\":4068.0,\"name\":\"Java HotSpot(TM) 64-Bit Server VM\",\"runTime\":\"0天0小时-15分钟\",\"startTime\":\"2022-02-03 17:31:38\",\"total\":308.0,\"usage\":58.53,\"used\":180.29,\"version\":\"11.0.10\"},\"mem\":{\"free\":5.06,\"total\":15.89,\"usage\":67.75,\"used\":10.76},\"sys\":{\"computerIp\":\"192.168.80.1\",\"computerName\":\"DESKTOP-UL11U4C\",\"osArch\":\"amd64\",\"osName\":\"Windows 10\",\"userDir\":\"D:\\\\IdeaProject\\\\YinXing\"},\"sysFiles\":[{\"dirName\":\"C:\\\\\",\"free\":\"68.9 GB\",\"sysTypeName\":\"NTFS\",\"total\":\"140.2 GB\",\"typeName\":\"本地固定磁盘 (C:)\",\"usage\":50.86,\"used\":\"71.3 GB\"},{\"dirName\":\"D:\\\\\",\"free\":\"67.9 GB\",\"sysTypeName\":\"NTFS\",\"total\":\"97.7 GB\",\"typeName\":\"本地固定磁盘 (D:)\",\"usage\":30.45,\"used\":\"29.7 GB\"}]}', b'0', '无', NULL, NULL);
INSERT INTO `sys_log` VALUES (755184318741090312, '2022-02-03 18:28:08', '127.0.0.1', '/yinxing-web/AppController/systemInfo', '获取系统运行信息', 'GET', '{\"id\":\"1234\"}', 1067, '{\"cpu\":{\"cpuNum\":8,\"free\":93.65,\"sys\":2.12,\"total\":812500.0,\"used\":4.04,\"wait\":0.0},\"jvm\":{\"free\":200.57,\"home\":\"C:\\\\Java\\\\jdk-11.0.10\",\"max\":4068.0,\"name\":\"Java HotSpot(TM) 64-Bit Server VM\",\"runTime\":\"0天0小时-56分钟\",\"startTime\":\"2022-02-03 17:31:38\",\"total\":308.0,\"usage\":34.88,\"used\":107.43,\"version\":\"11.0.10\"},\"mem\":{\"free\":3.56,\"total\":15.89,\"usage\":77.57,\"used\":12.32},\"sys\":{\"computerIp\":\"192.168.80.1\",\"computerName\":\"DESKTOP-UL11U4C\",\"osArch\":\"amd64\",\"osName\":\"Windows 10\",\"userDir\":\"D:\\\\IdeaProject\\\\YinXing\"},\"sysFiles\":[{\"dirName\":\"C:\\\\\",\"free\":\"68.8 GB\",\"sysTypeName\":\"NTFS\",\"total\":\"140.2 GB\",\"typeName\":\"本地固定磁盘 (C:)\",\"usage\":50.88,\"used\":\"71.3 GB\"},{\"dirName\":\"D:\\\\\",\"free\":\"67.9 GB\",\"sysTypeName\":\"NTFS\",\"total\":\"97.7 GB\",\"typeName\":\"本地固定磁盘 (D:)\",\"usage\":30.45,\"used\":\"29.7 GB\"}]}', b'0', '无', NULL, NULL);
INSERT INTO `sys_log` VALUES (755185546761998345, '2022-02-03 18:33:01', '127.0.0.1', '/yinxing-web/AppController/systemInfo', '获取系统运行信息', 'GET', '{\"id\":\"1234\"}', 45939, '{\"cpu\":{\"cpuNum\":8,\"free\":87.59,\"sys\":2.51,\"total\":804700.0,\"used\":9.72,\"wait\":0.0},\"jvm\":{\"free\":187.35,\"home\":\"C:\\\\Java\\\\jdk-11.0.10\",\"max\":4068.0,\"name\":\"Java HotSpot(TM) 64-Bit Server VM\",\"runTime\":\"0天-1小时-1分钟\",\"startTime\":\"2022-02-03 17:31:38\",\"total\":308.0,\"usage\":39.17,\"used\":120.65,\"version\":\"11.0.10\"},\"mem\":{\"free\":3.47,\"total\":15.89,\"usage\":78.16,\"used\":12.42},\"sys\":{\"computerIp\":\"192.168.80.1\",\"computerName\":\"DESKTOP-UL11U4C\",\"osArch\":\"amd64\",\"osName\":\"Windows 10\",\"userDir\":\"D:\\\\IdeaProject\\\\YinXing\"},\"sysFiles\":[{\"dirName\":\"C:\\\\\",\"free\":\"68.8 GB\",\"sysTypeName\":\"NTFS\",\"total\":\"140.2 GB\",\"typeName\":\"本地固定磁盘 (C:)\",\"usage\":50.88,\"used\":\"71.3 GB\"},{\"dirName\":\"D:\\\\\",\"free\":\"67.9 GB\",\"sysTypeName\":\"NTFS\",\"total\":\"97.7 GB\",\"typeName\":\"本地固定磁盘 (D:)\",\"usage\":30.46,\"used\":\"29.7 GB\"}]}', b'0', '无', NULL, NULL);
INSERT INTO `sys_log` VALUES (755186331616940042, '2022-02-03 18:36:08', '127.0.0.1', '/yinxing-web/AppController/systemInfo', '获取系统运行信息', 'GET', '{\"id\":\"1234\"}', 3941, '{\"cpu\":{\"cpuNum\":8,\"free\":90.98,\"sys\":3.07,\"total\":812300.0,\"used\":5.76,\"wait\":0.0},\"jvm\":{\"free\":183.29,\"home\":\"C:\\\\Java\\\\jdk-11.0.10\",\"max\":4068.0,\"name\":\"Java HotSpot(TM) 64-Bit Server VM\",\"runTime\":\"0天-1小时-4分钟\",\"startTime\":\"2022-02-03 17:31:38\",\"total\":308.0,\"usage\":40.49,\"used\":124.71,\"version\":\"11.0.10\"},\"mem\":{\"free\":3.42,\"total\":15.89,\"usage\":78.49,\"used\":12.47},\"sys\":{\"computerIp\":\"192.168.80.1\",\"computerName\":\"DESKTOP-UL11U4C\",\"osArch\":\"amd64\",\"osName\":\"Windows 10\",\"userDir\":\"D:\\\\IdeaProject\\\\YinXing\"},\"sysFiles\":[{\"dirName\":\"C:\\\\\",\"free\":\"68.9 GB\",\"sysTypeName\":\"NTFS\",\"total\":\"140.2 GB\",\"typeName\":\"本地固定磁盘 (C:)\",\"usage\":50.87,\"used\":\"71.3 GB\"},{\"dirName\":\"D:\\\\\",\"free\":\"67.9 GB\",\"sysTypeName\":\"NTFS\",\"total\":\"97.7 GB\",\"typeName\":\"本地固定磁盘 (D:)\",\"usage\":30.46,\"used\":\"29.7 GB\"}]}', b'0', '无', NULL, NULL);
INSERT INTO `sys_log` VALUES (755186747087917057, '2022-02-03 18:37:47', '127.0.0.1', '/yinxing-web/AppController/systemInfo', '获取系统运行信息', 'GET', '{\"id\":\"1234\"}', 1969, '{\"cpu\":{\"cpuNum\":8,\"free\":90.83,\"sys\":3.23,\"total\":816900.0,\"used\":5.94,\"wait\":0.0},\"jvm\":{\"free\":194.12,\"home\":\"C:\\\\Java\\\\jdk-11.0.10\",\"max\":4068.0,\"name\":\"Java HotSpot(TM) 64-Bit Server VM\",\"runTime\":\"0天0小时0分钟\",\"startTime\":\"2022-02-03 18:37:31\",\"total\":308.0,\"usage\":36.97,\"used\":113.88,\"version\":\"11.0.10\"},\"mem\":{\"free\":3.25,\"total\":15.89,\"usage\":79.57,\"used\":12.64},\"sys\":{\"computerIp\":\"192.168.80.1\",\"computerName\":\"DESKTOP-UL11U4C\",\"osArch\":\"amd64\",\"osName\":\"Windows 10\",\"userDir\":\"D:\\\\IdeaProject\\\\YinXing\"},\"sysFiles\":[{\"dirName\":\"C:\\\\\",\"free\":\"68.9 GB\",\"sysTypeName\":\"NTFS\",\"total\":\"140.2 GB\",\"typeName\":\"本地固定磁盘 (C:)\",\"usage\":50.87,\"used\":\"71.3 GB\"},{\"dirName\":\"D:\\\\\",\"free\":\"67.9 GB\",\"sysTypeName\":\"NTFS\",\"total\":\"97.7 GB\",\"typeName\":\"本地固定磁盘 (D:)\",\"usage\":30.46,\"used\":\"29.7 GB\"}]}', b'0', '无', NULL, NULL);
INSERT INTO `sys_log` VALUES (755187075778744322, '2022-02-03 18:39:06', '127.0.0.1', '/yinxing-web/AppController/systemInfo', '获取系统运行信息', 'GET', '{\"id\":\"1234\"}', 1056, '{\"cpu\":{\"cpuNum\":8,\"free\":88.09,\"sys\":3.45,\"total\":812500.0,\"used\":8.09,\"wait\":0.0},\"jvm\":{\"free\":158.39,\"home\":\"C:\\\\Java\\\\jdk-11.0.10\",\"max\":4068.0,\"name\":\"Java HotSpot(TM) 64-Bit Server VM\",\"runTime\":\"0天0小时-1分钟\",\"startTime\":\"2022-02-03 18:37:31\",\"total\":308.0,\"usage\":48.58,\"used\":149.61,\"version\":\"11.0.10\"},\"mem\":{\"free\":3.88,\"total\":15.89,\"usage\":75.59,\"used\":12.01},\"sys\":{\"computerIp\":\"192.168.80.1\",\"computerName\":\"DESKTOP-UL11U4C\",\"osArch\":\"amd64\",\"osName\":\"Windows 10\",\"userDir\":\"D:\\\\IdeaProject\\\\YinXing\"},\"sysFiles\":[{\"dirName\":\"C:\\\\\",\"free\":\"68.9 GB\",\"sysTypeName\":\"NTFS\",\"total\":\"140.2 GB\",\"typeName\":\"本地固定磁盘 (C:)\",\"usage\":50.87,\"used\":\"71.3 GB\"},{\"dirName\":\"D:\\\\\",\"free\":\"67.9 GB\",\"sysTypeName\":\"NTFS\",\"total\":\"97.7 GB\",\"typeName\":\"本地固定磁盘 (D:)\",\"usage\":30.46,\"used\":\"29.7 GB\"}]}', b'0', '无', NULL, NULL);
INSERT INTO `sys_log` VALUES (755188403036884995, '2022-02-03 18:44:22', '127.0.0.1', '/yinxing-web/AppController/systemInfo', '获取系统运行信息', 'GET', '{\"id\":\"1234\"}', 85972, '{\"cpu\":{\"cpuNum\":8,\"free\":89.64,\"sys\":3.51,\"total\":800100.0,\"used\":6.65,\"wait\":0.0},\"jvm\":{\"free\":154.11,\"home\":\"C:\\\\Java\\\\jdk-11.0.10\",\"max\":4068.0,\"name\":\"Java HotSpot(TM) 64-Bit Server VM\",\"runTime\":\"0天0小时-6分钟\",\"startTime\":\"2022-02-03 18:37:31\",\"total\":308.0,\"usage\":49.97,\"used\":153.89,\"version\":\"11.0.10\"},\"mem\":{\"free\":3.88,\"total\":15.89,\"usage\":75.56,\"used\":12.0},\"sys\":{\"computerIp\":\"192.168.80.1\",\"computerName\":\"DESKTOP-UL11U4C\",\"osArch\":\"amd64\",\"osName\":\"Windows 10\",\"userDir\":\"D:\\\\IdeaProject\\\\YinXing\"},\"sysFiles\":[{\"dirName\":\"C:\\\\\",\"free\":\"68.9 GB\",\"sysTypeName\":\"NTFS\",\"total\":\"140.2 GB\",\"typeName\":\"本地固定磁盘 (C:)\",\"usage\":50.87,\"used\":\"71.3 GB\"},{\"dirName\":\"D:\\\\\",\"free\":\"67.9 GB\",\"sysTypeName\":\"NTFS\",\"total\":\"97.7 GB\",\"typeName\":\"本地固定磁盘 (D:)\",\"usage\":30.46,\"used\":\"29.7 GB\"}]}', b'0', '无', NULL, NULL);
INSERT INTO `sys_log` VALUES (755188832227430402, '2022-02-03 18:46:05', '192.168.80.1', '/yinxing-web/AppController/login', '登录系统', 'POST', '{\"username\":\"admin123\",\"password\":\"123456\"}', 122, '{\"authToken\":\"f2b669d1-dc58-4574-a2bf-f0bb79aaa4bb\",\"jwtToken\":\"eyJ0eXAiOiJKV1QiLCJhbGciOiJIUzI1NiJ9.eyJleHAiOjE2NDUxODExNjQsInVzZXJuYW1lIjoiYWRtaW4xMjMifQ._O1o6pyevV3VUjNkxz-jS6MHlVi2EoA1qgWiC0bgq2I\",\"loginTime\":1643885164444,\"permissions\":[\"/AppController/getUserInfo\",\"/AppController/logout\",\"/AppController/passwordReset\"],\"profile\":\"https://pfks-oss-center.oss-cn-beijing.aliyuncs.com/751544757301415940.png\",\"roles\":[\"common\",\"admin\"],\"userHost\":\"192.168.80.1\",\"userId\":749058260664978888,\"username\":\"系统管理员\"}', b'0', '无', 749058260664978888, '系统管理员');
INSERT INTO `sys_log` VALUES (755189202701914115, '2022-02-03 18:47:33', '127.0.0.1', '/yinxing-web/AppController/systemInfo', '获取系统运行信息', 'GET', '{\"id\":\"1234\"}', 1870, '{\"cpu\":{\"cpuNum\":8,\"sys\":\"1.33%\",\"totalFree\":\"92.4%\",\"used\":\"6.07%\",\"wait\":\"0%\"},\"jvm\":{\"free\":155.22,\"home\":\"C:\\\\Java\\\\jdk-11.0.10\",\"max\":4068.0,\"name\":\"Java HotSpot(TM) 64-Bit Server VM\",\"runTime\":\"0天0小时-2分钟\",\"startTime\":\"2022-02-03 18:45:10\",\"total\":308.0,\"usage\":49.6,\"used\":152.78,\"version\":\"11.0.10\"},\"mem\":{\"free\":3.3,\"total\":15.89,\"usage\":79.23,\"used\":12.59},\"sys\":{\"computerIp\":\"192.168.80.1\",\"computerName\":\"DESKTOP-UL11U4C\",\"osArch\":\"amd64\",\"osName\":\"Windows 10\",\"userDir\":\"D:\\\\IdeaProject\\\\YinXing\"},\"sysFiles\":[{\"dirName\":\"C:\\\\\",\"free\":\"68.9 GB\",\"sysTypeName\":\"NTFS\",\"total\":\"140.2 GB\",\"typeName\":\"本地固定磁盘 (C:)\",\"usage\":50.88,\"used\":\"71.3 GB\"},{\"dirName\":\"D:\\\\\",\"free\":\"67.9 GB\",\"sysTypeName\":\"NTFS\",\"total\":\"97.7 GB\",\"typeName\":\"本地固定磁盘 (D:)\",\"usage\":30.46,\"used\":\"29.7 GB\"}]}', b'0', '无', NULL, NULL);
INSERT INTO `sys_log` VALUES (755189517949997060, '2022-02-03 18:48:48', '192.168.80.1', '/yinxing-web/AppController/logout', '退出登录', 'POST', '{}', 1, '\"退出登录成功\"', b'0', '无', NULL, NULL);
INSERT INTO `sys_log` VALUES (755189534051930117, '2022-02-03 18:48:52', '192.168.80.1', '/yinxing-web/AppController/login', '登录系统', 'POST', '{\"username\":\"admin123\",\"password\":\"123456\"}', 97, '{\"authToken\":\"a92ab531-d95d-4482-bc4e-c447f59d5247\",\"jwtToken\":\"eyJ0eXAiOiJKV1QiLCJhbGciOiJIUzI1NiJ9.eyJleHAiOjE2NDUxODEzMzEsInVzZXJuYW1lIjoiYWRtaW4xMjMifQ.7SO4mbRjchwpf4tBmxcgXfonYQrw1pVTUPBRvLr3mig\",\"loginTime\":1643885331858,\"permissions\":[\"/AppController/getUserInfo\",\"/AppController/logout\",\"/AppController/passwordReset\"],\"profile\":\"https://pfks-oss-center.oss-cn-beijing.aliyuncs.com/751544757301415940.png\",\"roles\":[\"common\",\"admin\"],\"userHost\":\"192.168.80.1\",\"userId\":749058260664978888,\"username\":\"系统管理员\"}', b'0', '无', 749058260664978888, '系统管理员');
INSERT INTO `sys_log` VALUES (755192042841313281, '2022-02-03 18:58:50', '127.0.0.1', '/yinxing-web/AppController/systemInfo', '获取系统运行信息', 'GET', '{\"id\":\"1234\"}', 1920, '{\"cpu\":{\"cpuNum\":8,\"sys\":\"2.55%\",\"totalFree\":\"91.42%\",\"used\":\"5.84%\",\"wait\":\"0%\"},\"jvm\":{\"free\":228.92,\"home\":\"C:\\\\Java\\\\jdk-11.0.10\",\"max\":4068.0,\"name\":\"Java HotSpot(TM) 64-Bit Server VM\",\"runTime\":\"0天0小时0分钟\",\"startTime\":\"2022-02-03 18:58:36\",\"total\":308.0,\"usage\":25.68,\"used\":79.08,\"version\":\"11.0.10\"},\"mem\":{\"free\":\"3.26GB\",\"total\":\"15.89GB\",\"used\":\"12.63GB\",\"usedRate\":\"79.48%\"},\"sys\":{\"computerIp\":\"192.168.80.1\",\"computerName\":\"DESKTOP-UL11U4C\",\"osArch\":\"amd64\",\"osName\":\"Windows 10\",\"userDir\":\"D:\\\\IdeaProject\\\\YinXing\"},\"sysFiles\":[{\"dirName\":\"C:\\\\\",\"free\":\"68.8 GB\",\"sysTypeName\":\"NTFS\",\"total\":\"140.2 GB\",\"typeName\":\"本地固定磁盘 (C:)\",\"usage\":50.88,\"used\":\"71.3 GB\"},{\"dirName\":\"D:\\\\\",\"free\":\"67.9 GB\",\"sysTypeName\":\"NTFS\",\"total\":\"97.7 GB\",\"typeName\":\"本地固定磁盘 (D:)\",\"usage\":30.46,\"used\":\"29.7 GB\"}]}', b'0', '无', NULL, NULL);
INSERT INTO `sys_log` VALUES (755194729230110722, '2022-02-03 19:09:30', '192.168.80.1', '/yinxing-web/AppController/login', '登录系统', 'POST', '{\"username\":\"admin123\",\"password\":\"123456\"}', 123, '{\"authToken\":\"1981f722-2d1e-4c79-969f-89e220b734ee\",\"jwtToken\":\"eyJ0eXAiOiJKV1QiLCJhbGciOiJIUzI1NiJ9.eyJleHAiOjE2NDUxODI1NzAsInVzZXJuYW1lIjoiYWRtaW4xMjMifQ.KR3CpG0ippS47G2xOxm3liTbv_lbJ-M2yYf_32CCDoo\",\"loginTime\":1643886570393,\"permissions\":[\"/AppController/getUserInfo\",\"/AppController/logout\",\"/AppController/passwordReset\"],\"profile\":\"https://pfks-oss-center.oss-cn-beijing.aliyuncs.com/751544757301415940.png\",\"roles\":[\"common\",\"admin\"],\"userHost\":\"192.168.80.1\",\"userId\":749058260664978888,\"username\":\"系统管理员\"}', b'0', '无', 749058260664978888, '系统管理员');
INSERT INTO `sys_log` VALUES (755194764323852291, '2022-02-03 19:09:39', '127.0.0.1', '/yinxing-web/AppController/systemInfo', '获取系统运行信息', 'GET', '{\"id\":\"1234\"}', 1872, '{\"cpu\":{\"cpuNum\":8,\"sys\":\"1.35%\",\"totalFree\":\"91.53%\",\"used\":\"6.93%\",\"wait\":\"0%\"},\"jvm\":{\"free\":\"171.47MB\",\"home\":\"C:\\\\Java\\\\jdk-11.0.10\",\"total\":\"308MB\",\"use\":\"136.53MB\",\"usedRate\":\"44.33%\",\"version\":\"11.0.10\"},\"mem\":{\"free\":\"3.17GB\",\"total\":\"15.89GB\",\"used\":\"12.71GB\",\"usedRate\":\"80.03%\"},\"sys\":{\"computerIp\":\"192.168.80.1\",\"computerName\":\"DESKTOP-UL11U4C\",\"osArch\":\"amd64\",\"osName\":\"Windows 10\",\"userDir\":\"D:\\\\IdeaProject\\\\YinXing\"},\"sysFiles\":[{\"dirName\":\"C:\\\\\",\"free\":\"68.8 GB\",\"sysTypeName\":\"NTFS\",\"total\":\"140.2 GB\",\"typeName\":\"本地固定磁盘 (C:)\",\"usage\":50.89,\"used\":\"71.3 GB\"},{\"dirName\":\"D:\\\\\",\"free\":\"67.9 GB\",\"sysTypeName\":\"NTFS\",\"total\":\"97.7 GB\",\"typeName\":\"本地固定磁盘 (D:)\",\"usage\":30.46,\"used\":\"29.7 GB\"}]}', b'0', '无', NULL, NULL);
INSERT INTO `sys_log` VALUES (755196144061124609, '2022-02-03 19:15:08', '127.0.0.1', '/yinxing-web/AppController/systemInfo', '获取系统运行信息', 'GET', '{\"id\":\"1234\"}', 1860, '{\"cpu\":{\"cpuNum\":8,\"sys\":\"1.9%\",\"totalFree\":\"91.46%\",\"used\":\"6.07%\",\"wait\":\"0%\"},\"jvm\":{\"free\":\"199.79MB\",\"home\":\"C:\\\\Java\\\\jdk-11.0.10\",\"max\":\"3.97GB\",\"total\":\"308MB\",\"use\":\"108.21MB\",\"usedRate\":\"35.13%\",\"version\":\"11.0.10\"},\"mem\":{\"free\":\"3.46GB\",\"total\":\"15.89GB\",\"used\":\"12.43GB\",\"usedRate\":\"78.24%\"},\"sys\":{\"computerIp\":\"192.168.80.1\",\"computerName\":\"DESKTOP-UL11U4C\",\"osArch\":\"amd64\",\"osName\":\"Windows 10\",\"userDir\":\"D:\\\\IdeaProject\\\\YinXing\"},\"sysFiles\":[{\"dirName\":\"C:\\\\\",\"free\":\"68.9 GB\",\"sysTypeName\":\"NTFS\",\"total\":\"140.2 GB\",\"typeName\":\"本地固定磁盘 (C:)\",\"usage\":50.88,\"used\":\"71.3 GB\"},{\"dirName\":\"D:\\\\\",\"free\":\"67.9 GB\",\"sysTypeName\":\"NTFS\",\"total\":\"97.7 GB\",\"typeName\":\"本地固定磁盘 (D:)\",\"usage\":30.46,\"used\":\"29.7 GB\"}]}', b'0', '无', NULL, NULL);
INSERT INTO `sys_log` VALUES (755196871764480003, '2022-02-03 19:18:01', '192.168.80.1', '/yinxing-web/AppController/login', '登录系统', 'POST', '{\"username\":\"admin123\",\"password\":\"123456\"}', 119, '{\"authToken\":\"cef69f54-73d2-4288-ba81-de6d6e3ca0d6\",\"jwtToken\":\"eyJ0eXAiOiJKV1QiLCJhbGciOiJIUzI1NiJ9.eyJleHAiOjE2NDUxODMwODEsInVzZXJuYW1lIjoiYWRtaW4xMjMifQ.LcObd_t2TfuQ4VjtzG_CfLNQDBi_YvkZtgmqezAPHBs\",\"loginTime\":1643887081262,\"permissions\":[\"/AppController/getUserInfo\",\"/AppController/logout\",\"/AppController/passwordReset\"],\"profile\":\"https://pfks-oss-center.oss-cn-beijing.aliyuncs.com/751544757301415940.png\",\"roles\":[\"common\",\"admin\"],\"userHost\":\"192.168.80.1\",\"userId\":749058260664978888,\"username\":\"系统管理员\"}', b'0', '无', 749058260664978888, '系统管理员');
INSERT INTO `sys_log` VALUES (755196890575933444, '2022-02-03 19:18:06', '127.0.0.1', '/yinxing-web/AppController/systemInfo', '获取系统运行信息', 'GET', '{\"id\":\"1234\"}', 1100, '{\"cpu\":{\"cpuNum\":8,\"sys\":\"7.9%\",\"totalFree\":\"79.99%\",\"used\":\"11.54%\",\"wait\":\"0%\"},\"jvm\":{\"free\":\"138.79MB\",\"home\":\"C:\\\\Java\\\\jdk-11.0.10\",\"max\":\"3.97GB\",\"total\":\"308MB\",\"use\":\"169.21MB\",\"usedRate\":\"54.94%\",\"version\":\"11.0.10\"},\"mem\":{\"free\":\"3.45GB\",\"total\":\"15.89GB\",\"used\":\"12.44GB\",\"usedRate\":\"78.28%\"},\"sys\":{\"computerIp\":\"192.168.80.1\",\"computerName\":\"DESKTOP-UL11U4C\",\"osArch\":\"amd64\",\"osName\":\"Windows 10\",\"userDir\":\"D:\\\\IdeaProject\\\\YinXing\"},\"sysFiles\":[{\"dirName\":\"C:\\\\\",\"free\":\"68.9 GB\",\"sysTypeName\":\"NTFS\",\"total\":\"140.2 GB\",\"typeName\":\"本地固定磁盘 (C:)\",\"usage\":50.88,\"used\":\"71.3 GB\"},{\"dirName\":\"D:\\\\\",\"free\":\"67.9 GB\",\"sysTypeName\":\"NTFS\",\"total\":\"97.7 GB\",\"typeName\":\"本地固定磁盘 (D:)\",\"usage\":30.46,\"used\":\"29.7 GB\"}]}', b'0', '无', NULL, NULL);
INSERT INTO `sys_log` VALUES (755419019867197442, '2022-02-04 10:00:45', '192.168.80.1', '/yinxing-web/AppController/login', '登录系统', 'POST', '{\"username\":\"admin123\",\"password\":\"123456\"}', 247, '{\"authToken\":\"95b65605-fca4-4f74-9639-7540c72ea6d0\",\"jwtToken\":\"eyJ0eXAiOiJKV1QiLCJhbGciOiJIUzI1NiJ9.eyJleHAiOjE2NDUyMzYwNDUsInVzZXJuYW1lIjoiYWRtaW4xMjMifQ.c6dYVvKuRGWVPJlT1wisjE_e-eYGUqPLownnGoAFp14\",\"loginTime\":1643940045204,\"permissions\":[\"/AppController/getUserInfo\",\"/AppController/logout\",\"/AppController/passwordReset\"],\"profile\":\"https://pfks-oss-center.oss-cn-beijing.aliyuncs.com/751544757301415940.png\",\"roles\":[\"common\",\"admin\"],\"userHost\":\"192.168.80.1\",\"userId\":749058260664978888,\"username\":\"系统管理员\"}', b'0', '无', 749058260664978888, '系统管理员');
INSERT INTO `sys_log` VALUES (755419315251056643, '2022-02-04 10:01:56', '127.0.0.1', '/yinxing-web/AppController/systemInfo', '获取系统运行信息', 'GET', '{\"id\":\"1234\"}', 1939, '{\"cpu\":{\"cpuNum\":8,\"sys\":\"1.51%\",\"totalFree\":\"93.55%\",\"used\":\"4.35%\",\"wait\":\"0%\"},\"jvm\":{\"free\":\"149.51MB\",\"home\":\"C:\\\\Java\\\\jdk-11.0.10\",\"max\":\"3.97GB\",\"total\":\"310MB\",\"use\":\"160.49MB\",\"usedRate\":\"51.77%\",\"version\":\"11.0.10\"},\"mem\":{\"free\":\"6.25GB\",\"total\":\"15.89GB\",\"used\":\"9.63GB\",\"usedRate\":\"60.65%\"},\"sys\":{\"computerIp\":\"192.168.80.1\",\"computerName\":\"DESKTOP-UL11U4C\",\"osArch\":\"amd64\",\"osName\":\"Windows 10\",\"userDir\":\"D:\\\\IdeaProject\\\\YinXing\"},\"sysFiles\":[{\"dirName\":\"C:\\\\\",\"free\":\"71.6 GB\",\"sysTypeName\":\"NTFS\",\"total\":\"140.2 GB\",\"typeName\":\"本地固定磁盘 (C:)\",\"usage\":48.91,\"used\":\"68.6 GB\"},{\"dirName\":\"D:\\\\\",\"free\":\"67.9 GB\",\"sysTypeName\":\"NTFS\",\"total\":\"97.7 GB\",\"typeName\":\"本地固定磁盘 (D:)\",\"usage\":30.46,\"used\":\"29.7 GB\"}]}', b'0', '无', NULL, NULL);
INSERT INTO `sys_log` VALUES (755434192229240834, '2022-02-04 11:01:03', '192.168.80.1', '/yinxing-web/AppController/login', '登录系统', 'POST', '{\"username\":\"admin123\",\"password\":\"123456\"}', 105, '{\"authToken\":\"6b81daf2-6fc5-475c-8068-c2c1c7c68540\",\"jwtToken\":\"eyJ0eXAiOiJKV1QiLCJhbGciOiJIUzI1NiJ9.eyJleHAiOjE2NDUyMzk2NjIsInVzZXJuYW1lIjoiYWRtaW4xMjMifQ.HjI4CDmYZ_O7y79_IOpLY4TQvgS2tdMf2_5QG8m1tRw\",\"loginTime\":1643943662844,\"permissions\":[\"/AppController/getUserInfo\",\"/AppController/logout\",\"/AppController/passwordReset\"],\"profile\":\"https://pfks-oss-center.oss-cn-beijing.aliyuncs.com/751544757301415940.png\",\"roles\":[\"common\",\"admin\"],\"userHost\":\"192.168.80.1\",\"userId\":749058260664978888,\"username\":\"系统管理员\"}', b'0', '无', 749058260664978888, '系统管理员');
INSERT INTO `sys_log` VALUES (755434208398282755, '2022-02-04 11:01:07', '127.0.0.1', '/yinxing-web/AppController/systemInfo', '获取系统运行信息', 'GET', '{\"id\":\"1234\"}', 1629, '{\"cpu\":{\"cpuNum\":8,\"sys\":\"1.35%\",\"totalFree\":\"96.73%\",\"used\":\"1.72%\",\"wait\":\"0%\"},\"jvm\":{\"free\":\"161.04MB\",\"home\":\"C:\\\\Java\\\\jdk-11.0.10\",\"max\":\"3.97GB\",\"total\":\"308MB\",\"use\":\"146.96MB\",\"usedRate\":\"47.71%\",\"version\":\"11.0.10\"},\"mem\":{\"free\":\"3.04GB\",\"total\":\"15.89GB\",\"used\":\"12.85GB\",\"usedRate\":\"80.85%\"},\"sys\":{\"computerIp\":\"192.168.80.1\",\"computerName\":\"DESKTOP-UL11U4C\",\"osArch\":\"amd64\",\"osName\":\"Windows 10\",\"userDir\":\"D:\\\\IdeaProject\\\\YinXing\"},\"sysFiles\":[{\"dirName\":\"C:\\\\\",\"free\":\"71.4 GB\",\"sysTypeName\":\"NTFS\",\"total\":\"140.2 GB\",\"typeName\":\"本地固定磁盘 (C:)\",\"usage\":49.06,\"used\":\"68.8 GB\"},{\"dirName\":\"D:\\\\\",\"free\":\"67.9 GB\",\"sysTypeName\":\"NTFS\",\"total\":\"97.7 GB\",\"typeName\":\"本地固定磁盘 (D:)\",\"usage\":30.46,\"used\":\"29.7 GB\"}]}', b'0', '无', NULL, NULL);
INSERT INTO `sys_log` VALUES (755434214496800772, '2022-02-04 11:01:07', '127.0.0.1', '/yinxing-web/AppController/systemInfo', '获取系统运行信息', 'GET', '{\"id\":\"1234\"}', 0, '{\"cpu\":{\"cpuNum\":8,\"sys\":\"1.35%\",\"totalFree\":\"96.73%\",\"used\":\"1.72%\",\"wait\":\"0%\"},\"jvm\":{\"free\":\"161.04MB\",\"home\":\"C:\\\\Java\\\\jdk-11.0.10\",\"max\":\"3.97GB\",\"total\":\"308MB\",\"use\":\"146.96MB\",\"usedRate\":\"47.71%\",\"version\":\"11.0.10\"},\"mem\":{\"free\":\"3.04GB\",\"total\":\"15.89GB\",\"used\":\"12.85GB\",\"usedRate\":\"80.85%\"},\"sys\":{\"computerIp\":\"192.168.80.1\",\"computerName\":\"DESKTOP-UL11U4C\",\"osArch\":\"amd64\",\"osName\":\"Windows 10\",\"userDir\":\"D:\\\\IdeaProject\\\\YinXing\"},\"sysFiles\":[{\"dirName\":\"C:\\\\\",\"free\":\"71.4 GB\",\"sysTypeName\":\"NTFS\",\"total\":\"140.2 GB\",\"typeName\":\"本地固定磁盘 (C:)\",\"usage\":49.06,\"used\":\"68.8 GB\"},{\"dirName\":\"D:\\\\\",\"free\":\"67.9 GB\",\"sysTypeName\":\"NTFS\",\"total\":\"97.7 GB\",\"typeName\":\"本地固定磁盘 (D:)\",\"usage\":30.46,\"used\":\"29.7 GB\"}]}', b'0', '无', NULL, NULL);
INSERT INTO `sys_log` VALUES (755434214949785605, '2022-02-04 11:01:08', '127.0.0.1', '/yinxing-web/AppController/systemInfo', '获取系统运行信息', 'GET', '{\"id\":\"1234\"}', 0, '{\"cpu\":{\"cpuNum\":8,\"sys\":\"1.35%\",\"totalFree\":\"96.73%\",\"used\":\"1.72%\",\"wait\":\"0%\"},\"jvm\":{\"free\":\"161.04MB\",\"home\":\"C:\\\\Java\\\\jdk-11.0.10\",\"max\":\"3.97GB\",\"total\":\"308MB\",\"use\":\"146.96MB\",\"usedRate\":\"47.71%\",\"version\":\"11.0.10\"},\"mem\":{\"free\":\"3.04GB\",\"total\":\"15.89GB\",\"used\":\"12.85GB\",\"usedRate\":\"80.85%\"},\"sys\":{\"computerIp\":\"192.168.80.1\",\"computerName\":\"DESKTOP-UL11U4C\",\"osArch\":\"amd64\",\"osName\":\"Windows 10\",\"userDir\":\"D:\\\\IdeaProject\\\\YinXing\"},\"sysFiles\":[{\"dirName\":\"C:\\\\\",\"free\":\"71.4 GB\",\"sysTypeName\":\"NTFS\",\"total\":\"140.2 GB\",\"typeName\":\"本地固定磁盘 (C:)\",\"usage\":49.06,\"used\":\"68.8 GB\"},{\"dirName\":\"D:\\\\\",\"free\":\"67.9 GB\",\"sysTypeName\":\"NTFS\",\"total\":\"97.7 GB\",\"typeName\":\"本地固定磁盘 (D:)\",\"usage\":30.46,\"used\":\"29.7 GB\"}]}', b'0', '无', NULL, NULL);
INSERT INTO `sys_log` VALUES (755434216061276166, '2022-02-04 11:01:09', '127.0.0.1', '/yinxing-web/AppController/systemInfo', '获取系统运行信息', 'GET', '{\"id\":\"1234\"}', 0, '{\"cpu\":{\"cpuNum\":8,\"sys\":\"1.35%\",\"totalFree\":\"96.73%\",\"used\":\"1.72%\",\"wait\":\"0%\"},\"jvm\":{\"free\":\"161.04MB\",\"home\":\"C:\\\\Java\\\\jdk-11.0.10\",\"max\":\"3.97GB\",\"total\":\"308MB\",\"use\":\"146.96MB\",\"usedRate\":\"47.71%\",\"version\":\"11.0.10\"},\"mem\":{\"free\":\"3.04GB\",\"total\":\"15.89GB\",\"used\":\"12.85GB\",\"usedRate\":\"80.85%\"},\"sys\":{\"computerIp\":\"192.168.80.1\",\"computerName\":\"DESKTOP-UL11U4C\",\"osArch\":\"amd64\",\"osName\":\"Windows 10\",\"userDir\":\"D:\\\\IdeaProject\\\\YinXing\"},\"sysFiles\":[{\"dirName\":\"C:\\\\\",\"free\":\"71.4 GB\",\"sysTypeName\":\"NTFS\",\"total\":\"140.2 GB\",\"typeName\":\"本地固定磁盘 (C:)\",\"usage\":49.06,\"used\":\"68.8 GB\"},{\"dirName\":\"D:\\\\\",\"free\":\"67.9 GB\",\"sysTypeName\":\"NTFS\",\"total\":\"97.7 GB\",\"typeName\":\"本地固定磁盘 (D:)\",\"usage\":30.46,\"used\":\"29.7 GB\"}]}', b'0', '无', NULL, NULL);
INSERT INTO `sys_log` VALUES (755434218397503495, '2022-02-04 11:01:09', '127.0.0.1', '/yinxing-web/AppController/systemInfo', '获取系统运行信息', 'GET', '{\"id\":\"1234\"}', 0, '{\"cpu\":{\"cpuNum\":8,\"sys\":\"1.35%\",\"totalFree\":\"96.73%\",\"used\":\"1.72%\",\"wait\":\"0%\"},\"jvm\":{\"free\":\"161.04MB\",\"home\":\"C:\\\\Java\\\\jdk-11.0.10\",\"max\":\"3.97GB\",\"total\":\"308MB\",\"use\":\"146.96MB\",\"usedRate\":\"47.71%\",\"version\":\"11.0.10\"},\"mem\":{\"free\":\"3.04GB\",\"total\":\"15.89GB\",\"used\":\"12.85GB\",\"usedRate\":\"80.85%\"},\"sys\":{\"computerIp\":\"192.168.80.1\",\"computerName\":\"DESKTOP-UL11U4C\",\"osArch\":\"amd64\",\"osName\":\"Windows 10\",\"userDir\":\"D:\\\\IdeaProject\\\\YinXing\"},\"sysFiles\":[{\"dirName\":\"C:\\\\\",\"free\":\"71.4 GB\",\"sysTypeName\":\"NTFS\",\"total\":\"140.2 GB\",\"typeName\":\"本地固定磁盘 (C:)\",\"usage\":49.06,\"used\":\"68.8 GB\"},{\"dirName\":\"D:\\\\\",\"free\":\"67.9 GB\",\"sysTypeName\":\"NTFS\",\"total\":\"97.7 GB\",\"typeName\":\"本地固定磁盘 (D:)\",\"usage\":30.46,\"used\":\"29.7 GB\"}]}', b'0', '无', NULL, NULL);
INSERT INTO `sys_log` VALUES (755434220461101064, '2022-02-04 11:01:10', '127.0.0.1', '/yinxing-web/AppController/systemInfo', '获取系统运行信息', 'GET', '{\"id\":\"1234\"}', 0, '{\"cpu\":{\"cpuNum\":8,\"sys\":\"1.35%\",\"totalFree\":\"96.73%\",\"used\":\"1.72%\",\"wait\":\"0%\"},\"jvm\":{\"free\":\"161.04MB\",\"home\":\"C:\\\\Java\\\\jdk-11.0.10\",\"max\":\"3.97GB\",\"total\":\"308MB\",\"use\":\"146.96MB\",\"usedRate\":\"47.71%\",\"version\":\"11.0.10\"},\"mem\":{\"free\":\"3.04GB\",\"total\":\"15.89GB\",\"used\":\"12.85GB\",\"usedRate\":\"80.85%\"},\"sys\":{\"computerIp\":\"192.168.80.1\",\"computerName\":\"DESKTOP-UL11U4C\",\"osArch\":\"amd64\",\"osName\":\"Windows 10\",\"userDir\":\"D:\\\\IdeaProject\\\\YinXing\"},\"sysFiles\":[{\"dirName\":\"C:\\\\\",\"free\":\"71.4 GB\",\"sysTypeName\":\"NTFS\",\"total\":\"140.2 GB\",\"typeName\":\"本地固定磁盘 (C:)\",\"usage\":49.06,\"used\":\"68.8 GB\"},{\"dirName\":\"D:\\\\\",\"free\":\"67.9 GB\",\"sysTypeName\":\"NTFS\",\"total\":\"97.7 GB\",\"typeName\":\"本地固定磁盘 (D:)\",\"usage\":30.46,\"used\":\"29.7 GB\"}]}', b'0', '无', NULL, NULL);
INSERT INTO `sys_log` VALUES (755434222717636617, '2022-02-04 11:01:10', '127.0.0.1', '/yinxing-web/AppController/systemInfo', '获取系统运行信息', 'GET', '{\"id\":\"1234\"}', 0, '{\"cpu\":{\"cpuNum\":8,\"sys\":\"1.35%\",\"totalFree\":\"96.73%\",\"used\":\"1.72%\",\"wait\":\"0%\"},\"jvm\":{\"free\":\"161.04MB\",\"home\":\"C:\\\\Java\\\\jdk-11.0.10\",\"max\":\"3.97GB\",\"total\":\"308MB\",\"use\":\"146.96MB\",\"usedRate\":\"47.71%\",\"version\":\"11.0.10\"},\"mem\":{\"free\":\"3.04GB\",\"total\":\"15.89GB\",\"used\":\"12.85GB\",\"usedRate\":\"80.85%\"},\"sys\":{\"computerIp\":\"192.168.80.1\",\"computerName\":\"DESKTOP-UL11U4C\",\"osArch\":\"amd64\",\"osName\":\"Windows 10\",\"userDir\":\"D:\\\\IdeaProject\\\\YinXing\"},\"sysFiles\":[{\"dirName\":\"C:\\\\\",\"free\":\"71.4 GB\",\"sysTypeName\":\"NTFS\",\"total\":\"140.2 GB\",\"typeName\":\"本地固定磁盘 (C:)\",\"usage\":49.06,\"used\":\"68.8 GB\"},{\"dirName\":\"D:\\\\\",\"free\":\"67.9 GB\",\"sysTypeName\":\"NTFS\",\"total\":\"97.7 GB\",\"typeName\":\"本地固定磁盘 (D:)\",\"usage\":30.46,\"used\":\"29.7 GB\"}]}', b'0', '无', NULL, NULL);
INSERT INTO `sys_log` VALUES (755434224995143690, '2022-02-04 11:01:11', '127.0.0.1', '/yinxing-web/AppController/systemInfo', '获取系统运行信息', 'GET', '{\"id\":\"1234\"}', 0, '{\"cpu\":{\"cpuNum\":8,\"sys\":\"1.35%\",\"totalFree\":\"96.73%\",\"used\":\"1.72%\",\"wait\":\"0%\"},\"jvm\":{\"free\":\"161.04MB\",\"home\":\"C:\\\\Java\\\\jdk-11.0.10\",\"max\":\"3.97GB\",\"total\":\"308MB\",\"use\":\"146.96MB\",\"usedRate\":\"47.71%\",\"version\":\"11.0.10\"},\"mem\":{\"free\":\"3.04GB\",\"total\":\"15.89GB\",\"used\":\"12.85GB\",\"usedRate\":\"80.85%\"},\"sys\":{\"computerIp\":\"192.168.80.1\",\"computerName\":\"DESKTOP-UL11U4C\",\"osArch\":\"amd64\",\"osName\":\"Windows 10\",\"userDir\":\"D:\\\\IdeaProject\\\\YinXing\"},\"sysFiles\":[{\"dirName\":\"C:\\\\\",\"free\":\"71.4 GB\",\"sysTypeName\":\"NTFS\",\"total\":\"140.2 GB\",\"typeName\":\"本地固定磁盘 (C:)\",\"usage\":49.06,\"used\":\"68.8 GB\"},{\"dirName\":\"D:\\\\\",\"free\":\"67.9 GB\",\"sysTypeName\":\"NTFS\",\"total\":\"97.7 GB\",\"typeName\":\"本地固定磁盘 (D:)\",\"usage\":30.46,\"used\":\"29.7 GB\"}]}', b'0', '无', NULL, NULL);
INSERT INTO `sys_log` VALUES (755434227213930507, '2022-02-04 11:01:11', '127.0.0.1', '/yinxing-web/AppController/systemInfo', '获取系统运行信息', 'GET', '{\"id\":\"1234\"}', 0, '{\"cpu\":{\"cpuNum\":8,\"sys\":\"1.35%\",\"totalFree\":\"96.73%\",\"used\":\"1.72%\",\"wait\":\"0%\"},\"jvm\":{\"free\":\"161.04MB\",\"home\":\"C:\\\\Java\\\\jdk-11.0.10\",\"max\":\"3.97GB\",\"total\":\"308MB\",\"use\":\"146.96MB\",\"usedRate\":\"47.71%\",\"version\":\"11.0.10\"},\"mem\":{\"free\":\"3.04GB\",\"total\":\"15.89GB\",\"used\":\"12.85GB\",\"usedRate\":\"80.85%\"},\"sys\":{\"computerIp\":\"192.168.80.1\",\"computerName\":\"DESKTOP-UL11U4C\",\"osArch\":\"amd64\",\"osName\":\"Windows 10\",\"userDir\":\"D:\\\\IdeaProject\\\\YinXing\"},\"sysFiles\":[{\"dirName\":\"C:\\\\\",\"free\":\"71.4 GB\",\"sysTypeName\":\"NTFS\",\"total\":\"140.2 GB\",\"typeName\":\"本地固定磁盘 (C:)\",\"usage\":49.06,\"used\":\"68.8 GB\"},{\"dirName\":\"D:\\\\\",\"free\":\"67.9 GB\",\"sysTypeName\":\"NTFS\",\"total\":\"97.7 GB\",\"typeName\":\"本地固定磁盘 (D:)\",\"usage\":30.46,\"used\":\"29.7 GB\"}]}', b'0', '无', NULL, NULL);
INSERT INTO `sys_log` VALUES (755434230049280012, '2022-02-04 11:01:12', '127.0.0.1', '/yinxing-web/AppController/systemInfo', '获取系统运行信息', 'GET', '{\"id\":\"1234\"}', 0, '{\"cpu\":{\"cpuNum\":8,\"sys\":\"1.35%\",\"totalFree\":\"96.73%\",\"used\":\"1.72%\",\"wait\":\"0%\"},\"jvm\":{\"free\":\"161.04MB\",\"home\":\"C:\\\\Java\\\\jdk-11.0.10\",\"max\":\"3.97GB\",\"total\":\"308MB\",\"use\":\"146.96MB\",\"usedRate\":\"47.71%\",\"version\":\"11.0.10\"},\"mem\":{\"free\":\"3.04GB\",\"total\":\"15.89GB\",\"used\":\"12.85GB\",\"usedRate\":\"80.85%\"},\"sys\":{\"computerIp\":\"192.168.80.1\",\"computerName\":\"DESKTOP-UL11U4C\",\"osArch\":\"amd64\",\"osName\":\"Windows 10\",\"userDir\":\"D:\\\\IdeaProject\\\\YinXing\"},\"sysFiles\":[{\"dirName\":\"C:\\\\\",\"free\":\"71.4 GB\",\"sysTypeName\":\"NTFS\",\"total\":\"140.2 GB\",\"typeName\":\"本地固定磁盘 (C:)\",\"usage\":49.06,\"used\":\"68.8 GB\"},{\"dirName\":\"D:\\\\\",\"free\":\"67.9 GB\",\"sysTypeName\":\"NTFS\",\"total\":\"97.7 GB\",\"typeName\":\"本地固定磁盘 (D:)\",\"usage\":30.46,\"used\":\"29.7 GB\"}]}', b'0', '无', NULL, NULL);
INSERT INTO `sys_log` VALUES (755434231953494029, '2022-02-04 11:01:12', '127.0.0.1', '/yinxing-web/AppController/systemInfo', '获取系统运行信息', 'GET', '{\"id\":\"1234\"}', 0, '{\"cpu\":{\"cpuNum\":8,\"sys\":\"1.35%\",\"totalFree\":\"96.73%\",\"used\":\"1.72%\",\"wait\":\"0%\"},\"jvm\":{\"free\":\"161.04MB\",\"home\":\"C:\\\\Java\\\\jdk-11.0.10\",\"max\":\"3.97GB\",\"total\":\"308MB\",\"use\":\"146.96MB\",\"usedRate\":\"47.71%\",\"version\":\"11.0.10\"},\"mem\":{\"free\":\"3.04GB\",\"total\":\"15.89GB\",\"used\":\"12.85GB\",\"usedRate\":\"80.85%\"},\"sys\":{\"computerIp\":\"192.168.80.1\",\"computerName\":\"DESKTOP-UL11U4C\",\"osArch\":\"amd64\",\"osName\":\"Windows 10\",\"userDir\":\"D:\\\\IdeaProject\\\\YinXing\"},\"sysFiles\":[{\"dirName\":\"C:\\\\\",\"free\":\"71.4 GB\",\"sysTypeName\":\"NTFS\",\"total\":\"140.2 GB\",\"typeName\":\"本地固定磁盘 (C:)\",\"usage\":49.06,\"used\":\"68.8 GB\"},{\"dirName\":\"D:\\\\\",\"free\":\"67.9 GB\",\"sysTypeName\":\"NTFS\",\"total\":\"97.7 GB\",\"typeName\":\"本地固定磁盘 (D:)\",\"usage\":30.46,\"used\":\"29.7 GB\"}]}', b'0', '无', NULL, NULL);
INSERT INTO `sys_log` VALUES (755434235178913806, '2022-02-04 11:01:13', '127.0.0.1', '/yinxing-web/AppController/systemInfo', '获取系统运行信息', 'GET', '{\"id\":\"1234\"}', 0, '{\"cpu\":{\"cpuNum\":8,\"sys\":\"1.35%\",\"totalFree\":\"96.73%\",\"used\":\"1.72%\",\"wait\":\"0%\"},\"jvm\":{\"free\":\"161.04MB\",\"home\":\"C:\\\\Java\\\\jdk-11.0.10\",\"max\":\"3.97GB\",\"total\":\"308MB\",\"use\":\"146.96MB\",\"usedRate\":\"47.71%\",\"version\":\"11.0.10\"},\"mem\":{\"free\":\"3.04GB\",\"total\":\"15.89GB\",\"used\":\"12.85GB\",\"usedRate\":\"80.85%\"},\"sys\":{\"computerIp\":\"192.168.80.1\",\"computerName\":\"DESKTOP-UL11U4C\",\"osArch\":\"amd64\",\"osName\":\"Windows 10\",\"userDir\":\"D:\\\\IdeaProject\\\\YinXing\"},\"sysFiles\":[{\"dirName\":\"C:\\\\\",\"free\":\"71.4 GB\",\"sysTypeName\":\"NTFS\",\"total\":\"140.2 GB\",\"typeName\":\"本地固定磁盘 (C:)\",\"usage\":49.06,\"used\":\"68.8 GB\"},{\"dirName\":\"D:\\\\\",\"free\":\"67.9 GB\",\"sysTypeName\":\"NTFS\",\"total\":\"97.7 GB\",\"typeName\":\"本地固定磁盘 (D:)\",\"usage\":30.46,\"used\":\"29.7 GB\"}]}', b'0', '无', NULL, NULL);
INSERT INTO `sys_log` VALUES (755434237489975311, '2022-02-04 11:01:14', '127.0.0.1', '/yinxing-web/AppController/systemInfo', '获取系统运行信息', 'GET', '{\"id\":\"1234\"}', 0, '{\"cpu\":{\"cpuNum\":8,\"sys\":\"1.35%\",\"totalFree\":\"96.73%\",\"used\":\"1.72%\",\"wait\":\"0%\"},\"jvm\":{\"free\":\"161.04MB\",\"home\":\"C:\\\\Java\\\\jdk-11.0.10\",\"max\":\"3.97GB\",\"total\":\"308MB\",\"use\":\"146.96MB\",\"usedRate\":\"47.71%\",\"version\":\"11.0.10\"},\"mem\":{\"free\":\"3.04GB\",\"total\":\"15.89GB\",\"used\":\"12.85GB\",\"usedRate\":\"80.85%\"},\"sys\":{\"computerIp\":\"192.168.80.1\",\"computerName\":\"DESKTOP-UL11U4C\",\"osArch\":\"amd64\",\"osName\":\"Windows 10\",\"userDir\":\"D:\\\\IdeaProject\\\\YinXing\"},\"sysFiles\":[{\"dirName\":\"C:\\\\\",\"free\":\"71.4 GB\",\"sysTypeName\":\"NTFS\",\"total\":\"140.2 GB\",\"typeName\":\"本地固定磁盘 (C:)\",\"usage\":49.06,\"used\":\"68.8 GB\"},{\"dirName\":\"D:\\\\\",\"free\":\"67.9 GB\",\"sysTypeName\":\"NTFS\",\"total\":\"97.7 GB\",\"typeName\":\"本地固定磁盘 (D:)\",\"usage\":30.46,\"used\":\"29.7 GB\"}]}', b'0', '无', NULL, NULL);
INSERT INTO `sys_log` VALUES (755434239796842512, '2022-02-04 11:01:14', '127.0.0.1', '/yinxing-web/AppController/systemInfo', '获取系统运行信息', 'GET', '{\"id\":\"1234\"}', 0, '{\"cpu\":{\"cpuNum\":8,\"sys\":\"1.35%\",\"totalFree\":\"96.73%\",\"used\":\"1.72%\",\"wait\":\"0%\"},\"jvm\":{\"free\":\"161.04MB\",\"home\":\"C:\\\\Java\\\\jdk-11.0.10\",\"max\":\"3.97GB\",\"total\":\"308MB\",\"use\":\"146.96MB\",\"usedRate\":\"47.71%\",\"version\":\"11.0.10\"},\"mem\":{\"free\":\"3.04GB\",\"total\":\"15.89GB\",\"used\":\"12.85GB\",\"usedRate\":\"80.85%\"},\"sys\":{\"computerIp\":\"192.168.80.1\",\"computerName\":\"DESKTOP-UL11U4C\",\"osArch\":\"amd64\",\"osName\":\"Windows 10\",\"userDir\":\"D:\\\\IdeaProject\\\\YinXing\"},\"sysFiles\":[{\"dirName\":\"C:\\\\\",\"free\":\"71.4 GB\",\"sysTypeName\":\"NTFS\",\"total\":\"140.2 GB\",\"typeName\":\"本地固定磁盘 (C:)\",\"usage\":49.06,\"used\":\"68.8 GB\"},{\"dirName\":\"D:\\\\\",\"free\":\"67.9 GB\",\"sysTypeName\":\"NTFS\",\"total\":\"97.7 GB\",\"typeName\":\"本地固定磁盘 (D:)\",\"usage\":30.46,\"used\":\"29.7 GB\"}]}', b'0', '无', NULL, NULL);
INSERT INTO `sys_log` VALUES (755434242221150225, '2022-02-04 11:01:15', '127.0.0.1', '/yinxing-web/AppController/systemInfo', '获取系统运行信息', 'GET', '{\"id\":\"1234\"}', 0, '{\"cpu\":{\"cpuNum\":8,\"sys\":\"1.35%\",\"totalFree\":\"96.73%\",\"used\":\"1.72%\",\"wait\":\"0%\"},\"jvm\":{\"free\":\"161.04MB\",\"home\":\"C:\\\\Java\\\\jdk-11.0.10\",\"max\":\"3.97GB\",\"total\":\"308MB\",\"use\":\"146.96MB\",\"usedRate\":\"47.71%\",\"version\":\"11.0.10\"},\"mem\":{\"free\":\"3.04GB\",\"total\":\"15.89GB\",\"used\":\"12.85GB\",\"usedRate\":\"80.85%\"},\"sys\":{\"computerIp\":\"192.168.80.1\",\"computerName\":\"DESKTOP-UL11U4C\",\"osArch\":\"amd64\",\"osName\":\"Windows 10\",\"userDir\":\"D:\\\\IdeaProject\\\\YinXing\"},\"sysFiles\":[{\"dirName\":\"C:\\\\\",\"free\":\"71.4 GB\",\"sysTypeName\":\"NTFS\",\"total\":\"140.2 GB\",\"typeName\":\"本地固定磁盘 (C:)\",\"usage\":49.06,\"used\":\"68.8 GB\"},{\"dirName\":\"D:\\\\\",\"free\":\"67.9 GB\",\"sysTypeName\":\"NTFS\",\"total\":\"97.7 GB\",\"typeName\":\"本地固定磁盘 (D:)\",\"usage\":30.46,\"used\":\"29.7 GB\"}]}', b'0', '无', NULL, NULL);
INSERT INTO `sys_log` VALUES (755434244569960466, '2022-02-04 11:01:15', '127.0.0.1', '/yinxing-web/AppController/systemInfo', '获取系统运行信息', 'GET', '{\"id\":\"1234\"}', 0, '{\"cpu\":{\"cpuNum\":8,\"sys\":\"1.35%\",\"totalFree\":\"96.73%\",\"used\":\"1.72%\",\"wait\":\"0%\"},\"jvm\":{\"free\":\"161.04MB\",\"home\":\"C:\\\\Java\\\\jdk-11.0.10\",\"max\":\"3.97GB\",\"total\":\"308MB\",\"use\":\"146.96MB\",\"usedRate\":\"47.71%\",\"version\":\"11.0.10\"},\"mem\":{\"free\":\"3.04GB\",\"total\":\"15.89GB\",\"used\":\"12.85GB\",\"usedRate\":\"80.85%\"},\"sys\":{\"computerIp\":\"192.168.80.1\",\"computerName\":\"DESKTOP-UL11U4C\",\"osArch\":\"amd64\",\"osName\":\"Windows 10\",\"userDir\":\"D:\\\\IdeaProject\\\\YinXing\"},\"sysFiles\":[{\"dirName\":\"C:\\\\\",\"free\":\"71.4 GB\",\"sysTypeName\":\"NTFS\",\"total\":\"140.2 GB\",\"typeName\":\"本地固定磁盘 (C:)\",\"usage\":49.06,\"used\":\"68.8 GB\"},{\"dirName\":\"D:\\\\\",\"free\":\"67.9 GB\",\"sysTypeName\":\"NTFS\",\"total\":\"97.7 GB\",\"typeName\":\"本地固定磁盘 (D:)\",\"usage\":30.46,\"used\":\"29.7 GB\"}]}', b'0', '无', NULL, NULL);
INSERT INTO `sys_log` VALUES (755434247665356819, '2022-02-04 11:01:16', '127.0.0.1', '/yinxing-web/AppController/systemInfo', '获取系统运行信息', 'GET', '{\"id\":\"1234\"}', 0, '{\"cpu\":{\"cpuNum\":8,\"sys\":\"1.35%\",\"totalFree\":\"96.73%\",\"used\":\"1.72%\",\"wait\":\"0%\"},\"jvm\":{\"free\":\"161.04MB\",\"home\":\"C:\\\\Java\\\\jdk-11.0.10\",\"max\":\"3.97GB\",\"total\":\"308MB\",\"use\":\"146.96MB\",\"usedRate\":\"47.71%\",\"version\":\"11.0.10\"},\"mem\":{\"free\":\"3.04GB\",\"total\":\"15.89GB\",\"used\":\"12.85GB\",\"usedRate\":\"80.85%\"},\"sys\":{\"computerIp\":\"192.168.80.1\",\"computerName\":\"DESKTOP-UL11U4C\",\"osArch\":\"amd64\",\"osName\":\"Windows 10\",\"userDir\":\"D:\\\\IdeaProject\\\\YinXing\"},\"sysFiles\":[{\"dirName\":\"C:\\\\\",\"free\":\"71.4 GB\",\"sysTypeName\":\"NTFS\",\"total\":\"140.2 GB\",\"typeName\":\"本地固定磁盘 (C:)\",\"usage\":49.06,\"used\":\"68.8 GB\"},{\"dirName\":\"D:\\\\\",\"free\":\"67.9 GB\",\"sysTypeName\":\"NTFS\",\"total\":\"97.7 GB\",\"typeName\":\"本地固定磁盘 (D:)\",\"usage\":30.46,\"used\":\"29.7 GB\"}]}', b'0', '无', NULL, NULL);
INSERT INTO `sys_log` VALUES (755434249338884116, '2022-02-04 11:01:17', '127.0.0.1', '/yinxing-web/AppController/systemInfo', '获取系统运行信息', 'GET', '{\"id\":\"1234\"}', 0, '{\"cpu\":{\"cpuNum\":8,\"sys\":\"1.35%\",\"totalFree\":\"96.73%\",\"used\":\"1.72%\",\"wait\":\"0%\"},\"jvm\":{\"free\":\"161.04MB\",\"home\":\"C:\\\\Java\\\\jdk-11.0.10\",\"max\":\"3.97GB\",\"total\":\"308MB\",\"use\":\"146.96MB\",\"usedRate\":\"47.71%\",\"version\":\"11.0.10\"},\"mem\":{\"free\":\"3.04GB\",\"total\":\"15.89GB\",\"used\":\"12.85GB\",\"usedRate\":\"80.85%\"},\"sys\":{\"computerIp\":\"192.168.80.1\",\"computerName\":\"DESKTOP-UL11U4C\",\"osArch\":\"amd64\",\"osName\":\"Windows 10\",\"userDir\":\"D:\\\\IdeaProject\\\\YinXing\"},\"sysFiles\":[{\"dirName\":\"C:\\\\\",\"free\":\"71.4 GB\",\"sysTypeName\":\"NTFS\",\"total\":\"140.2 GB\",\"typeName\":\"本地固定磁盘 (C:)\",\"usage\":49.06,\"used\":\"68.8 GB\"},{\"dirName\":\"D:\\\\\",\"free\":\"67.9 GB\",\"sysTypeName\":\"NTFS\",\"total\":\"97.7 GB\",\"typeName\":\"本地固定磁盘 (D:)\",\"usage\":30.46,\"used\":\"29.7 GB\"}]}', b'0', '无', NULL, NULL);
INSERT INTO `sys_log` VALUES (755434251771580437, '2022-02-04 11:01:17', '127.0.0.1', '/yinxing-web/AppController/systemInfo', '获取系统运行信息', 'GET', '{\"id\":\"1234\"}', 0, '{\"cpu\":{\"cpuNum\":8,\"sys\":\"1.35%\",\"totalFree\":\"96.73%\",\"used\":\"1.72%\",\"wait\":\"0%\"},\"jvm\":{\"free\":\"161.04MB\",\"home\":\"C:\\\\Java\\\\jdk-11.0.10\",\"max\":\"3.97GB\",\"total\":\"308MB\",\"use\":\"146.96MB\",\"usedRate\":\"47.71%\",\"version\":\"11.0.10\"},\"mem\":{\"free\":\"3.04GB\",\"total\":\"15.89GB\",\"used\":\"12.85GB\",\"usedRate\":\"80.85%\"},\"sys\":{\"computerIp\":\"192.168.80.1\",\"computerName\":\"DESKTOP-UL11U4C\",\"osArch\":\"amd64\",\"osName\":\"Windows 10\",\"userDir\":\"D:\\\\IdeaProject\\\\YinXing\"},\"sysFiles\":[{\"dirName\":\"C:\\\\\",\"free\":\"71.4 GB\",\"sysTypeName\":\"NTFS\",\"total\":\"140.2 GB\",\"typeName\":\"本地固定磁盘 (C:)\",\"usage\":49.06,\"used\":\"68.8 GB\"},{\"dirName\":\"D:\\\\\",\"free\":\"67.9 GB\",\"sysTypeName\":\"NTFS\",\"total\":\"97.7 GB\",\"typeName\":\"本地固定磁盘 (D:)\",\"usage\":30.46,\"used\":\"29.7 GB\"}]}', b'0', '无', NULL, NULL);
INSERT INTO `sys_log` VALUES (755434254065864726, '2022-02-04 11:01:18', '127.0.0.1', '/yinxing-web/AppController/systemInfo', '获取系统运行信息', 'GET', '{\"id\":\"1234\"}', 0, '{\"cpu\":{\"cpuNum\":8,\"sys\":\"1.35%\",\"totalFree\":\"96.73%\",\"used\":\"1.72%\",\"wait\":\"0%\"},\"jvm\":{\"free\":\"161.04MB\",\"home\":\"C:\\\\Java\\\\jdk-11.0.10\",\"max\":\"3.97GB\",\"total\":\"308MB\",\"use\":\"146.96MB\",\"usedRate\":\"47.71%\",\"version\":\"11.0.10\"},\"mem\":{\"free\":\"3.04GB\",\"total\":\"15.89GB\",\"used\":\"12.85GB\",\"usedRate\":\"80.85%\"},\"sys\":{\"computerIp\":\"192.168.80.1\",\"computerName\":\"DESKTOP-UL11U4C\",\"osArch\":\"amd64\",\"osName\":\"Windows 10\",\"userDir\":\"D:\\\\IdeaProject\\\\YinXing\"},\"sysFiles\":[{\"dirName\":\"C:\\\\\",\"free\":\"71.4 GB\",\"sysTypeName\":\"NTFS\",\"total\":\"140.2 GB\",\"typeName\":\"本地固定磁盘 (C:)\",\"usage\":49.06,\"used\":\"68.8 GB\"},{\"dirName\":\"D:\\\\\",\"free\":\"67.9 GB\",\"sysTypeName\":\"NTFS\",\"total\":\"97.7 GB\",\"typeName\":\"本地固定磁盘 (D:)\",\"usage\":30.46,\"used\":\"29.7 GB\"}]}', b'0', '无', NULL, NULL);
INSERT INTO `sys_log` VALUES (755434256465006615, '2022-02-04 11:01:18', '127.0.0.1', '/yinxing-web/AppController/systemInfo', '获取系统运行信息', 'GET', '{\"id\":\"1234\"}', 0, '{\"cpu\":{\"cpuNum\":8,\"sys\":\"1.35%\",\"totalFree\":\"96.73%\",\"used\":\"1.72%\",\"wait\":\"0%\"},\"jvm\":{\"free\":\"161.04MB\",\"home\":\"C:\\\\Java\\\\jdk-11.0.10\",\"max\":\"3.97GB\",\"total\":\"308MB\",\"use\":\"146.96MB\",\"usedRate\":\"47.71%\",\"version\":\"11.0.10\"},\"mem\":{\"free\":\"3.04GB\",\"total\":\"15.89GB\",\"used\":\"12.85GB\",\"usedRate\":\"80.85%\"},\"sys\":{\"computerIp\":\"192.168.80.1\",\"computerName\":\"DESKTOP-UL11U4C\",\"osArch\":\"amd64\",\"osName\":\"Windows 10\",\"userDir\":\"D:\\\\IdeaProject\\\\YinXing\"},\"sysFiles\":[{\"dirName\":\"C:\\\\\",\"free\":\"71.4 GB\",\"sysTypeName\":\"NTFS\",\"total\":\"140.2 GB\",\"typeName\":\"本地固定磁盘 (C:)\",\"usage\":49.06,\"used\":\"68.8 GB\"},{\"dirName\":\"D:\\\\\",\"free\":\"67.9 GB\",\"sysTypeName\":\"NTFS\",\"total\":\"97.7 GB\",\"typeName\":\"本地固定磁盘 (D:)\",\"usage\":30.46,\"used\":\"29.7 GB\"}]}', b'0', '无', NULL, NULL);
INSERT INTO `sys_log` VALUES (755434258780262424, '2022-02-04 11:01:19', '127.0.0.1', '/yinxing-web/AppController/systemInfo', '获取系统运行信息', 'GET', '{\"id\":\"1234\"}', 0, '{\"cpu\":{\"cpuNum\":8,\"sys\":\"1.35%\",\"totalFree\":\"96.73%\",\"used\":\"1.72%\",\"wait\":\"0%\"},\"jvm\":{\"free\":\"161.04MB\",\"home\":\"C:\\\\Java\\\\jdk-11.0.10\",\"max\":\"3.97GB\",\"total\":\"308MB\",\"use\":\"146.96MB\",\"usedRate\":\"47.71%\",\"version\":\"11.0.10\"},\"mem\":{\"free\":\"3.04GB\",\"total\":\"15.89GB\",\"used\":\"12.85GB\",\"usedRate\":\"80.85%\"},\"sys\":{\"computerIp\":\"192.168.80.1\",\"computerName\":\"DESKTOP-UL11U4C\",\"osArch\":\"amd64\",\"osName\":\"Windows 10\",\"userDir\":\"D:\\\\IdeaProject\\\\YinXing\"},\"sysFiles\":[{\"dirName\":\"C:\\\\\",\"free\":\"71.4 GB\",\"sysTypeName\":\"NTFS\",\"total\":\"140.2 GB\",\"typeName\":\"本地固定磁盘 (C:)\",\"usage\":49.06,\"used\":\"68.8 GB\"},{\"dirName\":\"D:\\\\\",\"free\":\"67.9 GB\",\"sysTypeName\":\"NTFS\",\"total\":\"97.7 GB\",\"typeName\":\"本地固定磁盘 (D:)\",\"usage\":30.46,\"used\":\"29.7 GB\"}]}', b'0', '无', NULL, NULL);
INSERT INTO `sys_log` VALUES (755434260990660633, '2022-02-04 11:01:19', '127.0.0.1', '/yinxing-web/AppController/systemInfo', '获取系统运行信息', 'GET', '{\"id\":\"1234\"}', 0, '{\"cpu\":{\"cpuNum\":8,\"sys\":\"1.35%\",\"totalFree\":\"96.73%\",\"used\":\"1.72%\",\"wait\":\"0%\"},\"jvm\":{\"free\":\"161.04MB\",\"home\":\"C:\\\\Java\\\\jdk-11.0.10\",\"max\":\"3.97GB\",\"total\":\"308MB\",\"use\":\"146.96MB\",\"usedRate\":\"47.71%\",\"version\":\"11.0.10\"},\"mem\":{\"free\":\"3.04GB\",\"total\":\"15.89GB\",\"used\":\"12.85GB\",\"usedRate\":\"80.85%\"},\"sys\":{\"computerIp\":\"192.168.80.1\",\"computerName\":\"DESKTOP-UL11U4C\",\"osArch\":\"amd64\",\"osName\":\"Windows 10\",\"userDir\":\"D:\\\\IdeaProject\\\\YinXing\"},\"sysFiles\":[{\"dirName\":\"C:\\\\\",\"free\":\"71.4 GB\",\"sysTypeName\":\"NTFS\",\"total\":\"140.2 GB\",\"typeName\":\"本地固定磁盘 (C:)\",\"usage\":49.06,\"used\":\"68.8 GB\"},{\"dirName\":\"D:\\\\\",\"free\":\"67.9 GB\",\"sysTypeName\":\"NTFS\",\"total\":\"97.7 GB\",\"typeName\":\"本地固定磁盘 (D:)\",\"usage\":30.46,\"used\":\"29.7 GB\"}]}', b'0', '无', NULL, NULL);
INSERT INTO `sys_log` VALUES (755434263305916442, '2022-02-04 11:01:20', '127.0.0.1', '/yinxing-web/AppController/systemInfo', '获取系统运行信息', 'GET', '{\"id\":\"1234\"}', 0, '{\"cpu\":{\"cpuNum\":8,\"sys\":\"1.35%\",\"totalFree\":\"96.73%\",\"used\":\"1.72%\",\"wait\":\"0%\"},\"jvm\":{\"free\":\"161.04MB\",\"home\":\"C:\\\\Java\\\\jdk-11.0.10\",\"max\":\"3.97GB\",\"total\":\"308MB\",\"use\":\"146.96MB\",\"usedRate\":\"47.71%\",\"version\":\"11.0.10\"},\"mem\":{\"free\":\"3.04GB\",\"total\":\"15.89GB\",\"used\":\"12.85GB\",\"usedRate\":\"80.85%\"},\"sys\":{\"computerIp\":\"192.168.80.1\",\"computerName\":\"DESKTOP-UL11U4C\",\"osArch\":\"amd64\",\"osName\":\"Windows 10\",\"userDir\":\"D:\\\\IdeaProject\\\\YinXing\"},\"sysFiles\":[{\"dirName\":\"C:\\\\\",\"free\":\"71.4 GB\",\"sysTypeName\":\"NTFS\",\"total\":\"140.2 GB\",\"typeName\":\"本地固定磁盘 (C:)\",\"usage\":49.06,\"used\":\"68.8 GB\"},{\"dirName\":\"D:\\\\\",\"free\":\"67.9 GB\",\"sysTypeName\":\"NTFS\",\"total\":\"97.7 GB\",\"typeName\":\"本地固定磁盘 (D:)\",\"usage\":30.46,\"used\":\"29.7 GB\"}]}', b'0', '无', NULL, NULL);
INSERT INTO `sys_log` VALUES (755434265558257691, '2022-02-04 11:01:20', '127.0.0.1', '/yinxing-web/AppController/systemInfo', '获取系统运行信息', 'GET', '{\"id\":\"1234\"}', 0, '{\"cpu\":{\"cpuNum\":8,\"sys\":\"1.35%\",\"totalFree\":\"96.73%\",\"used\":\"1.72%\",\"wait\":\"0%\"},\"jvm\":{\"free\":\"161.04MB\",\"home\":\"C:\\\\Java\\\\jdk-11.0.10\",\"max\":\"3.97GB\",\"total\":\"308MB\",\"use\":\"146.96MB\",\"usedRate\":\"47.71%\",\"version\":\"11.0.10\"},\"mem\":{\"free\":\"3.04GB\",\"total\":\"15.89GB\",\"used\":\"12.85GB\",\"usedRate\":\"80.85%\"},\"sys\":{\"computerIp\":\"192.168.80.1\",\"computerName\":\"DESKTOP-UL11U4C\",\"osArch\":\"amd64\",\"osName\":\"Windows 10\",\"userDir\":\"D:\\\\IdeaProject\\\\YinXing\"},\"sysFiles\":[{\"dirName\":\"C:\\\\\",\"free\":\"71.4 GB\",\"sysTypeName\":\"NTFS\",\"total\":\"140.2 GB\",\"typeName\":\"本地固定磁盘 (C:)\",\"usage\":49.06,\"used\":\"68.8 GB\"},{\"dirName\":\"D:\\\\\",\"free\":\"67.9 GB\",\"sysTypeName\":\"NTFS\",\"total\":\"97.7 GB\",\"typeName\":\"本地固定磁盘 (D:)\",\"usage\":30.46,\"used\":\"29.7 GB\"}]}', b'0', '无', NULL, NULL);
INSERT INTO `sys_log` VALUES (755434268712374300, '2022-02-04 11:01:21', '127.0.0.1', '/yinxing-web/AppController/systemInfo', '获取系统运行信息', 'GET', '{\"id\":\"1234\"}', 0, '{\"cpu\":{\"cpuNum\":8,\"sys\":\"1.35%\",\"totalFree\":\"96.73%\",\"used\":\"1.72%\",\"wait\":\"0%\"},\"jvm\":{\"free\":\"161.04MB\",\"home\":\"C:\\\\Java\\\\jdk-11.0.10\",\"max\":\"3.97GB\",\"total\":\"308MB\",\"use\":\"146.96MB\",\"usedRate\":\"47.71%\",\"version\":\"11.0.10\"},\"mem\":{\"free\":\"3.04GB\",\"total\":\"15.89GB\",\"used\":\"12.85GB\",\"usedRate\":\"80.85%\"},\"sys\":{\"computerIp\":\"192.168.80.1\",\"computerName\":\"DESKTOP-UL11U4C\",\"osArch\":\"amd64\",\"osName\":\"Windows 10\",\"userDir\":\"D:\\\\IdeaProject\\\\YinXing\"},\"sysFiles\":[{\"dirName\":\"C:\\\\\",\"free\":\"71.4 GB\",\"sysTypeName\":\"NTFS\",\"total\":\"140.2 GB\",\"typeName\":\"本地固定磁盘 (C:)\",\"usage\":49.06,\"used\":\"68.8 GB\"},{\"dirName\":\"D:\\\\\",\"free\":\"67.9 GB\",\"sysTypeName\":\"NTFS\",\"total\":\"97.7 GB\",\"typeName\":\"本地固定磁盘 (D:)\",\"usage\":30.46,\"used\":\"29.7 GB\"}]}', b'0', '无', NULL, NULL);
INSERT INTO `sys_log` VALUES (755434270335569949, '2022-02-04 11:01:22', '127.0.0.1', '/yinxing-web/AppController/systemInfo', '获取系统运行信息', 'GET', '{\"id\":\"1234\"}', 0, '{\"cpu\":{\"cpuNum\":8,\"sys\":\"1.35%\",\"totalFree\":\"96.73%\",\"used\":\"1.72%\",\"wait\":\"0%\"},\"jvm\":{\"free\":\"161.04MB\",\"home\":\"C:\\\\Java\\\\jdk-11.0.10\",\"max\":\"3.97GB\",\"total\":\"308MB\",\"use\":\"146.96MB\",\"usedRate\":\"47.71%\",\"version\":\"11.0.10\"},\"mem\":{\"free\":\"3.04GB\",\"total\":\"15.89GB\",\"used\":\"12.85GB\",\"usedRate\":\"80.85%\"},\"sys\":{\"computerIp\":\"192.168.80.1\",\"computerName\":\"DESKTOP-UL11U4C\",\"osArch\":\"amd64\",\"osName\":\"Windows 10\",\"userDir\":\"D:\\\\IdeaProject\\\\YinXing\"},\"sysFiles\":[{\"dirName\":\"C:\\\\\",\"free\":\"71.4 GB\",\"sysTypeName\":\"NTFS\",\"total\":\"140.2 GB\",\"typeName\":\"本地固定磁盘 (C:)\",\"usage\":49.06,\"used\":\"68.8 GB\"},{\"dirName\":\"D:\\\\\",\"free\":\"67.9 GB\",\"sysTypeName\":\"NTFS\",\"total\":\"97.7 GB\",\"typeName\":\"本地固定磁盘 (D:)\",\"usage\":30.46,\"used\":\"29.7 GB\"}]}', b'0', '无', NULL, NULL);
INSERT INTO `sys_log` VALUES (755434272864735262, '2022-02-04 11:01:22', '127.0.0.1', '/yinxing-web/AppController/systemInfo', '获取系统运行信息', 'GET', '{\"id\":\"1234\"}', 0, '{\"cpu\":{\"cpuNum\":8,\"sys\":\"1.35%\",\"totalFree\":\"96.73%\",\"used\":\"1.72%\",\"wait\":\"0%\"},\"jvm\":{\"free\":\"161.04MB\",\"home\":\"C:\\\\Java\\\\jdk-11.0.10\",\"max\":\"3.97GB\",\"total\":\"308MB\",\"use\":\"146.96MB\",\"usedRate\":\"47.71%\",\"version\":\"11.0.10\"},\"mem\":{\"free\":\"3.04GB\",\"total\":\"15.89GB\",\"used\":\"12.85GB\",\"usedRate\":\"80.85%\"},\"sys\":{\"computerIp\":\"192.168.80.1\",\"computerName\":\"DESKTOP-UL11U4C\",\"osArch\":\"amd64\",\"osName\":\"Windows 10\",\"userDir\":\"D:\\\\IdeaProject\\\\YinXing\"},\"sysFiles\":[{\"dirName\":\"C:\\\\\",\"free\":\"71.4 GB\",\"sysTypeName\":\"NTFS\",\"total\":\"140.2 GB\",\"typeName\":\"本地固定磁盘 (C:)\",\"usage\":49.06,\"used\":\"68.8 GB\"},{\"dirName\":\"D:\\\\\",\"free\":\"67.9 GB\",\"sysTypeName\":\"NTFS\",\"total\":\"97.7 GB\",\"typeName\":\"本地固定磁盘 (D:)\",\"usage\":30.46,\"used\":\"29.7 GB\"}]}', b'0', '无', NULL, NULL);
INSERT INTO `sys_log` VALUES (755434275205156895, '2022-02-04 11:01:23', '127.0.0.1', '/yinxing-web/AppController/systemInfo', '获取系统运行信息', 'GET', '{\"id\":\"1234\"}', 0, '{\"cpu\":{\"cpuNum\":8,\"sys\":\"1.35%\",\"totalFree\":\"96.73%\",\"used\":\"1.72%\",\"wait\":\"0%\"},\"jvm\":{\"free\":\"161.04MB\",\"home\":\"C:\\\\Java\\\\jdk-11.0.10\",\"max\":\"3.97GB\",\"total\":\"308MB\",\"use\":\"146.96MB\",\"usedRate\":\"47.71%\",\"version\":\"11.0.10\"},\"mem\":{\"free\":\"3.04GB\",\"total\":\"15.89GB\",\"used\":\"12.85GB\",\"usedRate\":\"80.85%\"},\"sys\":{\"computerIp\":\"192.168.80.1\",\"computerName\":\"DESKTOP-UL11U4C\",\"osArch\":\"amd64\",\"osName\":\"Windows 10\",\"userDir\":\"D:\\\\IdeaProject\\\\YinXing\"},\"sysFiles\":[{\"dirName\":\"C:\\\\\",\"free\":\"71.4 GB\",\"sysTypeName\":\"NTFS\",\"total\":\"140.2 GB\",\"typeName\":\"本地固定磁盘 (C:)\",\"usage\":49.06,\"used\":\"68.8 GB\"},{\"dirName\":\"D:\\\\\",\"free\":\"67.9 GB\",\"sysTypeName\":\"NTFS\",\"total\":\"97.7 GB\",\"typeName\":\"本地固定磁盘 (D:)\",\"usage\":30.46,\"used\":\"29.7 GB\"}]}', b'0', '无', NULL, NULL);
INSERT INTO `sys_log` VALUES (755434277436526624, '2022-02-04 11:01:23', '127.0.0.1', '/yinxing-web/AppController/systemInfo', '获取系统运行信息', 'GET', '{\"id\":\"1234\"}', 0, '{\"cpu\":{\"cpuNum\":8,\"sys\":\"1.35%\",\"totalFree\":\"96.73%\",\"used\":\"1.72%\",\"wait\":\"0%\"},\"jvm\":{\"free\":\"161.04MB\",\"home\":\"C:\\\\Java\\\\jdk-11.0.10\",\"max\":\"3.97GB\",\"total\":\"308MB\",\"use\":\"146.96MB\",\"usedRate\":\"47.71%\",\"version\":\"11.0.10\"},\"mem\":{\"free\":\"3.04GB\",\"total\":\"15.89GB\",\"used\":\"12.85GB\",\"usedRate\":\"80.85%\"},\"sys\":{\"computerIp\":\"192.168.80.1\",\"computerName\":\"DESKTOP-UL11U4C\",\"osArch\":\"amd64\",\"osName\":\"Windows 10\",\"userDir\":\"D:\\\\IdeaProject\\\\YinXing\"},\"sysFiles\":[{\"dirName\":\"C:\\\\\",\"free\":\"71.4 GB\",\"sysTypeName\":\"NTFS\",\"total\":\"140.2 GB\",\"typeName\":\"本地固定磁盘 (C:)\",\"usage\":49.06,\"used\":\"68.8 GB\"},{\"dirName\":\"D:\\\\\",\"free\":\"67.9 GB\",\"sysTypeName\":\"NTFS\",\"total\":\"97.7 GB\",\"typeName\":\"本地固定磁盘 (D:)\",\"usage\":30.46,\"used\":\"29.7 GB\"}]}', b'0', '无', NULL, NULL);
INSERT INTO `sys_log` VALUES (755434279735005217, '2022-02-04 11:01:24', '127.0.0.1', '/yinxing-web/AppController/systemInfo', '获取系统运行信息', 'GET', '{\"id\":\"1234\"}', 0, '{\"cpu\":{\"cpuNum\":8,\"sys\":\"1.35%\",\"totalFree\":\"96.73%\",\"used\":\"1.72%\",\"wait\":\"0%\"},\"jvm\":{\"free\":\"161.04MB\",\"home\":\"C:\\\\Java\\\\jdk-11.0.10\",\"max\":\"3.97GB\",\"total\":\"308MB\",\"use\":\"146.96MB\",\"usedRate\":\"47.71%\",\"version\":\"11.0.10\"},\"mem\":{\"free\":\"3.04GB\",\"total\":\"15.89GB\",\"used\":\"12.85GB\",\"usedRate\":\"80.85%\"},\"sys\":{\"computerIp\":\"192.168.80.1\",\"computerName\":\"DESKTOP-UL11U4C\",\"osArch\":\"amd64\",\"osName\":\"Windows 10\",\"userDir\":\"D:\\\\IdeaProject\\\\YinXing\"},\"sysFiles\":[{\"dirName\":\"C:\\\\\",\"free\":\"71.4 GB\",\"sysTypeName\":\"NTFS\",\"total\":\"140.2 GB\",\"typeName\":\"本地固定磁盘 (C:)\",\"usage\":49.06,\"used\":\"68.8 GB\"},{\"dirName\":\"D:\\\\\",\"free\":\"67.9 GB\",\"sysTypeName\":\"NTFS\",\"total\":\"97.7 GB\",\"typeName\":\"本地固定磁盘 (D:)\",\"usage\":30.46,\"used\":\"29.7 GB\"}]}', b'0', '无', NULL, NULL);
INSERT INTO `sys_log` VALUES (755439619620868130, '2022-02-04 11:22:37', '192.168.80.1', '/yinxing-web/AppController/systemInfo', '获取系统运行信息', 'GET', '{\"_dc\":\"1643944955806\"}', 1121, '{\"cpu\":{\"cpuNum\":8,\"sys\":\"2.94%\",\"totalFree\":\"85.53%\",\"used\":\"11.33%\",\"wait\":\"0%\"},\"jvm\":{\"free\":\"106.86MB\",\"home\":\"C:\\\\Java\\\\jdk-11.0.10\",\"max\":\"3.97GB\",\"total\":\"308MB\",\"use\":\"201.14MB\",\"usedRate\":\"65.3%\",\"version\":\"11.0.10\"},\"mem\":{\"free\":\"2.97GB\",\"total\":\"15.89GB\",\"used\":\"12.92GB\",\"usedRate\":\"81.31%\"},\"sys\":{\"computerIp\":\"192.168.80.1\",\"computerName\":\"DESKTOP-UL11U4C\",\"osArch\":\"amd64\",\"osName\":\"Windows 10\",\"userDir\":\"D:\\\\IdeaProject\\\\YinXing\"},\"sysFiles\":[{\"dirName\":\"C:\\\\\",\"free\":\"71.4 GB\",\"sysTypeName\":\"NTFS\",\"total\":\"140.2 GB\",\"typeName\":\"本地固定磁盘 (C:)\",\"usage\":49.04,\"used\":\"68.7 GB\"},{\"dirName\":\"D:\\\\\",\"free\":\"67.9 GB\",\"sysTypeName\":\"NTFS\",\"total\":\"97.7 GB\",\"typeName\":\"本地固定磁盘 (D:)\",\"usage\":30.46,\"used\":\"29.7 GB\"}]}', b'0', '无', 749058260664978888, '系统管理员');
INSERT INTO `sys_log` VALUES (755439667851169827, '2022-02-04 11:22:48', '192.168.80.1', '/yinxing-web/AppController/systemInfo', '获取系统运行信息', 'GET', '{\"_dc\":\"1643944968411\"}', 0, '{\"cpu\":{\"cpuNum\":8,\"sys\":\"2.94%\",\"totalFree\":\"85.53%\",\"used\":\"11.33%\",\"wait\":\"0%\"},\"jvm\":{\"free\":\"106.86MB\",\"home\":\"C:\\\\Java\\\\jdk-11.0.10\",\"max\":\"3.97GB\",\"total\":\"308MB\",\"use\":\"201.14MB\",\"usedRate\":\"65.3%\",\"version\":\"11.0.10\"},\"mem\":{\"free\":\"2.97GB\",\"total\":\"15.89GB\",\"used\":\"12.92GB\",\"usedRate\":\"81.31%\"},\"sys\":{\"computerIp\":\"192.168.80.1\",\"computerName\":\"DESKTOP-UL11U4C\",\"osArch\":\"amd64\",\"osName\":\"Windows 10\",\"userDir\":\"D:\\\\IdeaProject\\\\YinXing\"},\"sysFiles\":[{\"dirName\":\"C:\\\\\",\"free\":\"71.4 GB\",\"sysTypeName\":\"NTFS\",\"total\":\"140.2 GB\",\"typeName\":\"本地固定磁盘 (C:)\",\"usage\":49.04,\"used\":\"68.7 GB\"},{\"dirName\":\"D:\\\\\",\"free\":\"67.9 GB\",\"sysTypeName\":\"NTFS\",\"total\":\"97.7 GB\",\"typeName\":\"本地固定磁盘 (D:)\",\"usage\":30.46,\"used\":\"29.7 GB\"}]}', b'0', '无', 749058260664978888, '系统管理员');
INSERT INTO `sys_log` VALUES (755439716307963940, '2022-02-04 11:23:00', '192.168.80.1', '/yinxing-web/AppController/systemInfo', '获取系统运行信息', 'GET', '{\"_dc\":\"1643944979978\"}', 0, '{\"cpu\":{\"cpuNum\":8,\"sys\":\"2.94%\",\"totalFree\":\"85.53%\",\"used\":\"11.33%\",\"wait\":\"0%\"},\"jvm\":{\"free\":\"106.86MB\",\"home\":\"C:\\\\Java\\\\jdk-11.0.10\",\"max\":\"3.97GB\",\"total\":\"308MB\",\"use\":\"201.14MB\",\"usedRate\":\"65.3%\",\"version\":\"11.0.10\"},\"mem\":{\"free\":\"2.97GB\",\"total\":\"15.89GB\",\"used\":\"12.92GB\",\"usedRate\":\"81.31%\"},\"sys\":{\"computerIp\":\"192.168.80.1\",\"computerName\":\"DESKTOP-UL11U4C\",\"osArch\":\"amd64\",\"osName\":\"Windows 10\",\"userDir\":\"D:\\\\IdeaProject\\\\YinXing\"},\"sysFiles\":[{\"dirName\":\"C:\\\\\",\"free\":\"71.4 GB\",\"sysTypeName\":\"NTFS\",\"total\":\"140.2 GB\",\"typeName\":\"本地固定磁盘 (C:)\",\"usage\":49.04,\"used\":\"68.7 GB\"},{\"dirName\":\"D:\\\\\",\"free\":\"67.9 GB\",\"sysTypeName\":\"NTFS\",\"total\":\"97.7 GB\",\"typeName\":\"本地固定磁盘 (D:)\",\"usage\":30.46,\"used\":\"29.7 GB\"}]}', b'0', '无', 749058260664978888, '系统管理员');
INSERT INTO `sys_log` VALUES (755439783366496293, '2022-02-04 11:23:16', '192.168.80.1', '/yinxing-web/AppController/systemInfo', '获取系统运行信息', 'GET', '{\"_dc\":\"1643944995961\"}', 0, '{\"cpu\":{\"cpuNum\":8,\"sys\":\"2.94%\",\"totalFree\":\"85.53%\",\"used\":\"11.33%\",\"wait\":\"0%\"},\"jvm\":{\"free\":\"106.86MB\",\"home\":\"C:\\\\Java\\\\jdk-11.0.10\",\"max\":\"3.97GB\",\"total\":\"308MB\",\"use\":\"201.14MB\",\"usedRate\":\"65.3%\",\"version\":\"11.0.10\"},\"mem\":{\"free\":\"2.97GB\",\"total\":\"15.89GB\",\"used\":\"12.92GB\",\"usedRate\":\"81.31%\"},\"sys\":{\"computerIp\":\"192.168.80.1\",\"computerName\":\"DESKTOP-UL11U4C\",\"osArch\":\"amd64\",\"osName\":\"Windows 10\",\"userDir\":\"D:\\\\IdeaProject\\\\YinXing\"},\"sysFiles\":[{\"dirName\":\"C:\\\\\",\"free\":\"71.4 GB\",\"sysTypeName\":\"NTFS\",\"total\":\"140.2 GB\",\"typeName\":\"本地固定磁盘 (C:)\",\"usage\":49.04,\"used\":\"68.7 GB\"},{\"dirName\":\"D:\\\\\",\"free\":\"67.9 GB\",\"sysTypeName\":\"NTFS\",\"total\":\"97.7 GB\",\"typeName\":\"本地固定磁盘 (D:)\",\"usage\":30.46,\"used\":\"29.7 GB\"}]}', b'0', '无', 749058260664978888, '系统管理员');
INSERT INTO `sys_log` VALUES (755439846956339238, '2022-02-04 11:23:31', '192.168.80.1', '/yinxing-web/AppController/systemInfo', '获取系统运行信息', 'GET', '{\"_dc\":\"1643945011105\"}', 0, '{\"cpu\":{\"cpuNum\":8,\"sys\":\"2.94%\",\"totalFree\":\"85.53%\",\"used\":\"11.33%\",\"wait\":\"0%\"},\"jvm\":{\"free\":\"106.86MB\",\"home\":\"C:\\\\Java\\\\jdk-11.0.10\",\"max\":\"3.97GB\",\"total\":\"308MB\",\"use\":\"201.14MB\",\"usedRate\":\"65.3%\",\"version\":\"11.0.10\"},\"mem\":{\"free\":\"2.97GB\",\"total\":\"15.89GB\",\"used\":\"12.92GB\",\"usedRate\":\"81.31%\"},\"sys\":{\"computerIp\":\"192.168.80.1\",\"computerName\":\"DESKTOP-UL11U4C\",\"osArch\":\"amd64\",\"osName\":\"Windows 10\",\"userDir\":\"D:\\\\IdeaProject\\\\YinXing\"},\"sysFiles\":[{\"dirName\":\"C:\\\\\",\"free\":\"71.4 GB\",\"sysTypeName\":\"NTFS\",\"total\":\"140.2 GB\",\"typeName\":\"本地固定磁盘 (C:)\",\"usage\":49.04,\"used\":\"68.7 GB\"},{\"dirName\":\"D:\\\\\",\"free\":\"67.9 GB\",\"sysTypeName\":\"NTFS\",\"total\":\"97.7 GB\",\"typeName\":\"本地固定磁盘 (D:)\",\"usage\":30.46,\"used\":\"29.7 GB\"}]}', b'0', '无', 749058260664978888, '系统管理员');
INSERT INTO `sys_log` VALUES (755440053462896679, '2022-02-04 11:24:20', '192.168.80.1', '/yinxing-web/AppController/systemInfo', '获取系统运行信息', 'GET', '{\"_dc\":\"1643945060365\"}', 0, '{\"cpu\":{\"cpuNum\":8,\"sys\":\"2.94%\",\"totalFree\":\"85.53%\",\"used\":\"11.33%\",\"wait\":\"0%\"},\"jvm\":{\"free\":\"106.86MB\",\"home\":\"C:\\\\Java\\\\jdk-11.0.10\",\"max\":\"3.97GB\",\"total\":\"308MB\",\"use\":\"201.14MB\",\"usedRate\":\"65.3%\",\"version\":\"11.0.10\"},\"mem\":{\"free\":\"2.97GB\",\"total\":\"15.89GB\",\"used\":\"12.92GB\",\"usedRate\":\"81.31%\"},\"sys\":{\"computerIp\":\"192.168.80.1\",\"computerName\":\"DESKTOP-UL11U4C\",\"osArch\":\"amd64\",\"osName\":\"Windows 10\",\"userDir\":\"D:\\\\IdeaProject\\\\YinXing\"},\"sysFiles\":[{\"dirName\":\"C:\\\\\",\"free\":\"71.4 GB\",\"sysTypeName\":\"NTFS\",\"total\":\"140.2 GB\",\"typeName\":\"本地固定磁盘 (C:)\",\"usage\":49.04,\"used\":\"68.7 GB\"},{\"dirName\":\"D:\\\\\",\"free\":\"67.9 GB\",\"sysTypeName\":\"NTFS\",\"total\":\"97.7 GB\",\"typeName\":\"本地固定磁盘 (D:)\",\"usage\":30.46,\"used\":\"29.7 GB\"}]}', b'0', '无', 749058260664978888, '系统管理员');
INSERT INTO `sys_log` VALUES (755440089533911080, '2022-02-04 11:24:29', '192.168.80.1', '/yinxing-web/AppController/systemInfo', '获取系统运行信息', 'GET', '{\"_dc\":\"1643945068963\"}', 0, '{\"cpu\":{\"cpuNum\":8,\"sys\":\"2.94%\",\"totalFree\":\"85.53%\",\"used\":\"11.33%\",\"wait\":\"0%\"},\"jvm\":{\"free\":\"106.86MB\",\"home\":\"C:\\\\Java\\\\jdk-11.0.10\",\"max\":\"3.97GB\",\"total\":\"308MB\",\"use\":\"201.14MB\",\"usedRate\":\"65.3%\",\"version\":\"11.0.10\"},\"mem\":{\"free\":\"2.97GB\",\"total\":\"15.89GB\",\"used\":\"12.92GB\",\"usedRate\":\"81.31%\"},\"sys\":{\"computerIp\":\"192.168.80.1\",\"computerName\":\"DESKTOP-UL11U4C\",\"osArch\":\"amd64\",\"osName\":\"Windows 10\",\"userDir\":\"D:\\\\IdeaProject\\\\YinXing\"},\"sysFiles\":[{\"dirName\":\"C:\\\\\",\"free\":\"71.4 GB\",\"sysTypeName\":\"NTFS\",\"total\":\"140.2 GB\",\"typeName\":\"本地固定磁盘 (C:)\",\"usage\":49.04,\"used\":\"68.7 GB\"},{\"dirName\":\"D:\\\\\",\"free\":\"67.9 GB\",\"sysTypeName\":\"NTFS\",\"total\":\"97.7 GB\",\"typeName\":\"本地固定磁盘 (D:)\",\"usage\":30.46,\"used\":\"29.7 GB\"}]}', b'0', '无', 749058260664978888, '系统管理员');
INSERT INTO `sys_log` VALUES (755440257125716009, '2022-02-04 11:25:09', '192.168.80.1', '/yinxing-web/AppController/systemInfo', '获取系统运行信息', 'GET', '{\"_dc\":\"1643945108926\"}', 0, '{\"cpu\":{\"cpuNum\":8,\"sys\":\"2.94%\",\"totalFree\":\"85.53%\",\"used\":\"11.33%\",\"wait\":\"0%\"},\"jvm\":{\"free\":\"106.86MB\",\"home\":\"C:\\\\Java\\\\jdk-11.0.10\",\"max\":\"3.97GB\",\"total\":\"308MB\",\"use\":\"201.14MB\",\"usedRate\":\"65.3%\",\"version\":\"11.0.10\"},\"mem\":{\"free\":\"2.97GB\",\"total\":\"15.89GB\",\"used\":\"12.92GB\",\"usedRate\":\"81.31%\"},\"sys\":{\"computerIp\":\"192.168.80.1\",\"computerName\":\"DESKTOP-UL11U4C\",\"osArch\":\"amd64\",\"osName\":\"Windows 10\",\"userDir\":\"D:\\\\IdeaProject\\\\YinXing\"},\"sysFiles\":[{\"dirName\":\"C:\\\\\",\"free\":\"71.4 GB\",\"sysTypeName\":\"NTFS\",\"total\":\"140.2 GB\",\"typeName\":\"本地固定磁盘 (C:)\",\"usage\":49.04,\"used\":\"68.7 GB\"},{\"dirName\":\"D:\\\\\",\"free\":\"67.9 GB\",\"sysTypeName\":\"NTFS\",\"total\":\"97.7 GB\",\"typeName\":\"本地固定磁盘 (D:)\",\"usage\":30.46,\"used\":\"29.7 GB\"}]}', b'0', '无', 749058260664978888, '系统管理员');
INSERT INTO `sys_log` VALUES (755446039011528705, '2022-02-04 11:48:07', '192.168.80.1', '/yinxing-web/AppController/login', '登录系统', 'POST', '{\"username\":\"admin123\",\"password\":\"123456\"}', 181, '{\"authToken\":\"f16de466-c120-4ec2-8a7f-a058b2cef679\",\"jwtToken\":\"eyJ0eXAiOiJKV1QiLCJhbGciOiJIUzI1NiJ9.eyJleHAiOjE2NDUyNDI0ODcsInVzZXJuYW1lIjoiYWRtaW4xMjMifQ.5QBVzto3-PeFKK2fmCynMtKgSJs_fCV9jt4j3jeFUBk\",\"loginTime\":1643946487262,\"permissions\":[\"/AppController/getUserInfo\",\"/AppController/logout\",\"/AppController/passwordReset\"],\"profile\":\"https://pfks-oss-center.oss-cn-beijing.aliyuncs.com/751544757301415940.png\",\"roles\":[\"common\",\"admin\"],\"userHost\":\"192.168.80.1\",\"userId\":749058260664978888,\"username\":\"系统管理员\"}', b'0', '无', 749058260664978888, '系统管理员');
INSERT INTO `sys_log` VALUES (755446718526525442, '2022-02-04 11:50:49', '192.168.80.1', '/yinxing-web/AppController/login', '登录系统', 'POST', '{\"username\":\"admin123\",\"password\":\"123456\"}', 109, '{\"authToken\":\"5993f488-88ef-4d5c-bd72-059164b04a60\",\"jwtToken\":\"eyJ0eXAiOiJKV1QiLCJhbGciOiJIUzI1NiJ9.eyJleHAiOjE2NDUyNDI2NDksInVzZXJuYW1lIjoiYWRtaW4xMjMifQ.W8epq3d36DsDCcymmxTvCw_7dfHTDmTbNzOrShkb3IQ\",\"loginTime\":1643946649294,\"permissions\":[\"/AppController/getUserInfo\",\"/AppController/logout\",\"/AppController/passwordReset\"],\"profile\":\"https://pfks-oss-center.oss-cn-beijing.aliyuncs.com/751544757301415940.png\",\"roles\":[\"common\",\"admin\"],\"userHost\":\"192.168.80.1\",\"userId\":749058260664978888,\"username\":\"系统管理员\"}', b'0', '无', 749058260664978888, '系统管理员');
INSERT INTO `sys_log` VALUES (755448548459417602, '2022-02-04 11:58:06', '192.168.80.1', '/yinxing-web/AppController/login', '登录系统', 'POST', '{\"username\":\"admin123\",\"password\":\"123456\"}', 114, '{\"authToken\":\"5d3df1d3-6472-41a5-9bce-f2f07a431ceb\",\"jwtToken\":\"eyJ0eXAiOiJKV1QiLCJhbGciOiJIUzI1NiJ9.eyJleHAiOjE2NDUyNDMwODUsInVzZXJuYW1lIjoiYWRtaW4xMjMifQ.bv3Quc98437GRFGDL4ISgr4xpbj1Oj4wHx_KOIlKqyk\",\"loginTime\":1643947085630,\"permissions\":[\"/AppController/getUserInfo\",\"/AppController/logout\",\"/AppController/passwordReset\"],\"profile\":\"https://pfks-oss-center.oss-cn-beijing.aliyuncs.com/751544757301415940.png\",\"roles\":[\"common\",\"admin\"],\"userHost\":\"192.168.80.1\",\"userId\":749058260664978888,\"username\":\"系统管理员\"}', b'0', '无', 749058260664978888, '系统管理员');
INSERT INTO `sys_log` VALUES (755448640666996739, '2022-02-04 11:58:28', '192.168.80.1', '/yinxing-web/AppController/systemInfo', '获取系统运行信息', 'GET', '{\"_dc\":\"1643947107677\"}', 0, '{\"cpu\":{\"cpuNum\":8,\"sys\":\"0.39%\",\"totalFree\":\"98.25%\",\"used\":\"1.35%\",\"wait\":\"0%\"},\"jvm\":{\"free\":\"145.12MB\",\"home\":\"C:\\\\Java\\\\jdk-11.0.10\",\"max\":\"3.97GB\",\"total\":\"308MB\",\"use\":\"162.88MB\",\"usedRate\":\"52.88%\",\"version\":\"11.0.10\"},\"mem\":{\"free\":\"3.08GB\",\"total\":\"15.89GB\",\"used\":\"12.81GB\",\"usedRate\":\"80.61%\"},\"sys\":{\"computerIp\":\"192.168.80.1\",\"computerName\":\"DESKTOP-UL11U4C\",\"osArch\":\"amd64\",\"osName\":\"Windows 10\",\"userDir\":\"D:\\\\IdeaProject\\\\YinXing\"},\"sysFiles\":[{\"dirName\":\"C:\\\\\",\"free\":\"71.4 GB\",\"sysTypeName\":\"NTFS\",\"total\":\"140.2 GB\",\"typeName\":\"本地固定磁盘 (C:)\",\"usage\":49.06,\"used\":\"68.8 GB\"},{\"dirName\":\"D:\\\\\",\"free\":\"67.9 GB\",\"sysTypeName\":\"NTFS\",\"total\":\"97.7 GB\",\"typeName\":\"本地固定磁盘 (D:)\",\"usage\":30.46,\"used\":\"29.7 GB\"}]}', b'0', '无', 749058260664978888, '系统管理员');
INSERT INTO `sys_log` VALUES (755448845923651588, '2022-02-04 11:59:17', '192.168.80.1', '/yinxing-web/AppController/systemInfo', '获取系统运行信息', 'GET', '{\"_dc\":\"1643947156638\"}', 0, '{\"cpu\":{\"cpuNum\":8,\"sys\":\"1.15%\",\"totalFree\":\"84.78%\",\"used\":\"14.07%\",\"wait\":\"0%\"},\"jvm\":{\"free\":\"139.68MB\",\"home\":\"C:\\\\Java\\\\jdk-11.0.10\",\"max\":\"3.97GB\",\"total\":\"308MB\",\"use\":\"168.32MB\",\"usedRate\":\"54.65%\",\"version\":\"11.0.10\"},\"mem\":{\"free\":\"3.25GB\",\"total\":\"15.89GB\",\"used\":\"12.64GB\",\"usedRate\":\"79.56%\"},\"sys\":{\"computerIp\":\"192.168.80.1\",\"computerName\":\"DESKTOP-UL11U4C\",\"osArch\":\"amd64\",\"osName\":\"Windows 10\",\"userDir\":\"D:\\\\IdeaProject\\\\YinXing\"},\"sysFiles\":[{\"dirName\":\"C:\\\\\",\"free\":\"71.4 GB\",\"sysTypeName\":\"NTFS\",\"total\":\"140.2 GB\",\"typeName\":\"本地固定磁盘 (C:)\",\"usage\":49.06,\"used\":\"68.8 GB\"},{\"dirName\":\"D:\\\\\",\"free\":\"67.9 GB\",\"sysTypeName\":\"NTFS\",\"total\":\"97.7 GB\",\"typeName\":\"本地固定磁盘 (D:)\",\"usage\":30.46,\"used\":\"29.7 GB\"}]}', b'0', '无', 749058260664978888, '系统管理员');
INSERT INTO `sys_log` VALUES (755448876810506245, '2022-02-04 11:59:24', '192.168.80.1', '/yinxing-web/AppController/systemInfo', '获取系统运行信息', 'GET', '{\"_dc\":\"1643947164039\"}', 0, '{\"cpu\":{\"cpuNum\":8,\"sys\":\"1.15%\",\"totalFree\":\"84.78%\",\"used\":\"14.07%\",\"wait\":\"0%\"},\"jvm\":{\"free\":\"139.68MB\",\"home\":\"C:\\\\Java\\\\jdk-11.0.10\",\"max\":\"3.97GB\",\"total\":\"308MB\",\"use\":\"168.32MB\",\"usedRate\":\"54.65%\",\"version\":\"11.0.10\"},\"mem\":{\"free\":\"3.25GB\",\"total\":\"15.89GB\",\"used\":\"12.64GB\",\"usedRate\":\"79.56%\"},\"sys\":{\"computerIp\":\"192.168.80.1\",\"computerName\":\"DESKTOP-UL11U4C\",\"osArch\":\"amd64\",\"osName\":\"Windows 10\",\"userDir\":\"D:\\\\IdeaProject\\\\YinXing\"},\"sysFiles\":[{\"dirName\":\"C:\\\\\",\"free\":\"71.4 GB\",\"sysTypeName\":\"NTFS\",\"total\":\"140.2 GB\",\"typeName\":\"本地固定磁盘 (C:)\",\"usage\":49.06,\"used\":\"68.8 GB\"},{\"dirName\":\"D:\\\\\",\"free\":\"67.9 GB\",\"sysTypeName\":\"NTFS\",\"total\":\"97.7 GB\",\"typeName\":\"本地固定磁盘 (D:)\",\"usage\":30.46,\"used\":\"29.7 GB\"}]}', b'0', '无', 749058260664978888, '系统管理员');
INSERT INTO `sys_log` VALUES (755448885547241478, '2022-02-04 11:59:26', '192.168.80.1', '/yinxing-web/AppController/systemInfo', '获取系统运行信息', 'GET', '{\"_dc\":\"1643947166120\"}', 0, '{\"cpu\":{\"cpuNum\":8,\"sys\":\"1.15%\",\"totalFree\":\"84.78%\",\"used\":\"14.07%\",\"wait\":\"0%\"},\"jvm\":{\"free\":\"139.68MB\",\"home\":\"C:\\\\Java\\\\jdk-11.0.10\",\"max\":\"3.97GB\",\"total\":\"308MB\",\"use\":\"168.32MB\",\"usedRate\":\"54.65%\",\"version\":\"11.0.10\"},\"mem\":{\"free\":\"3.25GB\",\"total\":\"15.89GB\",\"used\":\"12.64GB\",\"usedRate\":\"79.56%\"},\"sys\":{\"computerIp\":\"192.168.80.1\",\"computerName\":\"DESKTOP-UL11U4C\",\"osArch\":\"amd64\",\"osName\":\"Windows 10\",\"userDir\":\"D:\\\\IdeaProject\\\\YinXing\"},\"sysFiles\":[{\"dirName\":\"C:\\\\\",\"free\":\"71.4 GB\",\"sysTypeName\":\"NTFS\",\"total\":\"140.2 GB\",\"typeName\":\"本地固定磁盘 (C:)\",\"usage\":49.06,\"used\":\"68.8 GB\"},{\"dirName\":\"D:\\\\\",\"free\":\"67.9 GB\",\"sysTypeName\":\"NTFS\",\"total\":\"97.7 GB\",\"typeName\":\"本地固定磁盘 (D:)\",\"usage\":30.46,\"used\":\"29.7 GB\"}]}', b'0', '无', 749058260664978888, '系统管理员');
INSERT INTO `sys_log` VALUES (755448921337237511, '2022-02-04 11:59:35', '192.168.80.1', '/yinxing-web/AppController/systemInfo', '获取系统运行信息', 'GET', '{\"_dc\":\"1643947174645\"}', 1, '{\"cpu\":{\"cpuNum\":8,\"sys\":\"1.15%\",\"totalFree\":\"84.78%\",\"used\":\"14.07%\",\"wait\":\"0%\"},\"jvm\":{\"free\":\"139.68MB\",\"home\":\"C:\\\\Java\\\\jdk-11.0.10\",\"max\":\"3.97GB\",\"total\":\"308MB\",\"use\":\"168.32MB\",\"usedRate\":\"54.65%\",\"version\":\"11.0.10\"},\"mem\":{\"free\":\"3.25GB\",\"total\":\"15.89GB\",\"used\":\"12.64GB\",\"usedRate\":\"79.56%\"},\"sys\":{\"computerIp\":\"192.168.80.1\",\"computerName\":\"DESKTOP-UL11U4C\",\"osArch\":\"amd64\",\"osName\":\"Windows 10\",\"userDir\":\"D:\\\\IdeaProject\\\\YinXing\"},\"sysFiles\":[{\"dirName\":\"C:\\\\\",\"free\":\"71.4 GB\",\"sysTypeName\":\"NTFS\",\"total\":\"140.2 GB\",\"typeName\":\"本地固定磁盘 (C:)\",\"usage\":49.06,\"used\":\"68.8 GB\"},{\"dirName\":\"D:\\\\\",\"free\":\"67.9 GB\",\"sysTypeName\":\"NTFS\",\"total\":\"97.7 GB\",\"typeName\":\"本地固定磁盘 (D:)\",\"usage\":30.46,\"used\":\"29.7 GB\"}]}', b'0', '无', 749058260664978888, '系统管理员');
INSERT INTO `sys_log` VALUES (755449024273846280, '2022-02-04 11:59:59', '192.168.80.1', '/yinxing-web/AppController/systemInfo', '获取系统运行信息', 'GET', '{\"_dc\":\"1643947199191\"}', 1, '{\"cpu\":{\"cpuNum\":8,\"sys\":\"1.15%\",\"totalFree\":\"84.78%\",\"used\":\"14.07%\",\"wait\":\"0%\"},\"jvm\":{\"free\":\"139.68MB\",\"home\":\"C:\\\\Java\\\\jdk-11.0.10\",\"max\":\"3.97GB\",\"total\":\"308MB\",\"use\":\"168.32MB\",\"usedRate\":\"54.65%\",\"version\":\"11.0.10\"},\"mem\":{\"free\":\"3.25GB\",\"total\":\"15.89GB\",\"used\":\"12.64GB\",\"usedRate\":\"79.56%\"},\"sys\":{\"computerIp\":\"192.168.80.1\",\"computerName\":\"DESKTOP-UL11U4C\",\"osArch\":\"amd64\",\"osName\":\"Windows 10\",\"userDir\":\"D:\\\\IdeaProject\\\\YinXing\"},\"sysFiles\":[{\"dirName\":\"C:\\\\\",\"free\":\"71.4 GB\",\"sysTypeName\":\"NTFS\",\"total\":\"140.2 GB\",\"typeName\":\"本地固定磁盘 (C:)\",\"usage\":49.06,\"used\":\"68.8 GB\"},{\"dirName\":\"D:\\\\\",\"free\":\"67.9 GB\",\"sysTypeName\":\"NTFS\",\"total\":\"97.7 GB\",\"typeName\":\"本地固定磁盘 (D:)\",\"usage\":30.46,\"used\":\"29.7 GB\"}]}', b'0', '无', 749058260664978888, '系统管理员');
INSERT INTO `sys_log` VALUES (755449132428169225, '2022-02-04 12:00:25', '192.168.80.1', '/yinxing-web/AppController/systemInfo', '获取系统运行信息', 'GET', '{\"_dc\":\"1643947224973\"}', 0, '{\"cpu\":{\"cpuNum\":8,\"sys\":\"8.4%\",\"totalFree\":\"55.66%\",\"used\":\"35.94%\",\"wait\":\"0%\"},\"jvm\":{\"free\":\"121.68MB\",\"home\":\"C:\\\\Java\\\\jdk-11.0.10\",\"max\":\"3.97GB\",\"total\":\"308MB\",\"use\":\"186.32MB\",\"usedRate\":\"60.49%\",\"version\":\"11.0.10\"},\"mem\":{\"free\":\"3.92GB\",\"total\":\"15.89GB\",\"used\":\"11.97GB\",\"usedRate\":\"75.35%\"},\"sys\":{\"computerIp\":\"192.168.80.1\",\"computerName\":\"DESKTOP-UL11U4C\",\"osArch\":\"amd64\",\"osName\":\"Windows 10\",\"userDir\":\"D:\\\\IdeaProject\\\\YinXing\"},\"sysFiles\":[{\"dirName\":\"C:\\\\\",\"free\":\"71.4 GB\",\"sysTypeName\":\"NTFS\",\"total\":\"140.2 GB\",\"typeName\":\"本地固定磁盘 (C:)\",\"usage\":49.05,\"used\":\"68.8 GB\"},{\"dirName\":\"D:\\\\\",\"free\":\"67.9 GB\",\"sysTypeName\":\"NTFS\",\"total\":\"97.7 GB\",\"typeName\":\"本地固定磁盘 (D:)\",\"usage\":30.46,\"used\":\"29.7 GB\"}]}', b'0', '无', 749058260664978888, '系统管理员');
INSERT INTO `sys_log` VALUES (755449222379212810, '2022-02-04 12:00:46', '192.168.80.1', '/yinxing-web/AppController/systemInfo', '获取系统运行信息', 'GET', '{\"_dc\":\"1643947245359\"}', 1040, '{\"cpu\":{\"cpuNum\":8,\"sys\":\"0.95%\",\"totalFree\":\"94.64%\",\"used\":\"4.41%\",\"wait\":\"0%\"},\"jvm\":{\"free\":\"114.62MB\",\"home\":\"C:\\\\Java\\\\jdk-11.0.10\",\"max\":\"3.97GB\",\"total\":\"308MB\",\"use\":\"193.38MB\",\"usedRate\":\"62.78%\",\"version\":\"11.0.10\"},\"mem\":{\"free\":\"3.69GB\",\"total\":\"15.89GB\",\"used\":\"12.2GB\",\"usedRate\":\"76.77%\"},\"sys\":{\"computerIp\":\"192.168.80.1\",\"computerName\":\"DESKTOP-UL11U4C\",\"osArch\":\"amd64\",\"osName\":\"Windows 10\",\"userDir\":\"D:\\\\IdeaProject\\\\YinXing\"},\"sysFiles\":[{\"dirName\":\"C:\\\\\",\"free\":\"71.4 GB\",\"sysTypeName\":\"NTFS\",\"total\":\"140.2 GB\",\"typeName\":\"本地固定磁盘 (C:)\",\"usage\":49.06,\"used\":\"68.8 GB\"},{\"dirName\":\"D:\\\\\",\"free\":\"67.9 GB\",\"sysTypeName\":\"NTFS\",\"total\":\"97.7 GB\",\"typeName\":\"本地固定磁盘 (D:)\",\"usage\":30.46,\"used\":\"29.7 GB\"}]}', b'0', '无', 749058260664978888, '系统管理员');
INSERT INTO `sys_log` VALUES (755449397017448459, '2022-02-04 12:01:28', '127.0.0.1', '/yinxing-web/AppController/systemInfo', '获取系统运行信息', 'GET', '{\"id\":\"1234\"}', 0, '{\"cpu\":{\"cpuNum\":8,\"sys\":\"1.72%\",\"totalFree\":\"95.21%\",\"used\":\"3.07%\",\"wait\":\"0%\"},\"jvm\":{\"free\":\"109.68MB\",\"home\":\"C:\\\\Java\\\\jdk-11.0.10\",\"max\":\"3.97GB\",\"total\":\"308MB\",\"use\":\"198.32MB\",\"usedRate\":\"64.39%\",\"version\":\"11.0.10\"},\"mem\":{\"free\":\"3.74GB\",\"total\":\"15.89GB\",\"used\":\"12.15GB\",\"usedRate\":\"76.47%\"},\"sys\":{\"computerIp\":\"192.168.80.1\",\"computerName\":\"DESKTOP-UL11U4C\",\"osArch\":\"amd64\",\"osName\":\"Windows 10\",\"userDir\":\"D:\\\\IdeaProject\\\\YinXing\"},\"sysFiles\":[{\"dirName\":\"C:\\\\\",\"free\":\"71.4 GB\",\"sysTypeName\":\"NTFS\",\"total\":\"140.2 GB\",\"typeName\":\"本地固定磁盘 (C:)\",\"usage\":49.06,\"used\":\"68.8 GB\"},{\"dirName\":\"D:\\\\\",\"free\":\"67.9 GB\",\"sysTypeName\":\"NTFS\",\"total\":\"97.7 GB\",\"typeName\":\"本地固定磁盘 (D:)\",\"usage\":30.46,\"used\":\"29.7 GB\"}]}', b'0', '无', NULL, NULL);
INSERT INTO `sys_log` VALUES (755449655143305228, '2022-02-04 12:02:30', '192.168.80.1', '/yinxing-web/AppController/systemInfo', '获取系统运行信息', 'GET', '{\"_dc\":\"1643947349566\"}', 0, '{\"cpu\":{\"cpuNum\":8,\"sys\":\"3.65%\",\"totalFree\":\"80.39%\",\"used\":\"15.77%\",\"wait\":\"0%\"},\"jvm\":{\"free\":\"103.12MB\",\"home\":\"C:\\\\Java\\\\jdk-11.0.10\",\"max\":\"3.97GB\",\"total\":\"308MB\",\"use\":\"204.88MB\",\"usedRate\":\"66.52%\",\"version\":\"11.0.10\"},\"mem\":{\"free\":\"3.48GB\",\"total\":\"15.89GB\",\"used\":\"12.41GB\",\"usedRate\":\"78.1%\"},\"sys\":{\"computerIp\":\"192.168.80.1\",\"computerName\":\"DESKTOP-UL11U4C\",\"osArch\":\"amd64\",\"osName\":\"Windows 10\",\"userDir\":\"D:\\\\IdeaProject\\\\YinXing\"},\"sysFiles\":[{\"dirName\":\"C:\\\\\",\"free\":\"71.4 GB\",\"sysTypeName\":\"NTFS\",\"total\":\"140.2 GB\",\"typeName\":\"本地固定磁盘 (C:)\",\"usage\":49.06,\"used\":\"68.8 GB\"},{\"dirName\":\"D:\\\\\",\"free\":\"67.9 GB\",\"sysTypeName\":\"NTFS\",\"total\":\"97.7 GB\",\"typeName\":\"本地固定磁盘 (D:)\",\"usage\":30.46,\"used\":\"29.7 GB\"}]}', b'0', '无', 749058260664978888, '系统管理员');
INSERT INTO `sys_log` VALUES (755449675112386573, '2022-02-04 12:02:34', '127.0.0.1', '/yinxing-web/AppController/systemInfo', '获取系统运行信息', 'GET', '{\"id\":\"1234\"}', 0, '{\"cpu\":{\"cpuNum\":8,\"sys\":\"3.65%\",\"totalFree\":\"80.39%\",\"used\":\"15.77%\",\"wait\":\"0%\"},\"jvm\":{\"free\":\"103.12MB\",\"home\":\"C:\\\\Java\\\\jdk-11.0.10\",\"max\":\"3.97GB\",\"total\":\"308MB\",\"use\":\"204.88MB\",\"usedRate\":\"66.52%\",\"version\":\"11.0.10\"},\"mem\":{\"free\":\"3.48GB\",\"total\":\"15.89GB\",\"used\":\"12.41GB\",\"usedRate\":\"78.1%\"},\"sys\":{\"computerIp\":\"192.168.80.1\",\"computerName\":\"DESKTOP-UL11U4C\",\"osArch\":\"amd64\",\"osName\":\"Windows 10\",\"userDir\":\"D:\\\\IdeaProject\\\\YinXing\"},\"sysFiles\":[{\"dirName\":\"C:\\\\\",\"free\":\"71.4 GB\",\"sysTypeName\":\"NTFS\",\"total\":\"140.2 GB\",\"typeName\":\"本地固定磁盘 (C:)\",\"usage\":49.06,\"used\":\"68.8 GB\"},{\"dirName\":\"D:\\\\\",\"free\":\"67.9 GB\",\"sysTypeName\":\"NTFS\",\"total\":\"97.7 GB\",\"typeName\":\"本地固定磁盘 (D:)\",\"usage\":30.46,\"used\":\"29.7 GB\"}]}', b'0', '无', NULL, NULL);
INSERT INTO `sys_log` VALUES (755450870732296193, '2022-02-04 12:07:09', '127.0.0.1', '/yinxing-web/AppController/systemInfo', '获取系统运行信息', 'GET', '{\"id\":\"1234\"}', 5684, '{\"cpu\":{\"cpuNum\":8,\"sys\":\"1.53%\",\"totalFree\":\"95.2%\",\"used\":\"2.89%\",\"wait\":\"0%\"},\"jvm\":{\"free\":\"188.76MB\",\"home\":\"C:\\\\Java\\\\jdk-11.0.10\",\"max\":\"3.97GB\",\"runTime\":\"0天0小时0分钟\",\"startTime\":\"2022-02-04 12:06:49\",\"total\":\"308MB\",\"use\":\"119.24MB\",\"usedRate\":\"38.71%\",\"version\":\"11.0.10\"},\"mem\":{\"free\":\"3.66GB\",\"total\":\"15.89GB\",\"used\":\"12.23GB\",\"usedRate\":\"76.96%\"},\"sys\":{\"computerIp\":\"192.168.80.1\",\"computerName\":\"DESKTOP-UL11U4C\",\"osArch\":\"amd64\",\"osName\":\"Windows 10\",\"userDir\":\"D:\\\\IdeaProject\\\\YinXing\"},\"sysFiles\":[{\"dirName\":\"C:\\\\\",\"free\":\"71.4 GB\",\"sysTypeName\":\"NTFS\",\"total\":\"140.2 GB\",\"typeName\":\"本地固定磁盘 (C:)\",\"usage\":49.06,\"used\":\"68.8 GB\"},{\"dirName\":\"D:\\\\\",\"free\":\"67.9 GB\",\"sysTypeName\":\"NTFS\",\"total\":\"97.7 GB\",\"typeName\":\"本地固定磁盘 (D:)\",\"usage\":30.46,\"used\":\"29.7 GB\"}]}', b'0', '无', NULL, NULL);
INSERT INTO `sys_log` VALUES (755450916567650306, '2022-02-04 12:07:30', '192.168.80.1', '/yinxing-web/AppController/login', '登录系统', 'POST', '{\"username\":\"admin123\",\"password\":\"123456\"}', 108, '{\"authToken\":\"3e9f90e7-7395-45e4-ac3b-e3d2d1d21b82\",\"jwtToken\":\"eyJ0eXAiOiJKV1QiLCJhbGciOiJIUzI1NiJ9.eyJleHAiOjE2NDUyNDM2NTAsInVzZXJuYW1lIjoiYWRtaW4xMjMifQ.GqFw4yu45xtB-Bj8CP4Uf2nXkcL69g3ulq5G7f0KgLE\",\"loginTime\":1643947650274,\"permissions\":[\"/AppController/getUserInfo\",\"/AppController/logout\",\"/AppController/passwordReset\"],\"profile\":\"https://pfks-oss-center.oss-cn-beijing.aliyuncs.com/751544757301415940.png\",\"roles\":[\"common\",\"admin\"],\"userHost\":\"192.168.80.1\",\"userId\":749058260664978888,\"username\":\"系统管理员\"}', b'0', '无', 749058260664978888, '系统管理员');
INSERT INTO `sys_log` VALUES (755450968786735107, '2022-02-04 12:07:43', '127.0.0.1', '/yinxing-web/AppController/systemInfo', '获取系统运行信息', 'GET', '{\"id\":\"1234\"}', 0, '{\"cpu\":{\"cpuNum\":8,\"sys\":\"0.94%\",\"totalFree\":\"94.63%\",\"used\":\"4.43%\",\"wait\":\"0%\"},\"jvm\":{\"free\":\"119.59MB\",\"home\":\"C:\\\\Java\\\\jdk-11.0.10\",\"max\":\"3.97GB\",\"runTime\":\"0天0小时0分钟\",\"startTime\":\"2022-02-04 12:06:49\",\"total\":\"308MB\",\"use\":\"188.41MB\",\"usedRate\":\"61.17%\",\"version\":\"11.0.10\"},\"mem\":{\"free\":\"3.73GB\",\"total\":\"15.89GB\",\"used\":\"12.16GB\",\"usedRate\":\"76.55%\"},\"sys\":{\"computerIp\":\"192.168.80.1\",\"computerName\":\"DESKTOP-UL11U4C\",\"osArch\":\"amd64\",\"osName\":\"Windows 10\",\"userDir\":\"D:\\\\IdeaProject\\\\YinXing\"},\"sysFiles\":[{\"dirName\":\"C:\\\\\",\"free\":\"71.4 GB\",\"sysTypeName\":\"NTFS\",\"total\":\"140.2 GB\",\"typeName\":\"本地固定磁盘 (C:)\",\"usage\":49.06,\"used\":\"68.8 GB\"},{\"dirName\":\"D:\\\\\",\"free\":\"67.9 GB\",\"sysTypeName\":\"NTFS\",\"total\":\"97.7 GB\",\"typeName\":\"本地固定磁盘 (D:)\",\"usage\":30.46,\"used\":\"29.7 GB\"}]}', b'0', '无', NULL, NULL);
INSERT INTO `sys_log` VALUES (755451088219541508, '2022-02-04 12:08:11', '127.0.0.1', '/yinxing-web/AppController/systemInfo', '获取系统运行信息', 'GET', '{\"id\":\"1234\"}', 0, '{\"cpu\":{\"cpuNum\":8,\"sys\":\"2.15%\",\"totalFree\":\"94.15%\",\"used\":\"3.7%\",\"wait\":\"0%\"},\"jvm\":{\"free\":\"116.59MB\",\"home\":\"C:\\\\Java\\\\jdk-11.0.10\",\"max\":\"3.97GB\",\"runTime\":\"0天0小时-1分钟\",\"startTime\":\"2022-02-04 12:06:49\",\"total\":\"308MB\",\"use\":\"191.41MB\",\"usedRate\":\"62.15%\",\"version\":\"11.0.10\"},\"mem\":{\"free\":\"3.72GB\",\"total\":\"15.89GB\",\"used\":\"12.17GB\",\"usedRate\":\"76.61%\"},\"sys\":{\"computerIp\":\"192.168.80.1\",\"computerName\":\"DESKTOP-UL11U4C\",\"osArch\":\"amd64\",\"osName\":\"Windows 10\",\"userDir\":\"D:\\\\IdeaProject\\\\YinXing\"},\"sysFiles\":[{\"dirName\":\"C:\\\\\",\"free\":\"71.4 GB\",\"sysTypeName\":\"NTFS\",\"total\":\"140.2 GB\",\"typeName\":\"本地固定磁盘 (C:)\",\"usage\":49.06,\"used\":\"68.8 GB\"},{\"dirName\":\"D:\\\\\",\"free\":\"67.9 GB\",\"sysTypeName\":\"NTFS\",\"total\":\"97.7 GB\",\"typeName\":\"本地固定磁盘 (D:)\",\"usage\":30.46,\"used\":\"29.7 GB\"}]}', b'0', '无', NULL, NULL);
INSERT INTO `sys_log` VALUES (755451144062504965, '2022-02-04 12:08:25', '127.0.0.1', '/yinxing-web/AppController/systemInfo', '获取系统运行信息', 'GET', '{\"id\":\"1234\"}', 0, '{\"cpu\":{\"cpuNum\":8,\"sys\":\"2.15%\",\"totalFree\":\"94.15%\",\"used\":\"3.7%\",\"wait\":\"0%\"},\"jvm\":{\"free\":\"116.59MB\",\"home\":\"C:\\\\Java\\\\jdk-11.0.10\",\"max\":\"3.97GB\",\"runTime\":\"0天0小时-1分钟\",\"startTime\":\"2022-02-04 12:06:49\",\"total\":\"308MB\",\"use\":\"191.41MB\",\"usedRate\":\"62.15%\",\"version\":\"11.0.10\"},\"mem\":{\"free\":\"3.72GB\",\"total\":\"15.89GB\",\"used\":\"12.17GB\",\"usedRate\":\"76.61%\"},\"sys\":{\"computerIp\":\"192.168.80.1\",\"computerName\":\"DESKTOP-UL11U4C\",\"osArch\":\"amd64\",\"osName\":\"Windows 10\",\"userDir\":\"D:\\\\IdeaProject\\\\YinXing\"},\"sysFiles\":[{\"dirName\":\"C:\\\\\",\"free\":\"71.4 GB\",\"sysTypeName\":\"NTFS\",\"total\":\"140.2 GB\",\"typeName\":\"本地固定磁盘 (C:)\",\"usage\":49.06,\"used\":\"68.8 GB\"},{\"dirName\":\"D:\\\\\",\"free\":\"67.9 GB\",\"sysTypeName\":\"NTFS\",\"total\":\"97.7 GB\",\"typeName\":\"本地固定磁盘 (D:)\",\"usage\":30.46,\"used\":\"29.7 GB\"}]}', b'0', '无', NULL, NULL);
INSERT INTO `sys_log` VALUES (755451193785978886, '2022-02-04 12:08:36', '127.0.0.1', '/yinxing-web/AppController/systemInfo', '获取系统运行信息', 'GET', '{\"id\":\"1234\"}', 0, '{\"cpu\":{\"cpuNum\":8,\"sys\":\"2.15%\",\"totalFree\":\"94.15%\",\"used\":\"3.7%\",\"wait\":\"0%\"},\"jvm\":{\"free\":\"116.59MB\",\"home\":\"C:\\\\Java\\\\jdk-11.0.10\",\"max\":\"3.97GB\",\"runTime\":\"0天0小时-1分钟\",\"startTime\":\"2022-02-04 12:06:49\",\"total\":\"308MB\",\"use\":\"191.41MB\",\"usedRate\":\"62.15%\",\"version\":\"11.0.10\"},\"mem\":{\"free\":\"3.72GB\",\"total\":\"15.89GB\",\"used\":\"12.17GB\",\"usedRate\":\"76.61%\"},\"sys\":{\"computerIp\":\"192.168.80.1\",\"computerName\":\"DESKTOP-UL11U4C\",\"osArch\":\"amd64\",\"osName\":\"Windows 10\",\"userDir\":\"D:\\\\IdeaProject\\\\YinXing\"},\"sysFiles\":[{\"dirName\":\"C:\\\\\",\"free\":\"71.4 GB\",\"sysTypeName\":\"NTFS\",\"total\":\"140.2 GB\",\"typeName\":\"本地固定磁盘 (C:)\",\"usage\":49.06,\"used\":\"68.8 GB\"},{\"dirName\":\"D:\\\\\",\"free\":\"67.9 GB\",\"sysTypeName\":\"NTFS\",\"total\":\"97.7 GB\",\"typeName\":\"本地固定磁盘 (D:)\",\"usage\":30.46,\"used\":\"29.7 GB\"}]}', b'0', '无', NULL, NULL);
INSERT INTO `sys_log` VALUES (755451200144543751, '2022-02-04 12:08:38', '127.0.0.1', '/yinxing-web/AppController/systemInfo', '获取系统运行信息', 'GET', '{\"id\":\"1234\"}', 0, '{\"cpu\":{\"cpuNum\":8,\"sys\":\"2.15%\",\"totalFree\":\"94.15%\",\"used\":\"3.7%\",\"wait\":\"0%\"},\"jvm\":{\"free\":\"116.59MB\",\"home\":\"C:\\\\Java\\\\jdk-11.0.10\",\"max\":\"3.97GB\",\"runTime\":\"0天0小时-1分钟\",\"startTime\":\"2022-02-04 12:06:49\",\"total\":\"308MB\",\"use\":\"191.41MB\",\"usedRate\":\"62.15%\",\"version\":\"11.0.10\"},\"mem\":{\"free\":\"3.72GB\",\"total\":\"15.89GB\",\"used\":\"12.17GB\",\"usedRate\":\"76.61%\"},\"sys\":{\"computerIp\":\"192.168.80.1\",\"computerName\":\"DESKTOP-UL11U4C\",\"osArch\":\"amd64\",\"osName\":\"Windows 10\",\"userDir\":\"D:\\\\IdeaProject\\\\YinXing\"},\"sysFiles\":[{\"dirName\":\"C:\\\\\",\"free\":\"71.4 GB\",\"sysTypeName\":\"NTFS\",\"total\":\"140.2 GB\",\"typeName\":\"本地固定磁盘 (C:)\",\"usage\":49.06,\"used\":\"68.8 GB\"},{\"dirName\":\"D:\\\\\",\"free\":\"67.9 GB\",\"sysTypeName\":\"NTFS\",\"total\":\"97.7 GB\",\"typeName\":\"本地固定磁盘 (D:)\",\"usage\":30.46,\"used\":\"29.7 GB\"}]}', b'0', '无', NULL, NULL);
INSERT INTO `sys_log` VALUES (755451202229112840, '2022-02-04 12:08:38', '127.0.0.1', '/yinxing-web/AppController/systemInfo', '获取系统运行信息', 'GET', '{\"id\":\"1234\"}', 0, '{\"cpu\":{\"cpuNum\":8,\"sys\":\"2.15%\",\"totalFree\":\"94.15%\",\"used\":\"3.7%\",\"wait\":\"0%\"},\"jvm\":{\"free\":\"116.59MB\",\"home\":\"C:\\\\Java\\\\jdk-11.0.10\",\"max\":\"3.97GB\",\"runTime\":\"0天0小时-1分钟\",\"startTime\":\"2022-02-04 12:06:49\",\"total\":\"308MB\",\"use\":\"191.41MB\",\"usedRate\":\"62.15%\",\"version\":\"11.0.10\"},\"mem\":{\"free\":\"3.72GB\",\"total\":\"15.89GB\",\"used\":\"12.17GB\",\"usedRate\":\"76.61%\"},\"sys\":{\"computerIp\":\"192.168.80.1\",\"computerName\":\"DESKTOP-UL11U4C\",\"osArch\":\"amd64\",\"osName\":\"Windows 10\",\"userDir\":\"D:\\\\IdeaProject\\\\YinXing\"},\"sysFiles\":[{\"dirName\":\"C:\\\\\",\"free\":\"71.4 GB\",\"sysTypeName\":\"NTFS\",\"total\":\"140.2 GB\",\"typeName\":\"本地固定磁盘 (C:)\",\"usage\":49.06,\"used\":\"68.8 GB\"},{\"dirName\":\"D:\\\\\",\"free\":\"67.9 GB\",\"sysTypeName\":\"NTFS\",\"total\":\"97.7 GB\",\"typeName\":\"本地固定磁盘 (D:)\",\"usage\":30.46,\"used\":\"29.7 GB\"}]}', b'0', '无', NULL, NULL);
INSERT INTO `sys_log` VALUES (755451204515008521, '2022-02-04 12:08:39', '127.0.0.1', '/yinxing-web/AppController/systemInfo', '获取系统运行信息', 'GET', '{\"id\":\"1234\"}', 0, '{\"cpu\":{\"cpuNum\":8,\"sys\":\"2.15%\",\"totalFree\":\"94.15%\",\"used\":\"3.7%\",\"wait\":\"0%\"},\"jvm\":{\"free\":\"116.59MB\",\"home\":\"C:\\\\Java\\\\jdk-11.0.10\",\"max\":\"3.97GB\",\"runTime\":\"0天0小时-1分钟\",\"startTime\":\"2022-02-04 12:06:49\",\"total\":\"308MB\",\"use\":\"191.41MB\",\"usedRate\":\"62.15%\",\"version\":\"11.0.10\"},\"mem\":{\"free\":\"3.72GB\",\"total\":\"15.89GB\",\"used\":\"12.17GB\",\"usedRate\":\"76.61%\"},\"sys\":{\"computerIp\":\"192.168.80.1\",\"computerName\":\"DESKTOP-UL11U4C\",\"osArch\":\"amd64\",\"osName\":\"Windows 10\",\"userDir\":\"D:\\\\IdeaProject\\\\YinXing\"},\"sysFiles\":[{\"dirName\":\"C:\\\\\",\"free\":\"71.4 GB\",\"sysTypeName\":\"NTFS\",\"total\":\"140.2 GB\",\"typeName\":\"本地固定磁盘 (C:)\",\"usage\":49.06,\"used\":\"68.8 GB\"},{\"dirName\":\"D:\\\\\",\"free\":\"67.9 GB\",\"sysTypeName\":\"NTFS\",\"total\":\"97.7 GB\",\"typeName\":\"本地固定磁盘 (D:)\",\"usage\":30.46,\"used\":\"29.7 GB\"}]}', b'0', '无', NULL, NULL);
INSERT INTO `sys_log` VALUES (755451206725406730, '2022-02-04 12:08:40', '127.0.0.1', '/yinxing-web/AppController/systemInfo', '获取系统运行信息', 'GET', '{\"id\":\"1234\"}', 0, '{\"cpu\":{\"cpuNum\":8,\"sys\":\"2.15%\",\"totalFree\":\"94.15%\",\"used\":\"3.7%\",\"wait\":\"0%\"},\"jvm\":{\"free\":\"116.59MB\",\"home\":\"C:\\\\Java\\\\jdk-11.0.10\",\"max\":\"3.97GB\",\"runTime\":\"0天0小时-1分钟\",\"startTime\":\"2022-02-04 12:06:49\",\"total\":\"308MB\",\"use\":\"191.41MB\",\"usedRate\":\"62.15%\",\"version\":\"11.0.10\"},\"mem\":{\"free\":\"3.72GB\",\"total\":\"15.89GB\",\"used\":\"12.17GB\",\"usedRate\":\"76.61%\"},\"sys\":{\"computerIp\":\"192.168.80.1\",\"computerName\":\"DESKTOP-UL11U4C\",\"osArch\":\"amd64\",\"osName\":\"Windows 10\",\"userDir\":\"D:\\\\IdeaProject\\\\YinXing\"},\"sysFiles\":[{\"dirName\":\"C:\\\\\",\"free\":\"71.4 GB\",\"sysTypeName\":\"NTFS\",\"total\":\"140.2 GB\",\"typeName\":\"本地固定磁盘 (C:)\",\"usage\":49.06,\"used\":\"68.8 GB\"},{\"dirName\":\"D:\\\\\",\"free\":\"67.9 GB\",\"sysTypeName\":\"NTFS\",\"total\":\"97.7 GB\",\"typeName\":\"本地固定磁盘 (D:)\",\"usage\":30.46,\"used\":\"29.7 GB\"}]}', b'0', '无', NULL, NULL);
INSERT INTO `sys_log` VALUES (755451209028079627, '2022-02-04 12:08:40', '127.0.0.1', '/yinxing-web/AppController/systemInfo', '获取系统运行信息', 'GET', '{\"id\":\"1234\"}', 0, '{\"cpu\":{\"cpuNum\":8,\"sys\":\"2.15%\",\"totalFree\":\"94.15%\",\"used\":\"3.7%\",\"wait\":\"0%\"},\"jvm\":{\"free\":\"116.59MB\",\"home\":\"C:\\\\Java\\\\jdk-11.0.10\",\"max\":\"3.97GB\",\"runTime\":\"0天0小时-1分钟\",\"startTime\":\"2022-02-04 12:06:49\",\"total\":\"308MB\",\"use\":\"191.41MB\",\"usedRate\":\"62.15%\",\"version\":\"11.0.10\"},\"mem\":{\"free\":\"3.72GB\",\"total\":\"15.89GB\",\"used\":\"12.17GB\",\"usedRate\":\"76.61%\"},\"sys\":{\"computerIp\":\"192.168.80.1\",\"computerName\":\"DESKTOP-UL11U4C\",\"osArch\":\"amd64\",\"osName\":\"Windows 10\",\"userDir\":\"D:\\\\IdeaProject\\\\YinXing\"},\"sysFiles\":[{\"dirName\":\"C:\\\\\",\"free\":\"71.4 GB\",\"sysTypeName\":\"NTFS\",\"total\":\"140.2 GB\",\"typeName\":\"本地固定磁盘 (C:)\",\"usage\":49.06,\"used\":\"68.8 GB\"},{\"dirName\":\"D:\\\\\",\"free\":\"67.9 GB\",\"sysTypeName\":\"NTFS\",\"total\":\"97.7 GB\",\"typeName\":\"本地固定磁盘 (D:)\",\"usage\":30.46,\"used\":\"29.7 GB\"}]}', b'0', '无', NULL, NULL);
INSERT INTO `sys_log` VALUES (755451211523690508, '2022-02-04 12:08:41', '127.0.0.1', '/yinxing-web/AppController/systemInfo', '获取系统运行信息', 'GET', '{\"id\":\"1234\"}', 0, '{\"cpu\":{\"cpuNum\":8,\"sys\":\"2.15%\",\"totalFree\":\"94.15%\",\"used\":\"3.7%\",\"wait\":\"0%\"},\"jvm\":{\"free\":\"116.59MB\",\"home\":\"C:\\\\Java\\\\jdk-11.0.10\",\"max\":\"3.97GB\",\"runTime\":\"0天0小时-1分钟\",\"startTime\":\"2022-02-04 12:06:49\",\"total\":\"308MB\",\"use\":\"191.41MB\",\"usedRate\":\"62.15%\",\"version\":\"11.0.10\"},\"mem\":{\"free\":\"3.72GB\",\"total\":\"15.89GB\",\"used\":\"12.17GB\",\"usedRate\":\"76.61%\"},\"sys\":{\"computerIp\":\"192.168.80.1\",\"computerName\":\"DESKTOP-UL11U4C\",\"osArch\":\"amd64\",\"osName\":\"Windows 10\",\"userDir\":\"D:\\\\IdeaProject\\\\YinXing\"},\"sysFiles\":[{\"dirName\":\"C:\\\\\",\"free\":\"71.4 GB\",\"sysTypeName\":\"NTFS\",\"total\":\"140.2 GB\",\"typeName\":\"本地固定磁盘 (C:)\",\"usage\":49.06,\"used\":\"68.8 GB\"},{\"dirName\":\"D:\\\\\",\"free\":\"67.9 GB\",\"sysTypeName\":\"NTFS\",\"total\":\"97.7 GB\",\"typeName\":\"本地固定磁盘 (D:)\",\"usage\":30.46,\"used\":\"29.7 GB\"}]}', b'0', '无', NULL, NULL);
INSERT INTO `sys_log` VALUES (755451213780226061, '2022-02-04 12:08:41', '127.0.0.1', '/yinxing-web/AppController/systemInfo', '获取系统运行信息', 'GET', '{\"id\":\"1234\"}', 0, '{\"cpu\":{\"cpuNum\":8,\"sys\":\"2.15%\",\"totalFree\":\"94.15%\",\"used\":\"3.7%\",\"wait\":\"0%\"},\"jvm\":{\"free\":\"116.59MB\",\"home\":\"C:\\\\Java\\\\jdk-11.0.10\",\"max\":\"3.97GB\",\"runTime\":\"0天0小时-1分钟\",\"startTime\":\"2022-02-04 12:06:49\",\"total\":\"308MB\",\"use\":\"191.41MB\",\"usedRate\":\"62.15%\",\"version\":\"11.0.10\"},\"mem\":{\"free\":\"3.72GB\",\"total\":\"15.89GB\",\"used\":\"12.17GB\",\"usedRate\":\"76.61%\"},\"sys\":{\"computerIp\":\"192.168.80.1\",\"computerName\":\"DESKTOP-UL11U4C\",\"osArch\":\"amd64\",\"osName\":\"Windows 10\",\"userDir\":\"D:\\\\IdeaProject\\\\YinXing\"},\"sysFiles\":[{\"dirName\":\"C:\\\\\",\"free\":\"71.4 GB\",\"sysTypeName\":\"NTFS\",\"total\":\"140.2 GB\",\"typeName\":\"本地固定磁盘 (C:)\",\"usage\":49.06,\"used\":\"68.8 GB\"},{\"dirName\":\"D:\\\\\",\"free\":\"67.9 GB\",\"sysTypeName\":\"NTFS\",\"total\":\"97.7 GB\",\"typeName\":\"本地固定磁盘 (D:)\",\"usage\":30.46,\"used\":\"29.7 GB\"}]}', b'0', '无', NULL, NULL);
INSERT INTO `sys_log` VALUES (755451216019984398, '2022-02-04 12:08:42', '127.0.0.1', '/yinxing-web/AppController/systemInfo', '获取系统运行信息', 'GET', '{\"id\":\"1234\"}', 0, '{\"cpu\":{\"cpuNum\":8,\"sys\":\"2.15%\",\"totalFree\":\"94.15%\",\"used\":\"3.7%\",\"wait\":\"0%\"},\"jvm\":{\"free\":\"116.59MB\",\"home\":\"C:\\\\Java\\\\jdk-11.0.10\",\"max\":\"3.97GB\",\"runTime\":\"0天0小时-1分钟\",\"startTime\":\"2022-02-04 12:06:49\",\"total\":\"308MB\",\"use\":\"191.41MB\",\"usedRate\":\"62.15%\",\"version\":\"11.0.10\"},\"mem\":{\"free\":\"3.72GB\",\"total\":\"15.89GB\",\"used\":\"12.17GB\",\"usedRate\":\"76.61%\"},\"sys\":{\"computerIp\":\"192.168.80.1\",\"computerName\":\"DESKTOP-UL11U4C\",\"osArch\":\"amd64\",\"osName\":\"Windows 10\",\"userDir\":\"D:\\\\IdeaProject\\\\YinXing\"},\"sysFiles\":[{\"dirName\":\"C:\\\\\",\"free\":\"71.4 GB\",\"sysTypeName\":\"NTFS\",\"total\":\"140.2 GB\",\"typeName\":\"本地固定磁盘 (C:)\",\"usage\":49.06,\"used\":\"68.8 GB\"},{\"dirName\":\"D:\\\\\",\"free\":\"67.9 GB\",\"sysTypeName\":\"NTFS\",\"total\":\"97.7 GB\",\"typeName\":\"本地固定磁盘 (D:)\",\"usage\":30.46,\"used\":\"29.7 GB\"}]}', b'0', '无', NULL, NULL);
INSERT INTO `sys_log` VALUES (755451218419126287, '2022-02-04 12:08:42', '127.0.0.1', '/yinxing-web/AppController/systemInfo', '获取系统运行信息', 'GET', '{\"id\":\"1234\"}', 0, '{\"cpu\":{\"cpuNum\":8,\"sys\":\"2.15%\",\"totalFree\":\"94.15%\",\"used\":\"3.7%\",\"wait\":\"0%\"},\"jvm\":{\"free\":\"116.59MB\",\"home\":\"C:\\\\Java\\\\jdk-11.0.10\",\"max\":\"3.97GB\",\"runTime\":\"0天0小时-1分钟\",\"startTime\":\"2022-02-04 12:06:49\",\"total\":\"308MB\",\"use\":\"191.41MB\",\"usedRate\":\"62.15%\",\"version\":\"11.0.10\"},\"mem\":{\"free\":\"3.72GB\",\"total\":\"15.89GB\",\"used\":\"12.17GB\",\"usedRate\":\"76.61%\"},\"sys\":{\"computerIp\":\"192.168.80.1\",\"computerName\":\"DESKTOP-UL11U4C\",\"osArch\":\"amd64\",\"osName\":\"Windows 10\",\"userDir\":\"D:\\\\IdeaProject\\\\YinXing\"},\"sysFiles\":[{\"dirName\":\"C:\\\\\",\"free\":\"71.4 GB\",\"sysTypeName\":\"NTFS\",\"total\":\"140.2 GB\",\"typeName\":\"本地固定磁盘 (C:)\",\"usage\":49.06,\"used\":\"68.8 GB\"},{\"dirName\":\"D:\\\\\",\"free\":\"67.9 GB\",\"sysTypeName\":\"NTFS\",\"total\":\"97.7 GB\",\"typeName\":\"本地固定磁盘 (D:)\",\"usage\":30.46,\"used\":\"29.7 GB\"}]}', b'0', '无', NULL, NULL);
INSERT INTO `sys_log` VALUES (755451220646301712, '2022-02-04 12:08:43', '127.0.0.1', '/yinxing-web/AppController/systemInfo', '获取系统运行信息', 'GET', '{\"id\":\"1234\"}', 0, '{\"cpu\":{\"cpuNum\":8,\"sys\":\"2.15%\",\"totalFree\":\"94.15%\",\"used\":\"3.7%\",\"wait\":\"0%\"},\"jvm\":{\"free\":\"116.59MB\",\"home\":\"C:\\\\Java\\\\jdk-11.0.10\",\"max\":\"3.97GB\",\"runTime\":\"0天0小时-1分钟\",\"startTime\":\"2022-02-04 12:06:49\",\"total\":\"308MB\",\"use\":\"191.41MB\",\"usedRate\":\"62.15%\",\"version\":\"11.0.10\"},\"mem\":{\"free\":\"3.72GB\",\"total\":\"15.89GB\",\"used\":\"12.17GB\",\"usedRate\":\"76.61%\"},\"sys\":{\"computerIp\":\"192.168.80.1\",\"computerName\":\"DESKTOP-UL11U4C\",\"osArch\":\"amd64\",\"osName\":\"Windows 10\",\"userDir\":\"D:\\\\IdeaProject\\\\YinXing\"},\"sysFiles\":[{\"dirName\":\"C:\\\\\",\"free\":\"71.4 GB\",\"sysTypeName\":\"NTFS\",\"total\":\"140.2 GB\",\"typeName\":\"本地固定磁盘 (C:)\",\"usage\":49.06,\"used\":\"68.8 GB\"},{\"dirName\":\"D:\\\\\",\"free\":\"67.9 GB\",\"sysTypeName\":\"NTFS\",\"total\":\"97.7 GB\",\"typeName\":\"本地固定磁盘 (D:)\",\"usage\":30.46,\"used\":\"29.7 GB\"}]}', b'0', '无', NULL, NULL);
INSERT INTO `sys_log` VALUES (755451238501453841, '2022-02-04 12:08:47', '127.0.0.1', '/yinxing-web/AppController/systemInfo', '获取系统运行信息', 'GET', '{\"id\":\"1234\"}', 0, '{\"cpu\":{\"cpuNum\":8,\"sys\":\"2.15%\",\"totalFree\":\"94.15%\",\"used\":\"3.7%\",\"wait\":\"0%\"},\"jvm\":{\"free\":\"116.59MB\",\"home\":\"C:\\\\Java\\\\jdk-11.0.10\",\"max\":\"3.97GB\",\"runTime\":\"0天0小时-1分钟\",\"startTime\":\"2022-02-04 12:06:49\",\"total\":\"308MB\",\"use\":\"191.41MB\",\"usedRate\":\"62.15%\",\"version\":\"11.0.10\"},\"mem\":{\"free\":\"3.72GB\",\"total\":\"15.89GB\",\"used\":\"12.17GB\",\"usedRate\":\"76.61%\"},\"sys\":{\"computerIp\":\"192.168.80.1\",\"computerName\":\"DESKTOP-UL11U4C\",\"osArch\":\"amd64\",\"osName\":\"Windows 10\",\"userDir\":\"D:\\\\IdeaProject\\\\YinXing\"},\"sysFiles\":[{\"dirName\":\"C:\\\\\",\"free\":\"71.4 GB\",\"sysTypeName\":\"NTFS\",\"total\":\"140.2 GB\",\"typeName\":\"本地固定磁盘 (C:)\",\"usage\":49.06,\"used\":\"68.8 GB\"},{\"dirName\":\"D:\\\\\",\"free\":\"67.9 GB\",\"sysTypeName\":\"NTFS\",\"total\":\"97.7 GB\",\"typeName\":\"本地固定磁盘 (D:)\",\"usage\":30.46,\"used\":\"29.7 GB\"}]}', b'0', '无', NULL, NULL);
INSERT INTO `sys_log` VALUES (755451345221324818, '2022-02-04 12:09:12', '127.0.0.1', '/yinxing-web/AppController/systemInfo', '获取系统运行信息', 'GET', '{\"id\":\"1234\"}', 0, '{\"cpu\":{\"cpuNum\":8,\"sys\":\"0.77%\",\"totalFree\":\"97.65%\",\"used\":\"1.37%\",\"wait\":\"0%\"},\"jvm\":{\"free\":\"112.09MB\",\"home\":\"C:\\\\Java\\\\jdk-11.0.10\",\"max\":\"3.97GB\",\"runTime\":\"0天0小时-2分钟\",\"startTime\":\"2022-02-04 12:06:49\",\"total\":\"308MB\",\"use\":\"195.91MB\",\"usedRate\":\"63.61%\",\"version\":\"11.0.10\"},\"mem\":{\"free\":\"3.69GB\",\"total\":\"15.89GB\",\"used\":\"12.2GB\",\"usedRate\":\"76.77%\"},\"sys\":{\"computerIp\":\"192.168.80.1\",\"computerName\":\"DESKTOP-UL11U4C\",\"osArch\":\"amd64\",\"osName\":\"Windows 10\",\"userDir\":\"D:\\\\IdeaProject\\\\YinXing\"},\"sysFiles\":[{\"dirName\":\"C:\\\\\",\"free\":\"71.4 GB\",\"sysTypeName\":\"NTFS\",\"total\":\"140.2 GB\",\"typeName\":\"本地固定磁盘 (C:)\",\"usage\":49.06,\"used\":\"68.8 GB\"},{\"dirName\":\"D:\\\\\",\"free\":\"67.9 GB\",\"sysTypeName\":\"NTFS\",\"total\":\"97.7 GB\",\"typeName\":\"本地固定磁盘 (D:)\",\"usage\":30.46,\"used\":\"29.7 GB\"}]}', b'0', '无', NULL, NULL);
INSERT INTO `sys_log` VALUES (755451466558345235, '2022-02-04 12:09:41', '192.168.80.1', '/yinxing-web/AppController/systemInfo', '获取系统运行信息', 'GET', '{\"_dc\":\"1643947781462\"}', 0, '{\"cpu\":{\"cpuNum\":8,\"sys\":\"1.18%\",\"totalFree\":\"94.54%\",\"used\":\"4.29%\",\"wait\":\"0%\"},\"jvm\":{\"free\":\"256.36MB\",\"home\":\"C:\\\\Java\\\\jdk-11.0.10\",\"max\":\"3.97GB\",\"runTime\":\"0天0小时-2分钟\",\"startTime\":\"2022-02-04 12:06:49\",\"total\":\"308MB\",\"use\":\"51.64MB\",\"usedRate\":\"16.77%\",\"version\":\"11.0.10\"},\"mem\":{\"free\":\"3.56GB\",\"total\":\"15.89GB\",\"used\":\"12.33GB\",\"usedRate\":\"77.61%\"},\"sys\":{\"computerIp\":\"192.168.80.1\",\"computerName\":\"DESKTOP-UL11U4C\",\"osArch\":\"amd64\",\"osName\":\"Windows 10\",\"userDir\":\"D:\\\\IdeaProject\\\\YinXing\"},\"sysFiles\":[{\"dirName\":\"C:\\\\\",\"free\":\"71.4 GB\",\"sysTypeName\":\"NTFS\",\"total\":\"140.2 GB\",\"typeName\":\"本地固定磁盘 (C:)\",\"usage\":49.06,\"used\":\"68.8 GB\"},{\"dirName\":\"D:\\\\\",\"free\":\"67.9 GB\",\"sysTypeName\":\"NTFS\",\"total\":\"97.7 GB\",\"typeName\":\"本地固定磁盘 (D:)\",\"usage\":30.46,\"used\":\"29.7 GB\"}]}', b'0', '无', 749058260664978888, '系统管理员');
INSERT INTO `sys_log` VALUES (755451624708771860, '2022-02-04 12:10:19', '192.168.80.1', '/yinxing-web/AppController/logout', '退出登录', 'POST', '{}', 2, '\"退出登录成功\"', b'0', '无', NULL, NULL);
INSERT INTO `sys_log` VALUES (755452171201417217, '2022-02-04 12:12:29', '192.168.80.1', '/yinxing-web/AppController/login', '登录系统', 'POST', '{\"username\":\"admin123\",\"password\":\"123456\"}', 132, '{\"authToken\":\"b7a1ea20-1a39-4041-a20b-417606fbb396\",\"jwtToken\":\"eyJ0eXAiOiJKV1QiLCJhbGciOiJIUzI1NiJ9.eyJleHAiOjE2NDUyNDM5NDksInVzZXJuYW1lIjoiYWRtaW4xMjMifQ.pP04ldiE-fTlk2w9MHtPBGxl7Urqf3EEJKLxJhzfPDg\",\"loginTime\":1643947949304,\"permissions\":[\"/AppController/getUserInfo\",\"/AppController/logout\",\"/AppController/passwordReset\"],\"profile\":\"https://pfks-oss-center.oss-cn-beijing.aliyuncs.com/751544757301415940.png\",\"roles\":[\"common\",\"admin\"],\"userHost\":\"192.168.80.1\",\"userId\":749058260664978888,\"username\":\"系统管理员\"}', b'0', '无', 749058260664978888, '系统管理员');
INSERT INTO `sys_log` VALUES (755456139059138562, '2022-02-04 12:28:15', '192.168.80.1', '/yinxing-web/AppController/login', '登录系统', 'POST', '{\"username\":\"admin123\",\"password\":\"123456\"}', 120, '{\"authToken\":\"17c12a9a-42d5-48e1-bf83-38bb35698d48\",\"jwtToken\":\"eyJ0eXAiOiJKV1QiLCJhbGciOiJIUzI1NiJ9.eyJleHAiOjE2NDUyNDQ4OTUsInVzZXJuYW1lIjoiYWRtaW4xMjMifQ.8XzWrIrzPHKm4yUKqaBrccvEE8pBKIivjiAIZ16-w3U\",\"loginTime\":1643948895394,\"permissions\":[\"/AppController/getUserInfo\",\"/AppController/logout\",\"/AppController/passwordReset\"],\"profile\":\"https://pfks-oss-center.oss-cn-beijing.aliyuncs.com/751544757301415940.png\",\"roles\":[\"common\",\"admin\"],\"userHost\":\"192.168.80.1\",\"userId\":749058260664978888,\"username\":\"系统管理员\"}', b'0', '无', 749058260664978888, '系统管理员');
INSERT INTO `sys_log` VALUES (755456166741544963, '2022-02-04 12:28:22', '192.168.80.1', '/yinxing-web/AppController/systemInfo', '获取系统运行信息', 'GET', '{\"_dc\":\"1643948900901\"}', 1109, '{\"cpu\":{\"cpuNum\":8,\"sys\":\"0.58%\",\"totalFree\":\"95.22%\",\"used\":\"3.63%\",\"wait\":\"0%\"},\"jvm\":{\"free\":\"169.54MB\",\"home\":\"C:\\\\Java\\\\jdk-11.0.10\",\"max\":\"3.97GB\",\"runTime\":\"0天0小时-3分钟\",\"startTime\":\"2022-02-04 12:24:32\",\"total\":\"308MB\",\"use\":\"138.46MB\",\"usedRate\":\"44.95%\",\"version\":\"11.0.10\"},\"mem\":{\"free\":\"4.43GB\",\"total\":\"15.89GB\",\"used\":\"11.46GB\",\"usedRate\":\"72.11%\"},\"sys\":{\"computerIp\":\"192.168.80.1\",\"computerName\":\"DESKTOP-UL11U4C\",\"osArch\":\"amd64\",\"osName\":\"Windows 10\",\"userDir\":\"D:\\\\IdeaProject\\\\YinXing\"},\"sysFiles\":[{\"dirName\":\"C:\\\\\",\"free\":\"71.4 GB\",\"sysTypeName\":\"NTFS\",\"total\":\"140.2 GB\",\"typeName\":\"本地固定磁盘 (C:)\",\"usage\":49.07,\"used\":\"68.8 GB\"},{\"dirName\":\"D:\\\\\",\"free\":\"67.9 GB\",\"sysTypeName\":\"NTFS\",\"total\":\"97.7 GB\",\"typeName\":\"本地固定磁盘 (D:)\",\"usage\":30.46,\"used\":\"29.8 GB\"}]}', b'0', '无', 749058260664978888, '系统管理员');
INSERT INTO `sys_log` VALUES (755459481168646148, '2022-02-04 12:41:32', '192.168.80.1', '/yinxing-web/AppController/logout', '退出登录', 'POST', '{}', 2, '\"退出登录成功\"', b'0', '无', NULL, NULL);
INSERT INTO `sys_log` VALUES (755460218107858954, '2022-02-04 12:44:28', '192.168.80.1', '/yinxing-web/AppController/login', '登录系统', 'POST', '{\"username\":\"admin123\",\"password\":\"123456\"}', 116, '{\"authToken\":\"dd558769-9032-4c61-b88f-21d350ddd526\",\"jwtToken\":\"eyJ0eXAiOiJKV1QiLCJhbGciOiJIUzI1NiJ9.eyJleHAiOjE2NDUyNDU4NjgsInVzZXJuYW1lIjoiYWRtaW4xMjMifQ.-Pg1AE4Sye-Bp2-lvb9NfQs5XrbW457muSHrC-0oZA8\",\"loginTime\":1643949867971,\"permissions\":[\"/AppController/getUserInfo\",\"/AppController/logout\",\"/AppController/passwordReset\"],\"profile\":\"https://pfks-oss-center.oss-cn-beijing.aliyuncs.com/751544757301415940.png\",\"roles\":[\"common\",\"admin\"],\"userHost\":\"192.168.80.1\",\"userId\":749058260664978888,\"username\":\"系统管理员\"}', b'0', '无', 749058260664978888, '系统管理员');
INSERT INTO `sys_log` VALUES (755461430043611147, '2022-02-04 12:49:17', '192.168.80.1', '/yinxing-web/AppController/logout', '退出登录', 'POST', '{}', 0, '\"退出登录成功\"', b'0', '无', NULL, NULL);
INSERT INTO `sys_log` VALUES (755461454404128780, '2022-02-04 12:49:23', '192.168.80.1', '/yinxing-web/AppController/login', '登录系统', 'POST', '{\"username\":\"admin123\",\"password\":\"123456\"}', 118, '{\"authToken\":\"1960d9cc-bca5-4fac-aa1b-bdd2c0f85337\",\"jwtToken\":\"eyJ0eXAiOiJKV1QiLCJhbGciOiJIUzI1NiJ9.eyJleHAiOjE2NDUyNDYxNjIsInVzZXJuYW1lIjoiYWRtaW4xMjMifQ.Aaazp7XSBgjK42ey6RxAXExADA_v29sl_-mFsvVcslo\",\"loginTime\":1643950162724,\"permissions\":[\"/AppController/getUserInfo\",\"/AppController/logout\",\"/AppController/passwordReset\"],\"profile\":\"https://pfks-oss-center.oss-cn-beijing.aliyuncs.com/751544757301415940.png\",\"roles\":[\"common\",\"admin\"],\"userHost\":\"192.168.80.1\",\"userId\":749058260664978888,\"username\":\"系统管理员\"}', b'0', '无', 749058260664978888, '系统管理员');
INSERT INTO `sys_log` VALUES (755463106997653518, '2022-02-04 12:55:57', '192.168.80.1', '/yinxing-web/AppController/login', '登录系统', 'POST', '{\"username\":\"admin123\",\"password\":\"123456\"}', 139, '{\"authToken\":\"f31030e4-e4ad-4a51-975c-c972b5c85a93\",\"jwtToken\":\"eyJ0eXAiOiJKV1QiLCJhbGciOiJIUzI1NiJ9.eyJleHAiOjE2NDUyNDY1NTYsInVzZXJuYW1lIjoiYWRtaW4xMjMifQ.811Yw2iMCT4zhq6XQ4f1kwd0k40ZR036hQr_X7VIN9w\",\"loginTime\":1643950556726,\"permissions\":[\"/AppController/getUserInfo\",\"/AppController/logout\",\"/AppController/passwordReset\"],\"profile\":\"https://pfks-oss-center.oss-cn-beijing.aliyuncs.com/751544757301415940.png\",\"roles\":[\"common\",\"admin\"],\"userHost\":\"192.168.80.1\",\"userId\":749058260664978888,\"username\":\"系统管理员\"}', b'0', '无', 749058260664978888, '系统管理员');
INSERT INTO `sys_log` VALUES (755463390855565327, '2022-02-04 12:57:04', '192.168.80.1', '/yinxing-web/AppController/logout', '退出登录', 'POST', '{}', 2, '\"退出登录成功\"', b'0', '无', NULL, NULL);
INSERT INTO `sys_log` VALUES (755463408375173136, '2022-02-04 12:57:09', '192.168.80.1', '/yinxing-web/AppController/login', '登录系统', 'POST', '{\"username\":\"admin123\",\"password\":\"123456\"}', 137, '{\"authToken\":\"4d7541ea-51e0-4005-a589-bf5422b91a46\",\"jwtToken\":\"eyJ0eXAiOiJKV1QiLCJhbGciOiJIUzI1NiJ9.eyJleHAiOjE2NDUyNDY2MjgsInVzZXJuYW1lIjoiYWRtaW4xMjMifQ.-9z2UxucyzVmnCKCyGLiUQf1wHDD1vLntz8DwmGrRxY\",\"loginTime\":1643950628566,\"permissions\":[\"/AppController/getUserInfo\",\"/AppController/logout\",\"/AppController/passwordReset\"],\"profile\":\"https://pfks-oss-center.oss-cn-beijing.aliyuncs.com/751544757301415940.png\",\"roles\":[\"common\",\"admin\"],\"userHost\":\"192.168.80.1\",\"userId\":749058260664978888,\"username\":\"系统管理员\"}', b'0', '无', 749058260664978888, '系统管理员');
INSERT INTO `sys_log` VALUES (755463739347701777, '2022-02-04 12:58:28', '192.168.80.1', '/yinxing-web/AppController/logout', '退出登录', 'POST', '{}', 1, '\"退出登录成功\"', b'0', '无', NULL, NULL);
INSERT INTO `sys_log` VALUES (755464155246497812, '2022-02-04 13:00:07', '192.168.80.1', '/yinxing-web/AppController/login', '登录系统', 'POST', '{\"username\":\"admin123\",\"password\":\"111111111111\"}', 54, '{}', b'0', '无', NULL, NULL);
INSERT INTO `sys_log` VALUES (755464175215579157, '2022-02-04 13:00:11', '192.168.80.1', '/yinxing-web/AppController/login', '登录系统', 'POST', '{\"username\":\"admin123\",\"password\":\"123456\"}', 119, '{\"authToken\":\"b0bbe7cf-493f-4bce-8497-85fa72c6375c\",\"jwtToken\":\"eyJ0eXAiOiJKV1QiLCJhbGciOiJIUzI1NiJ9.eyJleHAiOjE2NDUyNDY4MTEsInVzZXJuYW1lIjoiYWRtaW4xMjMifQ.5sAvgRbQG6Y8BPEoGksLfx8qapiRKqCU-lv6bxwhVZI\",\"loginTime\":1643950811422,\"permissions\":[\"/AppController/getUserInfo\",\"/AppController/logout\",\"/AppController/passwordReset\"],\"profile\":\"https://pfks-oss-center.oss-cn-beijing.aliyuncs.com/751544757301415940.png\",\"roles\":[\"common\",\"admin\"],\"userHost\":\"192.168.80.1\",\"userId\":749058260664978888,\"username\":\"系统管理员\"}', b'0', '无', 749058260664978888, '系统管理员');
INSERT INTO `sys_log` VALUES (755464416421613590, '2022-02-04 13:01:09', '192.168.80.1', '/yinxing-web/AppController/login', '登录系统', 'POST', '{\"username\":\"admin123\",\"password\":\"123456\",\"rememberMe\":\"on\"}', 134, '{\"authToken\":\"b0bbe7cf-493f-4bce-8497-85fa72c6375c\",\"jwtToken\":\"eyJ0eXAiOiJKV1QiLCJhbGciOiJIUzI1NiJ9.eyJleHAiOjE2NDUyNDY4NjgsInVzZXJuYW1lIjoiYWRtaW4xMjMifQ.Vqv1ovwiez5B2I4NCM-_qXz3oMG5UhQ0xoJIU1jCYlI\",\"loginTime\":1643950868914,\"permissions\":[\"/AppController/getUserInfo\",\"/AppController/logout\",\"/AppController/passwordReset\"],\"profile\":\"https://pfks-oss-center.oss-cn-beijing.aliyuncs.com/751544757301415940.png\",\"roles\":[\"common\",\"admin\"],\"userHost\":\"192.168.80.1\",\"userId\":749058260664978888,\"username\":\"系统管理员\"}', b'0', '无', 749058260664978888, '系统管理员');
INSERT INTO `sys_log` VALUES (755466153962377218, '2022-02-04 13:08:03', '192.168.80.1', '/yinxing-web/AppController/login', '登录系统', 'POST', '{\"username\":\"admin123\",\"password\":\"123456\"}', 151, '{\"authToken\":\"0e4857e1-2f02-47ae-9e5e-60e481da9cc3\",\"jwtToken\":\"\",\"loginTime\":1643951283027,\"permissions\":[\"/AppController/getUserInfo\",\"/AppController/logout\",\"/AppController/passwordReset\"],\"profile\":\"https://pfks-oss-center.oss-cn-beijing.aliyuncs.com/751544757301415940.png\",\"roles\":[\"common\",\"admin\"],\"userHost\":\"192.168.80.1\",\"userId\":749058260664978888,\"username\":\"系统管理员\"}', b'0', '无', 749058260664978888, '系统管理员');
INSERT INTO `sys_log` VALUES (755466212883959811, '2022-02-04 13:08:17', '192.168.80.1', '/yinxing-web/AppController/logout', '退出登录', 'POST', '{}', 1, '\"退出登录成功\"', b'0', '无', NULL, NULL);
INSERT INTO `sys_log` VALUES (755466244886499332, '2022-02-04 13:08:25', '192.168.80.1', '/yinxing-web/AppController/login', '登录系统', 'POST', '{\"username\":\"admin123\",\"password\":\"123456\",\"rememberMe\":\"on\"}', 135, '{\"authToken\":\"e7082870-4a26-41b3-a571-ccd49c53b842\",\"jwtToken\":\"eyJ0eXAiOiJKV1QiLCJhbGciOiJIUzI1NiJ9.eyJleHAiOjE2NDUyNDczMDQsInVzZXJuYW1lIjoiYWRtaW4xMjMifQ.T-WIpRarqoLXn_XmRBPPHeM8VOQIRawIwLRfQPTixr8\",\"loginTime\":1643951304849,\"permissions\":[\"/AppController/getUserInfo\",\"/AppController/logout\",\"/AppController/passwordReset\"],\"profile\":\"https://pfks-oss-center.oss-cn-beijing.aliyuncs.com/751544757301415940.png\",\"roles\":[\"common\",\"admin\"],\"userHost\":\"192.168.80.1\",\"userId\":749058260664978888,\"username\":\"系统管理员\"}', b'0', '无', 749058260664978888, '系统管理员');
INSERT INTO `sys_log` VALUES (755466379771121669, '2022-02-04 13:08:57', '192.168.80.1', '/yinxing-web/AppController/logout', '退出登录', 'POST', '{}', 2, '\"退出登录成功\"', b'0', '无', NULL, NULL);
INSERT INTO `sys_log` VALUES (755466406472060934, '2022-02-04 13:09:03', '192.168.80.1', '/yinxing-web/AppController/login', '登录系统', 'POST', '{\"username\":\"admin123\",\"password\":\"123456\"}', 130, '{\"authToken\":\"bfb3961a-7239-4847-b0d2-d66b8c5db9c4\",\"jwtToken\":\"\",\"loginTime\":1643951343392,\"permissions\":[\"/AppController/getUserInfo\",\"/AppController/logout\",\"/AppController/passwordReset\"],\"profile\":\"https://pfks-oss-center.oss-cn-beijing.aliyuncs.com/751544757301415940.png\",\"roles\":[\"common\",\"admin\"],\"userHost\":\"192.168.80.1\",\"userId\":749058260664978888,\"username\":\"系统管理员\"}', b'0', '无', 749058260664978888, '系统管理员');
INSERT INTO `sys_log` VALUES (755466421089210375, '2022-02-04 13:09:07', '192.168.80.1', '/yinxing-web/AppController/logout', '退出登录', 'POST', '{}', 1, '\"退出登录成功\"', b'0', '无', NULL, NULL);
INSERT INTO `sys_log` VALUES (755466439405735944, '2022-02-04 13:09:11', '192.168.80.1', '/yinxing-web/AppController/login', '登录系统', 'POST', '{\"username\":\"admin123\",\"password\":\"123456\"}', 121, '{\"authToken\":\"f3b37382-7273-41c3-bb7a-70cb449fccf3\",\"jwtToken\":\"\",\"loginTime\":1643951351234,\"permissions\":[\"/AppController/getUserInfo\",\"/AppController/logout\",\"/AppController/passwordReset\"],\"profile\":\"https://pfks-oss-center.oss-cn-beijing.aliyuncs.com/751544757301415940.png\",\"roles\":[\"common\",\"admin\"],\"userHost\":\"192.168.80.1\",\"userId\":749058260664978888,\"username\":\"系统管理员\"}', b'0', '无', 749058260664978888, '系统管理员');
INSERT INTO `sys_log` VALUES (755466454517813257, '2022-02-04 13:09:14', '192.168.80.1', '/yinxing-web/AppController/logout', '退出登录', 'POST', '{}', 1, '\"退出登录成功\"', b'0', '无', NULL, NULL);
INSERT INTO `sys_log` VALUES (755466499703050250, '2022-02-04 13:09:26', '192.168.80.1', '/yinxing-web/AppController/login', '登录系统', 'POST', '{\"username\":\"admin123\",\"password\":\"123456\",\"rememberMe\":\"on\"}', 172, '{\"authToken\":\"722aa2c9-5059-43cc-8474-8f308db424dd\",\"jwtToken\":\"eyJ0eXAiOiJKV1QiLCJhbGciOiJIUzI1NiJ9.eyJleHAiOjE2NDUyNDczNjUsInVzZXJuYW1lIjoiYWRtaW4xMjMifQ.ATWfPNMit7ck_Q6jpfqMXDysX7HlUa_sQ7ro3W4lcms\",\"loginTime\":1643951365605,\"permissions\":[\"/AppController/getUserInfo\",\"/AppController/logout\",\"/AppController/passwordReset\"],\"profile\":\"https://pfks-oss-center.oss-cn-beijing.aliyuncs.com/751544757301415940.png\",\"roles\":[\"common\",\"admin\"],\"userHost\":\"192.168.80.1\",\"userId\":749058260664978888,\"username\":\"系统管理员\"}', b'0', '无', 749058260664978888, '系统管理员');
INSERT INTO `sys_log` VALUES (755470967744106497, '2022-02-04 13:27:11', '192.168.80.1', '/yinxing-web/AppController/login', '登录系统', 'POST', '{\"username\":\"admin123\",\"password\":\"123456\",\"rememberMe\":\"on\"}', 112, '{\"authToken\":\"07f81aca-8c02-4628-b604-a7813c0c8576\",\"jwtToken\":\"eyJ0eXAiOiJKV1QiLCJhbGciOiJIUzI1NiJ9.eyJleHAiOjE2NDUyNDg0MzAsInVzZXJJZCI6Ijc0OTA1ODI2MDY2NDk3ODg4OCJ9.2te45kWx_AVn-ZCEAUuWBpyq5SXIK7MTDpi_PfRaW0Q\",\"loginTime\":1643952430818,\"permissions\":[\"/AppController/getUserInfo\",\"/AppController/logout\",\"/AppController/passwordReset\"],\"profile\":\"https://pfks-oss-center.oss-cn-beijing.aliyuncs.com/751544757301415940.png\",\"roles\":[\"common\",\"admin\"],\"userHost\":\"192.168.80.1\",\"userId\":749058260664978888,\"username\":\"系统管理员\"}', b'0', '无', 749058260664978888, '系统管理员');
INSERT INTO `sys_log` VALUES (755471354941280257, '2022-02-04 13:28:43', '192.168.80.1', '/yinxing-web/AppController/systemInfo', '获取系统运行信息', 'GET', '{\"_dc\":\"1643952522060\"}', 1058, '{\"cpu\":{\"cpuNum\":8,\"sys\":\"0.37%\",\"totalFree\":\"97.53%\",\"used\":\"1.91%\",\"wait\":\"0%\"},\"jvm\":{\"free\":\"165.71MB\",\"home\":\"C:\\\\Java\\\\jdk-11.0.10\",\"max\":\"3.97GB\",\"runTime\":\"0天0小时-1分钟\",\"startTime\":\"2022-02-04 13:27:42\",\"total\":\"308MB\",\"use\":\"142.29MB\",\"usedRate\":\"46.2%\",\"version\":\"11.0.10\"},\"mem\":{\"free\":\"3.25GB\",\"total\":\"15.89GB\",\"used\":\"12.63GB\",\"usedRate\":\"79.52%\"},\"sys\":{\"computerIp\":\"192.168.80.1\",\"computerName\":\"DESKTOP-UL11U4C\",\"osArch\":\"amd64\",\"osName\":\"Windows 10\",\"userDir\":\"D:\\\\IdeaProject\\\\YinXing\"},\"sysFiles\":[{\"dirName\":\"C:\\\\\",\"free\":\"71.4 GB\",\"sysTypeName\":\"NTFS\",\"total\":\"140.2 GB\",\"typeName\":\"本地固定磁盘 (C:)\",\"usage\":49.07,\"used\":\"68.8 GB\"},{\"dirName\":\"D:\\\\\",\"free\":\"67.9 GB\",\"sysTypeName\":\"NTFS\",\"total\":\"97.7 GB\",\"typeName\":\"本地固定磁盘 (D:)\",\"usage\":30.47,\"used\":\"29.8 GB\"}]}', b'0', '无', 749058260664978888, '系统管理员');
INSERT INTO `sys_log` VALUES (755471457601064961, '2022-02-04 13:29:08', '192.168.80.1', '/yinxing-web/AppController/systemInfo', '获取系统运行信息', 'GET', '{\"_dc\":\"1643952545643\"}', 1939, '{\"cpu\":{\"cpuNum\":8,\"sys\":\"0.38%\",\"totalFree\":\"97.48%\",\"used\":\"1.94%\",\"wait\":\"0%\"},\"jvm\":{\"free\":\"211.35MB\",\"home\":\"C:\\\\Java\\\\jdk-11.0.10\",\"max\":\"3.97GB\",\"runTime\":\"0天0小时0分钟\",\"startTime\":\"2022-02-04 13:28:52\",\"total\":\"308MB\",\"use\":\"96.65MB\",\"usedRate\":\"31.38%\",\"version\":\"11.0.10\"},\"mem\":{\"free\":\"3.51GB\",\"total\":\"15.89GB\",\"used\":\"12.38GB\",\"usedRate\":\"77.91%\"},\"sys\":{\"computerIp\":\"192.168.80.1\",\"computerName\":\"DESKTOP-UL11U4C\",\"osArch\":\"amd64\",\"osName\":\"Windows 10\",\"userDir\":\"D:\\\\IdeaProject\\\\YinXing\"},\"sysFiles\":[{\"dirName\":\"C:\\\\\",\"free\":\"71.4 GB\",\"sysTypeName\":\"NTFS\",\"total\":\"140.2 GB\",\"typeName\":\"本地固定磁盘 (C:)\",\"usage\":49.08,\"used\":\"68.8 GB\"},{\"dirName\":\"D:\\\\\",\"free\":\"67.9 GB\",\"sysTypeName\":\"NTFS\",\"total\":\"97.7 GB\",\"typeName\":\"本地固定磁盘 (D:)\",\"usage\":30.47,\"used\":\"29.8 GB\"}]}', b'0', '无', 749058260664978888, '系统管理员');
INSERT INTO `sys_log` VALUES (755471606289141761, '2022-02-04 13:29:43', '192.168.80.1', '/yinxing-web/AppController/logout', '退出登录', 'POST', '{}', 2, '\"退出登录成功\"', b'0', '无', NULL, NULL);
INSERT INTO `sys_log` VALUES (755473096286277634, '2022-02-04 13:35:38', '192.168.80.1', '/yinxing-web/AppController/logout', '退出登录', 'POST', '{}', 1, '\"退出登录成功\"', b'0', '无', NULL, NULL);
INSERT INTO `sys_log` VALUES (755473202276339715, '2022-02-04 13:36:04', '192.168.80.1', '/yinxing-web/AppController/login', '登录系统', 'POST', '{\"username\":\"admin123\",\"password\":\"123456\"}', 125, '{\"authToken\":\"0955630e-030d-430d-9a02-aa3af4e770d0\",\"jwtToken\":\"\",\"loginTime\":1643952963600,\"permissions\":[\"/AppController/getUserInfo\",\"/AppController/logout\",\"/AppController/passwordReset\"],\"profile\":\"https://pfks-oss-center.oss-cn-beijing.aliyuncs.com/751544757301415940.png\",\"roles\":[\"common\",\"admin\"],\"userHost\":\"192.168.80.1\",\"userId\":749058260664978888,\"username\":\"系统管理员\"}', b'0', '无', 749058260664978888, '系统管理员');
INSERT INTO `sys_log` VALUES (755473478618058756, '2022-02-04 13:37:10', '192.168.80.1', '/yinxing-web/AppController/systemInfo', '获取系统运行信息', 'GET', '{\"_dc\":\"1643953029528\"}', 0, '{\"cpu\":{\"cpuNum\":8,\"sys\":\"0.58%\",\"totalFree\":\"98.86%\",\"used\":\"0.38%\",\"wait\":\"0%\"},\"jvm\":{\"free\":\"144.61MB\",\"home\":\"C:\\\\Java\\\\jdk-11.0.10\",\"max\":\"3.97GB\",\"runTime\":\"0天0小时-7分钟\",\"startTime\":\"2022-02-04 13:29:24\",\"total\":\"308MB\",\"use\":\"163.39MB\",\"usedRate\":\"53.05%\",\"version\":\"11.0.10\"},\"mem\":{\"free\":\"3.11GB\",\"total\":\"15.89GB\",\"used\":\"12.78GB\",\"usedRate\":\"80.44%\"},\"sys\":{\"computerIp\":\"192.168.80.1\",\"computerName\":\"DESKTOP-UL11U4C\",\"osArch\":\"amd64\",\"osName\":\"Windows 10\",\"userDir\":\"D:\\\\IdeaProject\\\\YinXing\"},\"sysFiles\":[{\"dirName\":\"C:\\\\\",\"free\":\"71.4 GB\",\"sysTypeName\":\"NTFS\",\"total\":\"140.2 GB\",\"typeName\":\"本地固定磁盘 (C:)\",\"usage\":49.08,\"used\":\"68.8 GB\"},{\"dirName\":\"D:\\\\\",\"free\":\"67.9 GB\",\"sysTypeName\":\"NTFS\",\"total\":\"97.7 GB\",\"typeName\":\"本地固定磁盘 (D:)\",\"usage\":30.47,\"used\":\"29.8 GB\"}]}', b'0', '无', 749058260664978888, '系统管理员');
INSERT INTO `sys_log` VALUES (755474510517506057, '2022-02-04 13:41:16', '192.168.80.1', '/yinxing-web/AppController/systemInfo', '获取系统运行信息', 'GET', '{\"_dc\":\"1643953275560\"}', 0, '{\"cpu\":{\"cpuNum\":8,\"sys\":\"0.76%\",\"totalFree\":\"97.13%\",\"used\":\"1.93%\",\"wait\":\"0%\"},\"jvm\":{\"free\":\"254.15MB\",\"home\":\"C:\\\\Java\\\\jdk-11.0.10\",\"max\":\"3.97GB\",\"runTime\":\"0天0小时-11分钟\",\"startTime\":\"2022-02-04 13:29:24\",\"total\":\"308MB\",\"use\":\"53.85MB\",\"usedRate\":\"17.48%\",\"version\":\"11.0.10\"},\"mem\":{\"free\":\"3.19GB\",\"total\":\"15.89GB\",\"used\":\"12.7GB\",\"usedRate\":\"79.92%\"},\"sys\":{\"computerIp\":\"192.168.80.1\",\"computerName\":\"DESKTOP-UL11U4C\",\"osArch\":\"amd64\",\"osName\":\"Windows 10\",\"userDir\":\"D:\\\\IdeaProject\\\\YinXing\"},\"sysFiles\":[{\"dirName\":\"C:\\\\\",\"free\":\"71.4 GB\",\"sysTypeName\":\"NTFS\",\"total\":\"140.2 GB\",\"typeName\":\"本地固定磁盘 (C:)\",\"usage\":49.08,\"used\":\"68.8 GB\"},{\"dirName\":\"D:\\\\\",\"free\":\"67.9 GB\",\"sysTypeName\":\"NTFS\",\"total\":\"97.7 GB\",\"typeName\":\"本地固定磁盘 (D:)\",\"usage\":30.47,\"used\":\"29.8 GB\"}]}', b'0', '无', 749058260664978888, '系统管理员');
INSERT INTO `sys_log` VALUES (755482397784543242, '2022-02-04 14:12:36', '192.168.80.1', '/yinxing-web/AppController/systemInfo', '获取系统运行信息', 'GET', '{\"_dc\":\"1643955156061\"}', 0, '{\"cpu\":{\"cpuNum\":8,\"sys\":\"4.82%\",\"totalFree\":\"86.14%\",\"used\":\"9.03%\",\"wait\":\"0%\"},\"jvm\":{\"free\":\"231.15MB\",\"home\":\"C:\\\\Java\\\\jdk-11.0.10\",\"max\":\"3.97GB\",\"runTime\":\"0天0小时-14分钟\",\"startTime\":\"2022-02-04 13:29:24\",\"total\":\"308MB\",\"use\":\"76.85MB\",\"usedRate\":\"24.95%\",\"version\":\"11.0.10\"},\"mem\":{\"free\":\"2.9GB\",\"total\":\"15.89GB\",\"used\":\"12.99GB\",\"usedRate\":\"81.75%\"},\"sys\":{\"computerIp\":\"192.168.80.1\",\"computerName\":\"DESKTOP-UL11U4C\",\"osArch\":\"amd64\",\"osName\":\"Windows 10\",\"userDir\":\"D:\\\\IdeaProject\\\\YinXing\"},\"sysFiles\":[{\"dirName\":\"C:\\\\\",\"free\":\"71.4 GB\",\"sysTypeName\":\"NTFS\",\"total\":\"140.2 GB\",\"typeName\":\"本地固定磁盘 (C:)\",\"usage\":49.08,\"used\":\"68.8 GB\"},{\"dirName\":\"D:\\\\\",\"free\":\"67.9 GB\",\"sysTypeName\":\"NTFS\",\"total\":\"97.7 GB\",\"typeName\":\"本地固定磁盘 (D:)\",\"usage\":30.47,\"used\":\"29.8 GB\"}]}', b'0', '无', 749058260664978888, '系统管理员');
INSERT INTO `sys_log` VALUES (755507634093821963, '2022-02-04 15:52:53', '127.0.0.1', '/yinxing-web/AppController/systemInfo', '获取系统运行信息', 'GET', '{\"id\":\"1234\"}', 0, '{\"cpu\":{\"cpuNum\":8,\"sys\":\"4.82%\",\"totalFree\":\"86.14%\",\"used\":\"9.03%\",\"wait\":\"0%\"},\"jvm\":{\"free\":\"231.15MB\",\"home\":\"C:\\\\Java\\\\jdk-11.0.10\",\"max\":\"3.97GB\",\"runTime\":\"0天0小时-14分钟\",\"startTime\":\"2022-02-04 13:29:24\",\"total\":\"308MB\",\"use\":\"76.85MB\",\"usedRate\":\"24.95%\",\"version\":\"11.0.10\"},\"mem\":{\"free\":\"2.9GB\",\"total\":\"15.89GB\",\"used\":\"12.99GB\",\"usedRate\":\"81.75%\"},\"sys\":{\"computerIp\":\"192.168.80.1\",\"computerName\":\"DESKTOP-UL11U4C\",\"osArch\":\"amd64\",\"osName\":\"Windows 10\",\"userDir\":\"D:\\\\IdeaProject\\\\YinXing\"},\"sysFiles\":[{\"dirName\":\"C:\\\\\",\"free\":\"71.4 GB\",\"sysTypeName\":\"NTFS\",\"total\":\"140.2 GB\",\"typeName\":\"本地固定磁盘 (C:)\",\"usage\":49.08,\"used\":\"68.8 GB\"},{\"dirName\":\"D:\\\\\",\"free\":\"67.9 GB\",\"sysTypeName\":\"NTFS\",\"total\":\"97.7 GB\",\"typeName\":\"本地固定磁盘 (D:)\",\"usage\":30.47,\"used\":\"29.8 GB\"}]}', b'0', '无', NULL, NULL);
INSERT INTO `sys_log` VALUES (755507649214287884, '2022-02-04 15:52:56', '127.0.0.1', '/yinxing-web/AppController/systemInfo', '获取系统运行信息', 'GET', '{\"id\":\"1234\"}', 0, '{\"cpu\":{\"cpuNum\":8,\"sys\":\"4.82%\",\"totalFree\":\"86.14%\",\"used\":\"9.03%\",\"wait\":\"0%\"},\"jvm\":{\"free\":\"231.15MB\",\"home\":\"C:\\\\Java\\\\jdk-11.0.10\",\"max\":\"3.97GB\",\"runTime\":\"0天0小时-14分钟\",\"startTime\":\"2022-02-04 13:29:24\",\"total\":\"308MB\",\"use\":\"76.85MB\",\"usedRate\":\"24.95%\",\"version\":\"11.0.10\"},\"mem\":{\"free\":\"2.9GB\",\"total\":\"15.89GB\",\"used\":\"12.99GB\",\"usedRate\":\"81.75%\"},\"sys\":{\"computerIp\":\"192.168.80.1\",\"computerName\":\"DESKTOP-UL11U4C\",\"osArch\":\"amd64\",\"osName\":\"Windows 10\",\"userDir\":\"D:\\\\IdeaProject\\\\YinXing\"},\"sysFiles\":[{\"dirName\":\"C:\\\\\",\"free\":\"71.4 GB\",\"sysTypeName\":\"NTFS\",\"total\":\"140.2 GB\",\"typeName\":\"本地固定磁盘 (C:)\",\"usage\":49.08,\"used\":\"68.8 GB\"},{\"dirName\":\"D:\\\\\",\"free\":\"67.9 GB\",\"sysTypeName\":\"NTFS\",\"total\":\"97.7 GB\",\"typeName\":\"本地固定磁盘 (D:)\",\"usage\":30.47,\"used\":\"29.8 GB\"}]}', b'0', '无', NULL, NULL);
INSERT INTO `sys_log` VALUES (756570793810464791, '2022-02-07 14:17:30', '192.168.1.107', '/yinxing-web/AppController/login', '登录系统', 'POST', '{\"username\":\"admin123\",\"password\":\"123456\"}', 142, '{\"authToken\":\"a9512101-d5d7-4919-8e21-3b05497cb46d\",\"jwtToken\":\"\",\"loginTime\":1644214649833,\"permissions\":[\"/AppController/getUserInfo\",\"/AppController/logout\",\"/AppController/systemInfo\",\"/AppController/passwordReset\"],\"profile\":\"https://pfks-oss-center.oss-cn-beijing.aliyuncs.com/751544757301415940.png\",\"roles\":[\"common\",\"admin\"],\"userHost\":\"192.168.1.107\",\"userId\":749058260664978888,\"username\":\"系统管理员\"}', b'0', '无', 749058260664978888, '系统管理员');
INSERT INTO `sys_log` VALUES (756576925094383641, '2022-02-07 14:41:52', '192.168.1.124', '/yinxing-web/AppController/logout', '退出登录', 'POST', '{}', 2, '\"退出登录成功\"', b'0', '无', NULL, NULL);
INSERT INTO `sys_log` VALUES (756576956207730714, '2022-02-07 14:41:59', '192.168.1.124', '/yinxing-web/AppController/login', '登录系统', 'POST', '{\"username\":\"admin123\",\"password\":\"123456\"}', 151, '{\"authToken\":\"764eb9b0-31b9-4d09-8d7b-5ed716836ea4\",\"jwtToken\":\"\",\"loginTime\":1644216119058,\"permissions\":[\"/AppController/getUserInfo\",\"/AppController/logout\",\"/AppController/systemInfo\",\"/AppController/passwordReset\"],\"profile\":\"https://pfks-oss-center.oss-cn-beijing.aliyuncs.com/751544757301415940.png\",\"roles\":[\"common\",\"admin\"],\"userHost\":\"192.168.1.124\",\"userId\":749058260664978888,\"username\":\"系统管理员\"}', b'0', '无', 749058260664978888, '系统管理员');
INSERT INTO `sys_log` VALUES (756577888526012435, '2022-02-07 14:45:41', '192.168.1.124', '/yinxing-web/AppController/login', '登录系统', 'POST', '{\"username\":\"admin123\",\"password\":\"123456\"}', 149, '{\"authToken\":\"8da379e8-1701-4893-8e92-776843f1ba70\",\"jwtToken\":\"\",\"loginTime\":1644216341283,\"permissions\":[\"/AppController/getUserInfo\",\"/AppController/logout\",\"/AppController/systemInfo\",\"/AppController/passwordReset\"],\"profile\":\"https://pfks-oss-center.oss-cn-beijing.aliyuncs.com/751544757301415940.png\",\"roles\":[\"common\",\"admin\"],\"userHost\":\"192.168.1.124\",\"userId\":749058260664978888,\"username\":\"系统管理员\"}', b'0', '无', 749058260664978888, '系统管理员');
INSERT INTO `sys_log` VALUES (756578711398125588, '2022-02-07 14:48:58', '192.168.1.124', '/yinxing-web/AppController/login', '登录系统', 'POST', '{\"username\":\"admin123\",\"password\":\"123456\"}', 133, '{\"authToken\":\"d742042e-c555-4a2c-8ba8-8cdc633efa4c\",\"jwtToken\":\"\",\"loginTime\":1644216537475,\"permissions\":[\"/AppController/getUserInfo\",\"/AppController/logout\",\"/AppController/systemInfo\",\"/AppController/passwordReset\"],\"profile\":\"https://pfks-oss-center.oss-cn-beijing.aliyuncs.com/751544757301415940.png\",\"roles\":[\"common\",\"admin\"],\"userHost\":\"192.168.1.124\",\"userId\":749058260664978888,\"username\":\"系统管理员\"}', b'0', '无', 749058260664978888, '系统管理员');
INSERT INTO `sys_log` VALUES (756579151200260118, '2022-02-07 14:50:42', '192.168.1.124', '/yinxing-web/AppController/logout', '退出登录', 'POST', '{}', 2, '\"退出登录成功\"', b'0', '无', NULL, NULL);
INSERT INTO `sys_log` VALUES (756579403898687511, '2022-02-07 14:51:43', '192.168.1.124', '/yinxing-web/AppController/login', '登录系统', 'POST', '{\"username\":\"admin123\",\"password\":\"123456\"}', 160, '{\"authToken\":\"433dfc47-8a05-4c6c-9e7f-741fac3f395b\",\"jwtToken\":\"\",\"loginTime\":1644216702629,\"permissions\":[\"/AppController/getUserInfo\",\"/AppController/logout\",\"/AppController/passwordReset\"],\"profile\":\"https://pfks-oss-center.oss-cn-beijing.aliyuncs.com/751544757301415940.png\",\"roles\":[\"common\",\"admin\"],\"userHost\":\"192.168.1.124\",\"userId\":749058260664978888,\"username\":\"系统管理员\"}', b'0', '无', 749058260664978888, '系统管理员');
INSERT INTO `sys_log` VALUES (756581621532069912, '2022-02-07 15:00:31', '192.168.1.107', '/yinxing-web/AppController/login', '登录系统', 'POST', '{\"username\":\"admin123\",\"password\":\"123456\"}', 153, '{\"authToken\":\"8c3784e5-90ad-4004-be6c-113b3af1ee1e\",\"jwtToken\":\"\",\"loginTime\":1644217231358,\"permissions\":[\"/AppController/getUserInfo\",\"/AppController/logout\",\"/AppController/passwordReset\"],\"profile\":\"https://pfks-oss-center.oss-cn-beijing.aliyuncs.com/751544757301415940.png\",\"roles\":[\"common\",\"admin\"],\"userHost\":\"192.168.1.107\",\"userId\":749058260664978888,\"username\":\"系统管理员\"}', b'0', '无', 749058260664978888, '系统管理员');
INSERT INTO `sys_log` VALUES (756596481951141907, '2022-02-07 15:59:34', '192.168.1.124', '/yinxing-web/AppController/login', '登录系统', 'POST', '{\"username\":\"admin123\",\"password\":\"123456\"}', 137, '{\"authToken\":\"5f4be53f-6cbe-436c-b855-db4c26d81260\",\"jwtToken\":\"\",\"loginTime\":1644220774309,\"permissions\":[\"/AppController/getUserInfo\",\"/AppController/logout\",\"/AppController/passwordReset\"],\"profile\":\"https://pfks-oss-center.oss-cn-beijing.aliyuncs.com/751544757301415940.png\",\"roles\":[\"common\",\"admin\"],\"userHost\":\"192.168.1.124\",\"userId\":749058260664978888,\"username\":\"系统管理员\"}', b'0', '无', 749058260664978888, '系统管理员');
INSERT INTO `sys_log` VALUES (756597692716683332, '2022-02-07 16:04:23', '192.168.1.124', '/yinxing-web/AppController/logout', '退出登录', 'POST', '{}', 2, '\"退出登录成功\"', b'0', '无', NULL, NULL);
INSERT INTO `sys_log` VALUES (756597712132116549, '2022-02-07 16:04:28', '192.168.1.124', '/yinxing-web/AppController/login', '登录系统', 'POST', '{\"username\":\"admin888\",\"password\":\"123456\"}', 138, '{\"authToken\":\"1e309845-8328-4502-b4c7-66d7a06907ab\",\"jwtToken\":\"\",\"loginTime\":1644221067639,\"permissions\":[\"/AppController/getUserInfo\",\"/AppController/passwordReset\"],\"profile\":\"https://pfks-oss-center.oss-cn-beijing.aliyuncs.com/751521721550508055.jpg\",\"roles\":[\"common\"],\"userHost\":\"192.168.1.124\",\"userId\":749058260664978889,\"username\":\"张三\"}', b'0', '无', 749058260664978889, '张三');
INSERT INTO `sys_log` VALUES (756600576355209286, '2022-02-07 16:15:51', '192.168.1.124', '/yinxing-web/AppController/logout', '退出登录', 'POST', '{}', 1, '\"退出登录成功\"', b'0', '无', NULL, NULL);
INSERT INTO `sys_log` VALUES (756600602846433351, '2022-02-07 16:15:57', '192.168.1.124', '/yinxing-web/AppController/login', '登录系统', 'POST', '{\"username\":\"admin888\",\"password\":\"1234567\"}', 59, '{}', b'0', '无', NULL, NULL);
INSERT INTO `sys_log` VALUES (756600616079462472, '2022-02-07 16:16:00', '192.168.1.124', '/yinxing-web/AppController/login', '登录系统', 'POST', '{\"username\":\"admin888\",\"password\":\"123456\"}', 143, '{\"authToken\":\"4320448b-dd3f-41e1-b4d4-19936df3380a\",\"jwtToken\":\"\",\"loginTime\":1644221760019,\"permissions\":[\"/AppController/getUserInfo\",\"/AppController/passwordReset\"],\"profile\":\"https://pfks-oss-center.oss-cn-beijing.aliyuncs.com/751521721550508055.jpg\",\"roles\":[\"common\"],\"userHost\":\"192.168.1.124\",\"userId\":749058260664978889,\"username\":\"张三\"}', b'0', '无', 749058260664978889, '张三');
INSERT INTO `sys_log` VALUES (756601319355191377, '2022-02-07 16:18:48', '192.168.1.124', '/yinxing-web/AppController/logout', '退出登录', 'POST', '{}', 1, '\"退出登录成功\"', b'0', '无', NULL, NULL);
INSERT INTO `sys_log` VALUES (756601335897526354, '2022-02-07 16:18:52', '192.168.1.124', '/yinxing-web/AppController/login', '登录系统', 'POST', '{\"username\":\"admin123\",\"password\":\"123456\"}', 144, '{\"authToken\":\"d30bc3b0-14dc-409d-be4d-58bf8c2d94ff\",\"jwtToken\":\"\",\"loginTime\":1644221931637,\"permissions\":[\"/AppController/getUserInfo\",\"/AppController/passwordReset\"],\"profile\":\"https://pfks-oss-center.oss-cn-beijing.aliyuncs.com/751544757301415940.png\",\"roles\":[\"admin\"],\"userHost\":\"192.168.1.124\",\"userId\":749058260664978888,\"username\":\"系统管理员\"}', b'0', '无', 749058260664978888, '系统管理员');
INSERT INTO `sys_log` VALUES (756601373545599059, '2022-02-07 16:19:01', '192.168.1.124', '/yinxing-web/AppController/logout', '退出登录', 'POST', '{}', 1, '\"退出登录成功\"', b'0', '无', NULL, NULL);
INSERT INTO `sys_log` VALUES (756601395133681748, '2022-02-07 16:19:06', '192.168.1.124', '/yinxing-web/AppController/login', '登录系统', 'POST', '{\"username\":\"admin888\",\"password\":\"123456\"}', 135, '{\"authToken\":\"7c3a4516-81a4-4e07-b4a3-8eed93b7f959\",\"jwtToken\":\"\",\"loginTime\":1644221945735,\"permissions\":[\"/AppController/getUserInfo\",\"/AppController/passwordReset\"],\"profile\":\"https://pfks-oss-center.oss-cn-beijing.aliyuncs.com/751521721550508055.jpg\",\"roles\":[\"common\"],\"userHost\":\"192.168.1.124\",\"userId\":749058260664978889,\"username\":\"张三\"}', b'0', '无', 749058260664978889, '张三');
INSERT INTO `sys_log` VALUES (756601574960271447, '2022-02-07 16:19:49', '192.168.1.124', '/yinxing-web/AppController/logout', '退出登录', 'POST', '{}', 1, '\"退出登录成功\"', b'0', '无', NULL, NULL);
INSERT INTO `sys_log` VALUES (756601590638579800, '2022-02-07 16:19:52', '192.168.1.124', '/yinxing-web/AppController/login', '登录系统', 'POST', '{\"username\":\"admin123\",\"password\":\"123456\"}', 142, '{\"authToken\":\"215c1678-443f-44bc-a80c-da252ed91d1d\",\"jwtToken\":\"\",\"loginTime\":1644221992372,\"permissions\":[\"/AppController/getUserInfo\",\"/AppController/passwordReset\"],\"profile\":\"https://pfks-oss-center.oss-cn-beijing.aliyuncs.com/751544757301415940.png\",\"roles\":[\"admin\"],\"userHost\":\"192.168.1.124\",\"userId\":749058260664978888,\"username\":\"系统管理员\"}', b'0', '无', 749058260664978888, '系统管理员');
INSERT INTO `sys_log` VALUES (756601825825787993, '2022-02-07 16:20:48', '192.168.1.124', '/yinxing-web/AppController/logout', '退出登录', 'POST', '{}', 2, '\"退出登录成功\"', b'0', '无', NULL, NULL);
INSERT INTO `sys_log` VALUES (756601847476785242, '2022-02-07 16:20:54', '192.168.1.124', '/yinxing-web/AppController/login', '登录系统', 'POST', '{\"username\":\"admin888\",\"password\":\"123456\"}', 135, '{\"authToken\":\"628f6b04-b348-450d-a90c-2ec9af3e32b7\",\"jwtToken\":\"\",\"loginTime\":1644222053583,\"permissions\":[\"/AppController/getUserInfo\",\"/AppController/passwordReset\"],\"profile\":\"https://pfks-oss-center.oss-cn-beijing.aliyuncs.com/751521721550508055.jpg\",\"roles\":[\"common\"],\"userHost\":\"192.168.1.124\",\"userId\":749058260664978889,\"username\":\"张三\"}', b'0', '无', 749058260664978889, '张三');
INSERT INTO `sys_log` VALUES (756603746313703523, '2022-02-07 16:28:26', '192.168.1.124', '/yinxing-web/AppController/logout', '退出登录', 'POST', '{}', 1, '\"退出登录成功\"', b'0', '无', NULL, NULL);
INSERT INTO `sys_log` VALUES (756603763132862564, '2022-02-07 16:28:30', '192.168.1.124', '/yinxing-web/AppController/login', '登录系统', 'POST', '{\"username\":\"admin123\",\"password\":\"123456\"}', 140, '{\"authToken\":\"345da095-f1b6-4c73-90dd-9091f398aca3\",\"jwtToken\":\"\",\"loginTime\":1644222510335,\"permissions\":[\"/AppController/getUserInfo\",\"/AppController/passwordReset\"],\"profile\":\"https://pfks-oss-center.oss-cn-beijing.aliyuncs.com/751544757301415940.png\",\"roles\":[\"admin\"],\"userHost\":\"192.168.1.124\",\"userId\":749058260664978888,\"username\":\"系统管理员\"}', b'0', '无', 749058260664978888, '系统管理员');
INSERT INTO `sys_log` VALUES (756604142272778342, '2022-02-07 16:30:01', '192.168.1.107', '/yinxing-web/AppController/login', '登录系统', 'POST', '{\"username\":\"admin888\",\"password\":\"123456\"}', 145, '{\"authToken\":\"f8349b14-8e30-4603-b14c-3a9eaf6b22f0\",\"jwtToken\":\"\",\"loginTime\":1644222600727,\"permissions\":[],\"profile\":\"https://pfks-oss-center.oss-cn-beijing.aliyuncs.com/751521721550508055.jpg\",\"roles\":[\"common\"],\"userHost\":\"192.168.1.107\",\"userId\":749058260664978889,\"username\":\"张三\"}', b'0', '无', 749058260664978889, '张三');
INSERT INTO `sys_log` VALUES (756604888468820075, '2022-02-07 16:32:59', '192.168.1.124', '/yinxing-web/AppController/logout', '退出登录', 'POST', '{}', 1, '\"退出登录成功\"', b'0', '无', NULL, NULL);
INSERT INTO `sys_log` VALUES (756604909255790700, '2022-02-07 16:33:04', '192.168.1.124', '/yinxing-web/AppController/login', '登录系统', 'POST', '{\"username\":\"admin888\",\"password\":\"123456\"}', 144, '{\"authToken\":\"9951c29f-fb60-4e7d-b0ac-2680ae5c1f88\",\"jwtToken\":\"\",\"loginTime\":1644222783591,\"permissions\":[],\"profile\":\"https://pfks-oss-center.oss-cn-beijing.aliyuncs.com/751521721550508055.jpg\",\"roles\":[\"common\"],\"userHost\":\"192.168.1.124\",\"userId\":749058260664978889,\"username\":\"张三\"}', b'0', '无', 749058260664978889, '张三');
INSERT INTO `sys_log` VALUES (756605190852972654, '2022-02-07 16:34:11', '192.168.1.124', '/yinxing-web/AppController/logout', '退出登录', 'POST', '{}', 1, '\"退出登录成功\"', b'0', '无', NULL, NULL);
INSERT INTO `sys_log` VALUES (756605209626677359, '2022-02-07 16:34:15', '192.168.1.124', '/yinxing-web/AppController/login', '登录系统', 'POST', '{\"username\":\"admin123\",\"password\":\"123456\"}', 145, '{\"authToken\":\"20c61e50-fe43-4c1e-8b52-b566b10287b9\",\"jwtToken\":\"\",\"loginTime\":1644222855204,\"permissions\":[\"/AppController/getUserInfo\",\"/AppController/passwordReset\"],\"profile\":\"https://pfks-oss-center.oss-cn-beijing.aliyuncs.com/751544757301415940.png\",\"roles\":[\"admin\"],\"userHost\":\"192.168.1.124\",\"userId\":749058260664978888,\"username\":\"系统管理员\"}', b'0', '无', 749058260664978888, '系统管理员');
INSERT INTO `sys_log` VALUES (756605245857075312, '2022-02-07 16:34:24', '192.168.1.124', '/yinxing-web/AppController/logout', '退出登录', 'POST', '{}', 1, '\"退出登录成功\"', b'0', '无', NULL, NULL);
INSERT INTO `sys_log` VALUES (756605269076742257, '2022-02-07 16:34:29', '192.168.1.124', '/yinxing-web/AppController/login', '登录系统', 'POST', '{\"username\":\"admin888\",\"password\":\"123456\"}', 145, '{\"authToken\":\"839521b2-693f-477b-b06d-89aa6eab6346\",\"jwtToken\":\"\",\"loginTime\":1644222869379,\"permissions\":[],\"profile\":\"https://pfks-oss-center.oss-cn-beijing.aliyuncs.com/751521721550508055.jpg\",\"roles\":[\"common\"],\"userHost\":\"192.168.1.124\",\"userId\":749058260664978889,\"username\":\"张三\"}', b'0', '无', 749058260664978889, '张三');
INSERT INTO `sys_log` VALUES (756608165881188492, '2022-02-07 16:46:00', '192.168.1.124', '/yinxing-web/AppController/logout', '退出登录', 'POST', '{}', 0, '\"退出登录成功\"', b'0', '无', NULL, NULL);
INSERT INTO `sys_log` VALUES (756608184726196365, '2022-02-07 16:46:05', '192.168.1.124', '/yinxing-web/AppController/login', '登录系统', 'POST', '{\"username\":\"admin123\",\"password\":\"123456\"}', 159, '{\"authToken\":\"e82e4a0e-247b-48b5-a88b-ee573d17d380\",\"jwtToken\":\"\",\"loginTime\":1644223564487,\"permissions\":[\"/AppController/passwordReset\"],\"profile\":\"https://pfks-oss-center.oss-cn-beijing.aliyuncs.com/751544757301415940.png\",\"roles\":[\"admin\"],\"userHost\":\"192.168.1.124\",\"userId\":749058260664978888,\"username\":\"系统管理员\"}', b'0', '无', 749058260664978888, '系统管理员');
INSERT INTO `sys_log` VALUES (756608377693540494, '2022-02-07 16:46:51', '192.168.1.124', '/yinxing-web/AppController/logout', '退出登录', 'POST', '{}', 1, '\"退出登录成功\"', b'0', '无', NULL, NULL);
INSERT INTO `sys_log` VALUES (756608405946372239, '2022-02-07 16:46:57', '192.168.1.124', '/yinxing-web/AppController/login', '登录系统', 'POST', '{\"username\":\"admin888\",\"password\":\"123456\"}', 153, '{\"authToken\":\"15273251-ea43-4b9f-9ad0-39d3b422dc6a\",\"jwtToken\":\"\",\"loginTime\":1644223617259,\"permissions\":[],\"profile\":\"https://pfks-oss-center.oss-cn-beijing.aliyuncs.com/751521721550508055.jpg\",\"roles\":[\"common\"],\"userHost\":\"192.168.1.124\",\"userId\":749058260664978889,\"username\":\"张三\"}', b'0', '无', 749058260664978889, '张三');
INSERT INTO `sys_log` VALUES (756608632187130011, '2022-02-07 16:47:51', '192.168.1.124', '/yinxing-web/AppController/logout', '退出登录', 'POST', '{}', 0, '\"退出登录成功\"', b'0', '无', NULL, NULL);
INSERT INTO `sys_log` VALUES (756608660146360476, '2022-02-07 16:47:58', '192.168.1.124', '/yinxing-web/AppController/login', '登录系统', 'POST', '{\"username\":\"admin123\",\"password\":\"123456\"}', 155, '{\"authToken\":\"0faed155-b835-4e80-8b9a-4da92978547f\",\"jwtToken\":\"\",\"loginTime\":1644223677864,\"permissions\":[\"/AppController/passwordReset\"],\"profile\":\"https://pfks-oss-center.oss-cn-beijing.aliyuncs.com/751544757301415940.png\",\"roles\":[\"admin\"],\"userHost\":\"192.168.1.124\",\"userId\":749058260664978888,\"username\":\"系统管理员\"}', b'0', '无', 749058260664978888, '系统管理员');
INSERT INTO `sys_log` VALUES (756608823690662045, '2022-02-07 16:48:37', '192.168.1.124', '/yinxing-web/AppController/logout', '退出登录', 'POST', '{}', 1, '\"退出登录成功\"', b'0', '无', NULL, NULL);
INSERT INTO `sys_log` VALUES (756608842816688286, '2022-02-07 16:48:41', '192.168.1.124', '/yinxing-web/AppController/login', '登录系统', 'POST', '{\"username\":\"admin888\",\"password\":\"123456\"}', 155, '{\"authToken\":\"1a144317-d6d8-4892-b2d2-af3c1b84bf34\",\"jwtToken\":\"\",\"loginTime\":1644223721420,\"permissions\":[],\"profile\":\"https://pfks-oss-center.oss-cn-beijing.aliyuncs.com/751521721550508055.jpg\",\"roles\":[\"common\"],\"userHost\":\"192.168.1.124\",\"userId\":749058260664978889,\"username\":\"张三\"}', b'0', '无', 749058260664978889, '张三');
INSERT INTO `sys_log` VALUES (756610949070327986, '2022-02-07 16:57:04', '192.168.1.124', '/yinxing-web/AppController/logout', '退出登录', 'POST', '{}', 1, '\"退出登录成功\"', b'0', '无', NULL, NULL);
INSERT INTO `sys_log` VALUES (756611054305415348, '2022-02-07 16:57:29', '192.168.1.124', '/yinxing-web/AppController/logout', '退出登录', 'POST', '{}', 1, '\"退出登录成功\"', b'0', '无', NULL, NULL);
INSERT INTO `sys_log` VALUES (756611077587996853, '2022-02-07 16:57:34', '192.168.1.124', '/yinxing-web/AppController/login', '登录系统', 'POST', '{\"username\":\"admin888\",\"password\":\"12345678\"}', 60, '{}', b'0', '无', NULL, NULL);
INSERT INTO `sys_log` VALUES (756611089793421494, '2022-02-07 16:57:37', '192.168.1.124', '/yinxing-web/AppController/login', '登录系统', 'POST', '{\"username\":\"admin888\",\"password\":\"123456\"}', 146, '{\"authToken\":\"916e26fe-8041-4352-85aa-6f43d637a3e4\",\"jwtToken\":\"\",\"loginTime\":1644224257145,\"permissions\":[],\"profile\":\"https://pfks-oss-center.oss-cn-beijing.aliyuncs.com/751521721550508055.jpg\",\"roles\":[\"common\"],\"userHost\":\"192.168.1.124\",\"userId\":749058260664978889,\"username\":\"张三\"}', b'0', '无', 749058260664978889, '张三');
INSERT INTO `sys_log` VALUES (756613305166074040, '2022-02-07 17:06:25', '192.168.1.130', '/yinxing-web/AppController/login', '登录系统', 'POST', '{\"username\":\"admin888\",\"password\":\"123456\"}', 127, '{\"authToken\":\"dc172ac4-861f-49f7-b929-fb878f619e29\",\"jwtToken\":\"\",\"loginTime\":1644224785325,\"permissions\":[],\"profile\":\"https://pfks-oss-center.oss-cn-beijing.aliyuncs.com/751521721550508055.jpg\",\"roles\":[\"common\"],\"userHost\":\"192.168.1.130\",\"userId\":749058260664978889,\"username\":\"张三\"}', b'0', '无', 749058260664978889, '张三');
INSERT INTO `sys_log` VALUES (756631826625335316, '2022-02-07 18:20:01', '127.0.0.1', '/yinxing-web/AppController/login', '登录系统', 'POST', '{\"username\":\"admin123\",\"password\":\"123456\"}', 110, '{\"authToken\":\"da7d15a7-5b44-4504-a773-9a3a16352c48\",\"jwtToken\":\"\",\"loginTime\":1644229201073,\"permissions\":[\"/AppController/passwordReset\"],\"profile\":\"https://pfks-oss-center.oss-cn-beijing.aliyuncs.com/751544757301415940.png\",\"roles\":[\"admin\"],\"userHost\":\"127.0.0.1\",\"userId\":749058260664978888,\"username\":\"系统管理员\"}', b'0', '无', 749058260664978888, '系统管理员');
INSERT INTO `sys_log` VALUES (756856570796707864, '2022-02-08 09:13:04', '127.0.0.1', '/yinxing-web/AppController/login', '登录系统', 'POST', '{\"username\":\"admin123\",\"password\":\"123456\"}', 156, '{\"authToken\":\"9439092f-107a-4c98-83bb-01510d7317a2\",\"jwtToken\":\"\",\"loginTime\":1644282784304,\"permissions\":[\"/AppController/passwordReset\"],\"profile\":\"https://pfks-oss-center.oss-cn-beijing.aliyuncs.com/751544757301415940.png\",\"roles\":[\"admin\"],\"userHost\":\"127.0.0.1\",\"userId\":749058260664978888,\"username\":\"系统管理员\"}', b'0', '无', 749058260664978888, '系统管理员');
INSERT INTO `sys_log` VALUES (756858720528502820, '2022-02-08 09:21:37', '127.0.0.1', '/yinxing-web/SysDicController/insertOrUpdateBatch', '', 'POST', '{\"_dc\":\"1644283295692\",\"sysDicTypeId\":\"749277353066237956\",\"records\":\"[{\\\"text\\\":\\\"性别字典\\\",\\\"index\\\":0,\\\"parentId\\\":null,\\\"expanded\\\":true,\\\"id\\\":\\\"0\\\",\\\"leaf\\\":false,\\\"children\\\":null},{\\\"text\\\":\\\"输入类别名称\\\",\\\"leaf\\\":true,\\\"sysDicTypeId\\\":\\\"749277353066237956\\\",\\\"sysDicTypeCode\\\":\\\"DIC_SEX\\\",\\\"code\\\":\\\"\\\",\\\"id\\\":\\\"756858704577564707\\\",\\\"parentId\\\":\\\"0\\\",\\\"index\\\":2}]\"}', 210, NULL, b'0', '无', 749058260664978888, '系统管理员');
INSERT INTO `sys_log` VALUES (756859026922410022, '2022-02-08 09:22:50', '127.0.0.1', '/yinxing-web/SysDicController/insertOrUpdateBatch', '', 'POST', '{\"_dc\":\"1644283368790\",\"sysDicTypeId\":\"749277353066237956\",\"records\":\"[{\\\"text\\\":\\\"性别字典\\\",\\\"index\\\":0,\\\"parentId\\\":null,\\\"expanded\\\":true,\\\"id\\\":\\\"0\\\",\\\"leaf\\\":false,\\\"children\\\":null},{\\\"text\\\":\\\"输入类别名称\\\",\\\"leaf\\\":true,\\\"sysDicTypeId\\\":\\\"749277353066237956\\\",\\\"sysDicTypeCode\\\":\\\"DIC_SEX\\\",\\\"code\\\":\\\"\\\",\\\"id\\\":\\\"756859012397535269\\\",\\\"parentId\\\":\\\"0\\\",\\\"index\\\":3}]\"}', 219, NULL, b'0', '无', 749058260664978888, '系统管理员');
INSERT INTO `sys_log` VALUES (756859558156177453, '2022-02-08 09:24:57', '127.0.0.1', '/yinxing-web/AppController/logout', '退出登录', 'POST', '{}', 5, '\"退出登录成功\"', b'0', '无', NULL, NULL);
INSERT INTO `sys_log` VALUES (756859586388037678, '2022-02-08 09:25:03', '127.0.0.1', '/yinxing-web/AppController/login', '登录系统', 'POST', '{\"username\":\"admin888\",\"password\":\"123456\"}', 155, '{\"authToken\":\"ceb3d9b5-edcc-4b92-a445-d1406f3701e6\",\"jwtToken\":\"\",\"loginTime\":1644283503321,\"permissions\":[\"/AppController/systemInfo\"],\"profile\":\"https://pfks-oss-center.oss-cn-beijing.aliyuncs.com/751521721550508055.jpg\",\"roles\":[\"common\"],\"userHost\":\"127.0.0.1\",\"userId\":749058260664978889,\"username\":\"张三\"}', b'0', '无', 749058260664978889, '张三');
INSERT INTO `sys_log` VALUES (756861902478512152, '2022-02-08 09:34:16', '127.0.0.1', '/yinxing-web/AppController/login', '登录系统', 'POST', '{\"username\":\"admin123\",\"password\":\"123456\"}', 150, '{\"authToken\":\"a4dfdcf0-5cf1-49ba-a2ac-5296fa0161f9\",\"jwtToken\":\"\",\"loginTime\":1644284055489,\"permissions\":[\"/AppController/passwordReset\"],\"profile\":\"https://pfks-oss-center.oss-cn-beijing.aliyuncs.com/751544757301415940.png\",\"roles\":[\"admin\"],\"userHost\":\"127.0.0.1\",\"userId\":749058260664978888,\"username\":\"系统管理员\"}', b'0', '无', 749058260664978888, '系统管理员');
INSERT INTO `sys_log` VALUES (756887224016048155, '2022-02-08 11:14:53', '127.0.0.1', '/yinxing-web/AppController/login', '登录系统', 'POST', '{\"username\":\"admin123\",\"password\":\"123456\"}', 120, '{\"authToken\":\"347dc11b-b859-456b-86dd-129d58814434\",\"jwtToken\":\"\",\"loginTime\":1644290092674,\"permissions\":[\"/AppController/passwordReset\"],\"profile\":\"https://pfks-oss-center.oss-cn-beijing.aliyuncs.com/751544757301415940.png\",\"roles\":[\"admin\"],\"userHost\":\"127.0.0.1\",\"userId\":749058260664978888,\"username\":\"系统管理员\"}', b'0', '无', 749058260664978888, '系统管理员');
INSERT INTO `sys_log` VALUES (756915443545018397, '2022-02-08 13:07:01', '127.0.0.1', '/yinxing-web/AppController/login', '登录系统', 'POST', '{\"username\":\"admin123\",\"password\":\"123456\"}', 120, '{\"authToken\":\"c967e1d5-ff4a-4bc3-ae9c-e183e6b44f9d\",\"jwtToken\":\"\",\"loginTime\":1644296820729,\"permissions\":[\"/AppController/passwordReset\"],\"profile\":\"https://pfks-oss-center.oss-cn-beijing.aliyuncs.com/751544757301415940.png\",\"roles\":[\"admin\"],\"userHost\":\"127.0.0.1\",\"userId\":749058260664978888,\"username\":\"系统管理员\"}', b'0', '无', 749058260664978888, '系统管理员');
INSERT INTO `sys_log` VALUES (756923805363998744, '2022-02-08 13:40:14', '127.0.0.1', '/yinxing-web/AppController/login', '登录系统', 'POST', '{\"username\":\"admin123\",\"password\":\"123456\"}', 148, '{\"authToken\":\"a750fb99-7848-4952-a1da-6159f63af9c8\",\"jwtToken\":\"\",\"loginTime\":1644298814290,\"permissions\":[\"/AppController/passwordReset\"],\"profile\":\"https://pfks-oss-center.oss-cn-beijing.aliyuncs.com/751544757301415940.png\",\"roles\":[\"admin\"],\"userHost\":\"127.0.0.1\",\"userId\":749058260664978888,\"username\":\"系统管理员\"}', b'0', '无', 749058260664978888, '系统管理员');
INSERT INTO `sys_log` VALUES (756931592475250712, '2022-02-08 14:11:11', '127.0.0.1', '/yinxing-web/AppController/login', '登录系统', 'POST', '{\"username\":\"admin123\",\"password\":\"123456\"}', 140, '{\"authToken\":\"4cdc51c1-8a99-4cd8-a950-fbbf34110ea4\",\"jwtToken\":\"\",\"loginTime\":1644300670863,\"permissions\":[\"/AppController/passwordReset\"],\"profile\":\"https://pfks-oss-center.oss-cn-beijing.aliyuncs.com/751544757301415940.png\",\"roles\":[\"admin\"],\"userHost\":\"127.0.0.1\",\"userId\":749058260664978888,\"username\":\"系统管理员\"}', b'0', '无', 749058260664978888, '系统管理员');
INSERT INTO `sys_log` VALUES (756943565434785817, '2022-02-08 14:58:45', '127.0.0.1', '/yinxing-web/AppController/login', '登录系统', 'POST', '{\"username\":\"admin123\",\"password\":\"123456\"}', 197, '{\"authToken\":\"1f715f02-cf7d-4a26-a879-54443c33f784\",\"jwtToken\":\"\",\"loginTime\":1644303525338,\"permissions\":[\"/AppController/passwordReset\"],\"profile\":\"https://pfks-oss-center.oss-cn-beijing.aliyuncs.com/751544757301415940.png\",\"roles\":[\"admin\"],\"userHost\":\"127.0.0.1\",\"userId\":749058260664978888,\"username\":\"系统管理员\"}', b'0', '无', 749058260664978888, '系统管理员');
INSERT INTO `sys_log` VALUES (757220791233417242, '2022-02-09 09:20:21', '127.0.0.1', '/yinxing-web/AppController/login', '登录系统', 'POST', '{\"username\":\"admin123\",\"password\":\"123456\"}', 181, '{\"authToken\":\"0613cc05-3e96-4b3c-b9a6-306c63db3434\",\"jwtToken\":\"\",\"loginTime\":1644369621103,\"permissions\":[\"/AppController/passwordReset\"],\"profile\":\"https://pfks-oss-center.oss-cn-beijing.aliyuncs.com/751544757301415940.png\",\"roles\":[\"admin\"],\"userHost\":\"127.0.0.1\",\"userId\":749058260664978888,\"username\":\"系统管理员\"}', b'0', '无', 749058260664978888, '系统管理员');
INSERT INTO `sys_log` VALUES (757222231448358936, '2022-02-09 09:26:05', '127.0.0.1', '/yinxing-web/AppController/login', '登录系统', 'POST', '{\"username\":\"admin123\",\"password\":\"123456\"}', 171, '{\"authToken\":\"af84ec79-19b2-423a-a617-428bae3a162a\",\"jwtToken\":\"\",\"loginTime\":1644369964533,\"permissions\":[\"/AppController/passwordReset\"],\"profile\":\"https://pfks-oss-center.oss-cn-beijing.aliyuncs.com/751544757301415940.png\",\"roles\":[\"admin\"],\"userHost\":\"127.0.0.1\",\"userId\":749058260664978888,\"username\":\"系统管理员\"}', b'0', '无', 749058260664978888, '系统管理员');
INSERT INTO `sys_log` VALUES (757223049492828185, '2022-02-09 09:29:20', '127.0.0.1', '/yinxing-web/AppController/login', '登录系统', 'POST', '{\"username\":\"admin123\",\"password\":\"123456\"}', 152, '{\"authToken\":\"f4d17c89-dc91-425b-811e-c94762a0bf49\",\"jwtToken\":\"\",\"loginTime\":1644370159577,\"permissions\":[\"/AppController/passwordReset\"],\"profile\":\"https://pfks-oss-center.oss-cn-beijing.aliyuncs.com/751544757301415940.png\",\"roles\":[\"admin\"],\"userHost\":\"127.0.0.1\",\"userId\":749058260664978888,\"username\":\"系统管理员\"}', b'0', '无', 749058260664978888, '系统管理员');
INSERT INTO `sys_log` VALUES (757224669672771609, '2022-02-09 09:35:46', '127.0.0.1', '/yinxing-web/AppController/login', '登录系统', 'POST', '{\"username\":\"admin123\",\"password\":\"123456\"}', 163, '{\"authToken\":\"d6e55940-70e2-4e79-af10-31ef449f3c56\",\"jwtToken\":\"\",\"loginTime\":1644370545846,\"permissions\":[\"/AppController/passwordReset\"],\"profile\":\"https://pfks-oss-center.oss-cn-beijing.aliyuncs.com/751544757301415940.png\",\"roles\":[\"admin\"],\"userHost\":\"127.0.0.1\",\"userId\":749058260664978888,\"username\":\"系统管理员\"}', b'0', '无', 749058260664978888, '系统管理员');
INSERT INTO `sys_log` VALUES (757236821661978651, '2022-02-09 10:24:03', '127.0.0.1', '/yinxing-web/AppController/login', '登录系统', 'POST', '{\"username\":\"admin123\",\"password\":\"12345678\"}', 57, '{}', b'0', '无', NULL, NULL);
INSERT INTO `sys_log` VALUES (757236832768495644, '2022-02-09 10:24:06', '127.0.0.1', '/yinxing-web/AppController/login', '登录系统', 'POST', '{\"username\":\"admin123\",\"password\":\"123456\"}', 144, '{\"authToken\":\"ac1aab9f-31aa-43ea-92ed-d2605d644128\",\"jwtToken\":\"\",\"loginTime\":1644373445899,\"permissions\":[\"/AppController/passwordReset\"],\"profile\":\"https://pfks-oss-center.oss-cn-beijing.aliyuncs.com/751544757301415940.png\",\"roles\":[\"admin\"],\"userHost\":\"127.0.0.1\",\"userId\":749058260664978888,\"username\":\"系统管理员\"}', b'0', '无', 749058260664978888, '系统管理员');
INSERT INTO `sys_log` VALUES (757241598126985240, '2022-02-09 10:43:02', '127.0.0.1', '/yinxing-web/AppController/login', '登录系统', 'POST', '{\"username\":\"admin123\",\"password\":\"123456\"}', 164, '{\"authToken\":\"481a7aa9-25a9-4e16-848b-74e477295fba\",\"jwtToken\":\"\",\"loginTime\":1644374581990,\"permissions\":[\"/AppController/passwordReset\"],\"profile\":\"https://pfks-oss-center.oss-cn-beijing.aliyuncs.com/751544757301415940.png\",\"roles\":[\"admin\"],\"userHost\":\"127.0.0.1\",\"userId\":749058260664978888,\"username\":\"系统管理员\"}', b'0', '无', 749058260664978888, '系统管理员');
INSERT INTO `sys_log` VALUES (757252543876304920, '2022-02-09 11:26:32', '127.0.0.1', '/yinxing-web/AppController/login', '登录系统', 'POST', '{\"username\":\"admin123\",\"password\":\"123456\"}', 154, '{\"authToken\":\"f48ac06a-c4be-41ed-8fa4-99b05933d88b\",\"jwtToken\":\"\",\"loginTime\":1644377191600,\"permissions\":[\"/AppController/passwordReset\"],\"profile\":\"https://pfks-oss-center.oss-cn-beijing.aliyuncs.com/751544757301415940.png\",\"roles\":[\"admin\"],\"userHost\":\"127.0.0.1\",\"userId\":749058260664978888,\"username\":\"系统管理员\"}', b'0', '无', 749058260664978888, '系统管理员');
INSERT INTO `sys_log` VALUES (757258177187287066, '2022-02-09 11:48:55', '127.0.0.1', '/yinxing-web/AppController/login', '登录系统', 'POST', '{\"username\":\"admin123\",\"password\":\"123456\"}', 130, '{\"authToken\":\"421e6383-23f6-476d-b887-b542ec59b5c1\",\"jwtToken\":\"\",\"loginTime\":1644378534797,\"permissions\":[\"/AppController/passwordReset\"],\"profile\":\"https://pfks-oss-center.oss-cn-beijing.aliyuncs.com/751544757301415940.png\",\"roles\":[\"admin\"],\"userHost\":\"127.0.0.1\",\"userId\":749058260664978888,\"username\":\"系统管理员\"}', b'0', '无', 749058260664978888, '系统管理员');
INSERT INTO `sys_log` VALUES (757277341335556123, '2022-02-09 13:05:04', '127.0.0.1', '/yinxing-web/AppController/login', '登录系统', 'POST', '{\"username\":\"admin123\",\"password\":\"123456\"}', 118, '{\"authToken\":\"a15a9fe3-fc7b-4f7b-992b-8a86b7b2c161\",\"jwtToken\":\"\",\"loginTime\":1644383103890,\"permissions\":[\"/AppController/passwordReset\"],\"profile\":\"https://pfks-oss-center.oss-cn-beijing.aliyuncs.com/751544757301415940.png\",\"roles\":[\"admin\"],\"userHost\":\"127.0.0.1\",\"userId\":749058260664978888,\"username\":\"系统管理员\"}', b'0', '无', 749058260664978888, '系统管理员');
INSERT INTO `sys_log` VALUES (757280039787171866, '2022-02-09 13:15:47', '127.0.0.1', '/yinxing-web/AppController/login', '登录系统', 'POST', '{\"username\":\"admin123\",\"password\":\"123456\"}', 132, '{\"authToken\":\"418abd56-0ee8-43c7-b07e-f6da942d2bd6\",\"jwtToken\":\"\",\"loginTime\":1644383747238,\"permissions\":[\"/AppController/passwordReset\"],\"profile\":\"https://pfks-oss-center.oss-cn-beijing.aliyuncs.com/751544757301415940.png\",\"roles\":[\"admin\"],\"userHost\":\"127.0.0.1\",\"userId\":749058260664978888,\"username\":\"系统管理员\"}', b'0', '无', 749058260664978888, '系统管理员');
INSERT INTO `sys_log` VALUES (757295125981433880, '2022-02-09 14:15:44', '127.0.0.1', '/yinxing-web/AppController/login', '登录系统', 'POST', '{\"username\":\"admin123\",\"password\":\"123456\"}', 134, '{\"authToken\":\"5227ee9e-e783-4e83-ada9-4bd4c8053c8a\",\"jwtToken\":\"\",\"loginTime\":1644387344010,\"permissions\":[\"/AppController/passwordReset\"],\"profile\":\"https://pfks-oss-center.oss-cn-beijing.aliyuncs.com/751544757301415940.png\",\"roles\":[\"admin\"],\"userHost\":\"127.0.0.1\",\"userId\":749058260664978888,\"username\":\"系统管理员\"}', b'0', '无', 749058260664978888, '系统管理员');
INSERT INTO `sys_log` VALUES (757295813855678488, '2022-02-09 14:18:28', '127.0.0.1', '/yinxing-web/AppController/login', '登录系统', 'POST', '{\"username\":\"admin123\",\"password\":\"123456\"}', 139, '{\"authToken\":\"5387edd1-bd91-4afd-87a7-5eff1d06749e\",\"jwtToken\":\"\",\"loginTime\":1644387508031,\"permissions\":[\"/AppController/passwordReset\"],\"profile\":\"https://pfks-oss-center.oss-cn-beijing.aliyuncs.com/751544757301415940.png\",\"roles\":[\"admin\"],\"userHost\":\"127.0.0.1\",\"userId\":749058260664978888,\"username\":\"系统管理员\"}', b'0', '无', 749058260664978888, '系统管理员');
INSERT INTO `sys_log` VALUES (757296234741501976, '2022-02-09 14:20:08', '127.0.0.1', '/yinxing-web/AppController/login', '登录系统', 'POST', '{\"username\":\"admin123\",\"password\":\"123456\"}', 135, '{\"authToken\":\"1680f3ae-5f8e-462f-a7c7-2a3394777f4a\",\"jwtToken\":\"\",\"loginTime\":1644387608376,\"permissions\":[\"/AppController/passwordReset\"],\"profile\":\"https://pfks-oss-center.oss-cn-beijing.aliyuncs.com/751544757301415940.png\",\"roles\":[\"admin\"],\"userHost\":\"127.0.0.1\",\"userId\":749058260664978888,\"username\":\"系统管理员\"}', b'0', '无', 749058260664978888, '系统管理员');
INSERT INTO `sys_log` VALUES (757296631057092632, '2022-02-09 14:21:43', '127.0.0.1', '/yinxing-web/AppController/login', '登录系统', 'POST', '{\"username\":\"admin123\",\"password\":\"123456\"}', 141, '{\"authToken\":\"0d692929-0c82-4522-b269-6932c193472a\",\"jwtToken\":\"\",\"loginTime\":1644387702855,\"permissions\":[\"/AppController/passwordReset\"],\"profile\":\"https://pfks-oss-center.oss-cn-beijing.aliyuncs.com/751544757301415940.png\",\"roles\":[\"admin\"],\"userHost\":\"127.0.0.1\",\"userId\":749058260664978888,\"username\":\"系统管理员\"}', b'0', '无', 749058260664978888, '系统管理员');
INSERT INTO `sys_log` VALUES (757308411560988698, '2022-02-09 15:08:32', '127.0.0.1', '/yinxing-web/AppController/login', '登录系统', 'POST', '{\"username\":\"admin123\",\"password\":\"123456\"}', 147, '{\"authToken\":\"5420fb4d-b281-422c-ae8f-08b0200c01df\",\"jwtToken\":\"\",\"loginTime\":1644390511607,\"permissions\":[\"/AppController/passwordReset\"],\"profile\":\"https://pfks-oss-center.oss-cn-beijing.aliyuncs.com/751544757301415940.png\",\"roles\":[\"admin\"],\"userHost\":\"127.0.0.1\",\"userId\":749058260664978888,\"username\":\"系统管理员\"}', b'0', '无', 749058260664978888, '系统管理员');
INSERT INTO `sys_log` VALUES (757321328880652313, '2022-02-09 15:59:51', '127.0.0.1', '/yinxing-web/AppController/login', '登录系统', 'POST', '{\"username\":\"admin123\",\"password\":\"123456\"}', 39, '{}', b'0', '无', NULL, NULL);
INSERT INTO `sys_log` VALUES (757322193205071897, '2022-02-09 16:03:17', '127.0.0.1', '/yinxing-web/AppController/login', '登录系统', 'POST', '{\"username\":\"admin123\",\"password\":\"123456\"}', 12274, '{}', b'0', '无', NULL, NULL);
INSERT INTO `sys_log` VALUES (757322702984974360, '2022-02-09 16:05:19', '127.0.0.1', '/yinxing-web/AppController/login', '登录系统', 'POST', '{\"username\":\"admin123\",\"password\":\"123456\"}', 2887, '{\"authToken\":\"4de3387b-fd48-4aec-8665-6c06f16d661c\",\"jwtToken\":\"\",\"loginTime\":1644393918804,\"permissions\":[\"/AppController/passwordReset\"],\"profile\":\"https://pfks-oss-center.oss-cn-beijing.aliyuncs.com/751544757301415940.png\",\"roles\":[\"admin\"],\"userHost\":\"127.0.0.1\",\"userId\":749058260664978888,\"username\":\"系统管理员\"}', b'0', '无', 749058260664978888, '系统管理员');
INSERT INTO `sys_log` VALUES (757330113498058779, '2022-02-09 16:34:46', '127.0.0.1', '/yinxing-web/AppController/login', '登录系统', 'POST', '{\"username\":\"admin123\",\"password\":\"123456\"}', 124, '{\"authToken\":\"ca11f603-b7d7-4bc2-a4cf-0da7233f0dff\",\"jwtToken\":\"\",\"loginTime\":1644395685750,\"permissions\":[\"/AppController/passwordReset\"],\"profile\":\"https://pfks-oss-center.oss-cn-beijing.aliyuncs.com/751544757301415940.png\",\"roles\":[\"admin\"],\"userHost\":\"127.0.0.1\",\"userId\":749058260664978888,\"username\":\"系统管理员\"}', b'0', '无', 749058260664978888, '系统管理员');
INSERT INTO `sys_log` VALUES (757331441884467225, '2022-02-09 16:40:02', '127.0.0.1', '/yinxing-web/AppController/login', '登录系统', 'POST', '{\"username\":\"admin123\",\"password\":\"123456\"}', 160, '{\"authToken\":\"72c853e4-2de4-42f5-b09a-9419fc3604b1\",\"jwtToken\":\"\",\"loginTime\":1644396002353,\"permissions\":[\"/AppController/passwordReset\"],\"profile\":\"https://pfks-oss-center.oss-cn-beijing.aliyuncs.com/751544757301415940.png\",\"roles\":[\"admin\"],\"userHost\":\"127.0.0.1\",\"userId\":749058260664978888,\"username\":\"系统管理员\"}', b'0', '无', 749058260664978888, '系统管理员');
INSERT INTO `sys_log` VALUES (757331523971190810, '2022-02-09 16:40:22', '127.0.0.1', '/yinxing-web/SysLogController/selectPage', '', 'GET', NULL, 150, NULL, b'0', '无', 749058260664978888, '系统管理员');
INSERT INTO `sys_log` VALUES (757331527465046043, '2022-02-09 16:40:23', '127.0.0.1', '/yinxing-web/SysLogController/selectPage', '', 'GET', NULL, 167, NULL, b'0', '无', 749058260664978888, '系统管理员');
INSERT INTO `sys_log` VALUES (757331536306638876, '2022-02-09 16:40:25', '127.0.0.1', '/yinxing-web/SysLogController/selectPage', '', 'GET', NULL, 177, NULL, b'0', '无', 749058260664978888, '系统管理员');
INSERT INTO `sys_log` VALUES (757331541218168861, '2022-02-09 16:40:26', '127.0.0.1', '/yinxing-web/SysLogController/selectPage', '', 'GET', NULL, 162, NULL, b'0', '无', 749058260664978888, '系统管理员');
INSERT INTO `sys_log` VALUES (757331544250650654, '2022-02-09 16:40:27', '127.0.0.1', '/yinxing-web/SysLogController/selectPage', '', 'GET', NULL, 136, NULL, b'0', '无', 749058260664978888, '系统管理员');
INSERT INTO `sys_log` VALUES (757332205121966105, '2022-02-09 16:43:04', '127.0.0.1', '/yinxing-web/AppController/login', '登录系统', 'POST', '{\"username\":\"admin123\",\"password\":\"123456\"}', 12282, '{\"authToken\":\"6dd77fbe-86cc-4a66-a416-f2cdf58489f2\",\"jwtToken\":\"\",\"loginTime\":1644396184261,\"permissions\":[\"/AppController/passwordReset\"],\"profile\":\"https://pfks-oss-center.oss-cn-beijing.aliyuncs.com/751544757301415940.png\",\"roles\":[\"admin\"],\"userHost\":\"127.0.0.1\",\"userId\":749058260664978888,\"username\":\"系统管理员\"}', b'0', '无', 749058260664978888, '系统管理员');
INSERT INTO `sys_log` VALUES (757332659520278553, '2022-02-09 16:44:53', '127.0.0.1', '/yinxing-web/AppController/login', '登录系统', 'POST', '{\"username\":\"admin123\",\"password\":\"123456\"}', 8858, '{}', b'0', '无', NULL, NULL);
INSERT INTO `sys_log` VALUES (757333517892980760, '2022-02-09 16:48:17', '127.0.0.1', '/yinxing-web/AppController/login', '登录系统', 'POST', '{\"username\":\"admin123\",\"password\":\"123456\"}', 151, '{\"authToken\":\"8a313aa1-be60-43a0-90fc-27cbd28e7c8e\",\"jwtToken\":\"\",\"loginTime\":1644396497351,\"permissions\":[\"/AppController/passwordReset\"],\"profile\":\"https://pfks-oss-center.oss-cn-beijing.aliyuncs.com/751544757301415940.png\",\"roles\":[\"admin\"],\"userHost\":\"127.0.0.1\",\"userId\":749058260664978888,\"username\":\"系统管理员\"}', b'0', '无', 749058260664978888, '系统管理员');
INSERT INTO `sys_log` VALUES (757333571416494105, '2022-02-09 16:48:30', '127.0.0.1', '/yinxing-web/SysLogController/selectPage', '', 'GET', NULL, 160, NULL, b'0', '无', 749058260664978888, '系统管理员');
INSERT INTO `sys_log` VALUES (757333574260232218, '2022-02-09 16:48:31', '127.0.0.1', '/yinxing-web/SysLogController/selectPage', '', 'GET', NULL, 162, NULL, b'0', '无', 749058260664978888, '系统管理员');
INSERT INTO `sys_log` VALUES (757333577863139355, '2022-02-09 16:48:32', '127.0.0.1', '/yinxing-web/SysLogController/selectPage', '', 'GET', NULL, 187, NULL, b'0', '无', 749058260664978888, '系统管理员');
INSERT INTO `sys_log` VALUES (757333580321001500, '2022-02-09 16:48:32', '127.0.0.1', '/yinxing-web/SysLogController/selectPage', '', 'GET', NULL, 151, NULL, b'0', '无', 749058260664978888, '系统管理员');
INSERT INTO `sys_log` VALUES (757333583101825053, '2022-02-09 16:48:33', '127.0.0.1', '/yinxing-web/SysLogController/selectPage', '', 'GET', NULL, 161, NULL, b'0', '无', 749058260664978888, '系统管理员');
INSERT INTO `sys_log` VALUES (757333585865871390, '2022-02-09 16:48:34', '127.0.0.1', '/yinxing-web/SysLogController/selectPage', '', 'GET', NULL, 155, NULL, b'0', '无', 749058260664978888, '系统管理员');
INSERT INTO `sys_log` VALUES (757334737055518745, '2022-02-09 16:53:08', '127.0.0.1', '/yinxing-web/AppController/login', '登录系统', 'POST', '{\"username\":\"admin123\",\"password\":\"123456\"}', 146, '{\"authToken\":\"3f06aa8c-4825-47c6-b90b-71a2b1d34217\",\"jwtToken\":\"\",\"loginTime\":1644396788027,\"permissions\":[\"/AppController/passwordReset\"],\"profile\":\"https://pfks-oss-center.oss-cn-beijing.aliyuncs.com/751544757301415940.png\",\"roles\":[\"admin\"],\"userHost\":\"127.0.0.1\",\"userId\":749058260664978888,\"username\":\"系统管理员\"}', b'0', '无', 749058260664978888, '系统管理员');
INSERT INTO `sys_log` VALUES (757334757838295066, '2022-02-09 16:53:13', '127.0.0.1', '/yinxing-web/SysLogController/selectPage', '', 'GET', NULL, 169, NULL, b'0', '无', 749058260664978888, '系统管理员');
INSERT INTO `sys_log` VALUES (757342653078704153, '2022-02-09 17:24:35', '127.0.0.1', '/yinxing-web/AppController/login', '登录系统', 'POST', '{\"username\":\"admin123\",\"password\":\"123456\"}', 156, '{\"authToken\":\"9634a482-c597-4a0e-9a11-4fbb55a6927a\",\"jwtToken\":\"\",\"loginTime\":1644398675287,\"permissions\":[\"/AppController/passwordReset\"],\"profile\":\"https://pfks-oss-center.oss-cn-beijing.aliyuncs.com/751544757301415940.png\",\"roles\":[\"admin\"],\"userHost\":\"127.0.0.1\",\"userId\":749058260664978888,\"username\":\"系统管理员\"}', b'0', '无', 749058260664978888, '系统管理员');
INSERT INTO `sys_log` VALUES (757385390075285529, '2022-02-09 20:14:24', '127.0.0.1', '/yinxing-web/AppController/login', '登录系统', 'POST', '{\"username\":\"admin123\",\"password\":\"123456\"}', 310, '{\"authToken\":\"9f2eb3d8-9afb-4191-b1f3-02f730b4ac0f\",\"jwtToken\":\"\",\"loginTime\":1644408864052,\"permissions\":[\"/AppController/passwordReset\"],\"profile\":\"https://pfks-oss-center.oss-cn-beijing.aliyuncs.com/751544757301415940.png\",\"roles\":[\"admin\"],\"userHost\":\"127.0.0.1\",\"userId\":749058260664978888,\"username\":\"系统管理员\"}', b'0', '无', 749058260664978888, '系统管理员');
INSERT INTO `sys_log` VALUES (757385581293604890, '2022-02-09 20:15:10', '127.0.0.1', '/yinxing-web/SysLogController/selectPage', '', 'GET', NULL, 188, NULL, b'0', '无', 749058260664978888, '系统管理员');
INSERT INTO `sys_log` VALUES (757579340044177433, '2022-02-10 09:05:06', '127.0.0.1', '/yinxing-web/AppController/login', '登录系统', 'POST', '{\"username\":\"admin123\",\"password\":\"123456\"}', 176, '{\"authToken\":\"32972290-7df0-453b-b829-445f0655f034\",\"jwtToken\":\"\",\"loginTime\":1644455105822,\"permissions\":[\"/AppController/passwordReset\"],\"profile\":\"https://pfks-oss-center.oss-cn-beijing.aliyuncs.com/751544757301415940.png\",\"roles\":[\"admin\"],\"userHost\":\"127.0.0.1\",\"userId\":749058260664978888,\"username\":\"系统管理员\"}', b'0', '无', 749058260664978888, '系统管理员');
INSERT INTO `sys_log` VALUES (757588936011943961, '2022-02-10 09:43:14', '127.0.0.1', '/yinxing-web/AppController/login', '登录系统', 'POST', '{\"username\":\"admin123\",\"password\":\"123456\"}', 55499, '{}', b'0', '无', NULL, NULL);
INSERT INTO `sys_log` VALUES (757589544433487896, '2022-02-10 09:45:39', '127.0.0.1', '/yinxing-web/AppController/login', '登录系统', 'POST', '{\"username\":\"admin123\",\"password\":\"123456\"}', 34212, '{}', b'0', '无', NULL, NULL);
INSERT INTO `sys_log` VALUES (757590673498181656, '2022-02-10 09:50:08', '127.0.0.1', '/yinxing-web/AppController/login', '登录系统', 'POST', '{\"username\":\"admin123\",\"password\":\"123456\"}', 6005, '{\"authToken\":\"8e28be88-7ecf-4ce8-b122-593c98842b45\",\"jwtToken\":\"\",\"loginTime\":1644457805353,\"permissions\":[\"/AppController/passwordReset\"],\"profile\":\"https://pfks-oss-center.oss-cn-beijing.aliyuncs.com/751544757301415940.png\",\"roles\":[\"admin\"],\"userHost\":\"127.0.0.1\",\"userId\":749058260664978888,\"username\":\"系统管理员\"}', b'0', '无', 749058260664978888, '系统管理员');
INSERT INTO `sys_log` VALUES (757591672845635609, '2022-02-10 09:54:06', '127.0.0.1', '/yinxing-web/AppController/login', '登录系统', 'POST', '{\"username\":\"admin123\",\"password\":\"123456\"}', 10850, '{\"authToken\":\"40f3d3a0-66c3-4dec-a6be-1b97cae79b2f\",\"jwtToken\":\"\",\"loginTime\":1644458045633,\"permissions\":[\"/AppController/passwordReset\"],\"profile\":\"https://pfks-oss-center.oss-cn-beijing.aliyuncs.com/751544757301415940.png\",\"roles\":[\"admin\"],\"userHost\":\"127.0.0.1\",\"userId\":749058260664978888,\"username\":\"系统管理员\"}', b'0', '无', 749058260664978888, '系统管理员');
INSERT INTO `sys_log` VALUES (757592998501552152, '2022-02-10 09:59:22', '127.0.0.1', '/yinxing-web/AppController/login', '登录系统', 'POST', '{\"username\":\"admin123\",\"password\":\"123456\"}', 63691, '{\"authToken\":\"06360731-c418-4770-b7fc-05f12f0decca\",\"jwtToken\":\"\",\"loginTime\":1644458361156,\"permissions\":[\"/AppController/passwordReset\"],\"profile\":\"https://pfks-oss-center.oss-cn-beijing.aliyuncs.com/751544757301415940.png\",\"roles\":[\"admin\"],\"userHost\":\"127.0.0.1\",\"userId\":749058260664978888,\"username\":\"系统管理员\"}', b'0', '无', 749058260664978888, '系统管理员');
INSERT INTO `sys_log` VALUES (757595159541190681, '2022-02-10 10:07:58', '127.0.0.1', '/yinxing-web/AppController/login', '登录系统', 'POST', '{\"username\":\"admin123\",\"password\":\"123456\"}', 477030, '{\"authToken\":\"84f37252-d09a-468e-acf8-271c1390bd99\",\"jwtToken\":\"\",\"loginTime\":1644458461038,\"permissions\":[\"/AppController/passwordReset\"],\"profile\":\"https://pfks-oss-center.oss-cn-beijing.aliyuncs.com/751544757301415940.png\",\"roles\":[\"admin\"],\"userHost\":\"127.0.0.1\",\"userId\":749058260664978888,\"username\":\"系统管理员\"}', b'0', '无', 749058260664978888, '系统管理员');
INSERT INTO `sys_log` VALUES (757596256993415194, '2022-02-10 10:12:19', '127.0.0.1', '/yinxing-web/AppController/login', '登录系统', 'POST', '{\"username\":\"admin123\",\"password\":\"123456\"}', 256540, '{\"authToken\":\"2e481872-dcd5-4d13-9f13-50ee6e3393f8\",\"jwtToken\":\"\",\"loginTime\":1644459049590,\"permissions\":[\"/AppController/passwordReset\"],\"profile\":\"https://pfks-oss-center.oss-cn-beijing.aliyuncs.com/751544757301415940.png\",\"roles\":[\"admin\"],\"userHost\":\"127.0.0.1\",\"userId\":749058260664978888,\"username\":\"系统管理员\"}', b'0', '无', 749058260664978888, '系统管理员');
INSERT INTO `sys_log` VALUES (757606057005682715, '2022-02-10 10:51:16', '127.0.0.1', '/yinxing-web/AppController/login', '登录系统', 'POST', '{\"username\":\"admin123\",\"password\":\"123456\"}', 131, '{\"authToken\":\"ecb1c6ff-bb66-4f69-9539-b1ba54ceb09b\",\"jwtToken\":\"\",\"loginTime\":1644461475804,\"permissions\":[\"/AppController/passwordReset\"],\"profile\":\"https://pfks-oss-center.oss-cn-beijing.aliyuncs.com/751544757301415940.png\",\"roles\":[\"admin\"],\"userHost\":\"127.0.0.1\",\"userId\":749058260664978888,\"username\":\"系统管理员\"}', b'0', '无', 749058260664978888, '系统管理员');
INSERT INTO `sys_log` VALUES (757606498955300892, '2022-02-10 10:53:01', '127.0.0.1', '/yinxing-web/SysLogController/selectPage', '', 'GET', NULL, 158, NULL, b'0', '无', 749058260664978888, '系统管理员');
INSERT INTO `sys_log` VALUES (757607441444769825, '2022-02-10 10:56:46', '127.0.0.1', '/yinxing-web/SysLogController/selectPage', '', 'GET', NULL, 173, NULL, b'0', '无', 749058260664978888, '系统管理员');
INSERT INTO `sys_log` VALUES (757611857795223576, '2022-02-10 11:14:19', '127.0.0.1', '/yinxing-web/AppController/login', '登录系统', 'POST', '{\"username\":\"admin123\",\"password\":\"123456\"}', 134, '{\"authToken\":\"753afed9-bd48-4668-a046-7b064639bd5b\",\"jwtToken\":\"\",\"loginTime\":1644462858756,\"permissions\":[\"/AppController/passwordReset\"],\"profile\":\"https://pfks-oss-center.oss-cn-beijing.aliyuncs.com/751544757301415940.png\",\"roles\":[\"admin\"],\"userHost\":\"127.0.0.1\",\"userId\":749058260664978888,\"username\":\"系统管理员\"}', b'0', '无', 749058260664978888, '系统管理员');
INSERT INTO `sys_log` VALUES (757611866250940441, '2022-02-10 11:14:21', '127.0.0.1', '/yinxing-web/SysLogController/selectPage', '', 'GET', NULL, 147, NULL, b'0', '无', 749058260664978888, '系统管理员');
INSERT INTO `sys_log` VALUES (757612881129902106, '2022-02-10 11:18:23', '127.0.0.1', '/yinxing-web/SysLogController/selectPage', '', 'GET', NULL, 168, NULL, b'0', '无', 749058260664978888, '系统管理员');
INSERT INTO `sys_log` VALUES (757612986398543899, '2022-02-10 11:18:48', '127.0.0.1', '/yinxing-web/SysLogController/selectPage', '', 'GET', NULL, 167, NULL, b'0', '无', 749058260664978888, '系统管理员');
INSERT INTO `sys_log` VALUES (757613096801013788, '2022-02-10 11:19:14', '127.0.0.1', '/yinxing-web/SysLogController/selectPage', '', 'GET', NULL, 172, NULL, b'0', '无', 749058260664978888, '系统管理员');
INSERT INTO `sys_log` VALUES (757613217383059485, '2022-02-10 11:19:43', '127.0.0.1', '/yinxing-web/SysLogController/selectPage', '', 'GET', NULL, 170, NULL, b'0', '无', 749058260664978888, '系统管理员');
INSERT INTO `sys_log` VALUES (757613442592018462, '2022-02-10 11:20:37', '127.0.0.1', '/yinxing-web/SysLogController/selectPage', '', 'GET', NULL, 168, NULL, b'0', '无', 749058260664978888, '系统管理员');
INSERT INTO `sys_log` VALUES (757614250914091039, '2022-02-10 11:23:49', '127.0.0.1', '/yinxing-web/SysLogController/selectPage', '', 'GET', NULL, 167, NULL, b'0', '无', 749058260664978888, '系统管理员');
INSERT INTO `sys_log` VALUES (757614260091228192, '2022-02-10 11:23:52', '127.0.0.1', '/yinxing-web/SysLogController/selectPage', '', 'GET', NULL, 172, NULL, b'0', '无', 749058260664978888, '系统管理员');
INSERT INTO `sys_log` VALUES (757618837523927065, '2022-02-10 11:42:03', '127.0.0.1', '/yinxing-web/AppController/login', '登录系统', 'POST', '{\"username\":\"admin123\",\"password\":\"123456\"}', 178, '{\"authToken\":\"3f763071-aea5-4893-a6a6-294007173884\",\"jwtToken\":\"\",\"loginTime\":1644464522703,\"permissions\":[\"/AppController/passwordReset\"],\"profile\":\"https://pfks-oss-center.oss-cn-beijing.aliyuncs.com/751544757301415940.png\",\"roles\":[\"admin\"],\"userHost\":\"127.0.0.1\",\"userId\":749058260664978888,\"username\":\"系统管理员\"}', b'0', '无', 749058260664978888, '系统管理员');
INSERT INTO `sys_log` VALUES (757619576820338723, '2022-02-10 11:44:59', '127.0.0.1', '/yinxing-web/AppController/login', '登录系统', 'POST', '{\"username\":\"admin123\",\"password\":\"123456\"}', 25210, '{\"authToken\":\"85db6979-814e-4611-abe8-2eb6d9f96193\",\"jwtToken\":\"\",\"loginTime\":1644464699187,\"permissions\":[\"/AppController/passwordReset\"],\"profile\":\"https://pfks-oss-center.oss-cn-beijing.aliyuncs.com/751544757301415940.png\",\"roles\":[\"admin\"],\"userHost\":\"127.0.0.1\",\"userId\":749058260664978888,\"username\":\"系统管理员\"}', b'0', '无', 749058260664978888, '系统管理员');
INSERT INTO `sys_log` VALUES (757655842320420891, '2022-02-10 14:09:06', '127.0.0.1', '/yinxing-web/AppController/login', '登录系统', 'POST', '{\"username\":\"admin123\",\"password\":\"123456\"}', 119, '{\"authToken\":\"da23cffd-c763-4f8a-b3b4-26de58ea8083\",\"jwtToken\":\"\",\"loginTime\":1644473345541,\"permissions\":[\"/AppController/passwordReset\"],\"profile\":\"https://pfks-oss-center.oss-cn-beijing.aliyuncs.com/751544757301415940.png\",\"roles\":[\"admin\"],\"userHost\":\"127.0.0.1\",\"userId\":749058260664978888,\"username\":\"系统管理员\"}', b'0', '无', 749058260664978888, '系统管理员');
INSERT INTO `sys_log` VALUES (757666469629792293, '2022-02-10 14:51:19', '127.0.0.1', '/yinxing-web/AppController/login', '登录系统', 'POST', '{\"username\":\"admin123\",\"password\":\"123456\"}', 118, '{\"authToken\":\"5d491b19-fc51-4acb-ac34-e8b3612e72f4\",\"jwtToken\":\"\",\"loginTime\":1644475879308,\"permissions\":[\"/AppController/passwordReset\"],\"profile\":\"https://pfks-oss-center.oss-cn-beijing.aliyuncs.com/751544757301415940.png\",\"roles\":[\"admin\"],\"userHost\":\"127.0.0.1\",\"userId\":749058260664978888,\"username\":\"系统管理员\"}', b'0', '无', 749058260664978888, '系统管理员');
INSERT INTO `sys_log` VALUES (757679158393442350, '2022-02-10 15:41:45', '127.0.0.1', '/yinxing-web/SysLogController/selectPage', '', 'GET', NULL, 136, NULL, b'0', '无', 749058260664978888, '系统管理员');
INSERT INTO `sys_log` VALUES (757682337260638232, '2022-02-10 15:54:22', '127.0.0.1', '/yinxing-web/AppController/login', '登录系统', 'POST', '{\"username\":\"admin123\",\"password\":\"123456\"}', 31591, '{\"authToken\":\"708723f2-d589-4384-909a-d7f4be04953b\",\"jwtToken\":\"\",\"loginTime\":1644479651152,\"permissions\":[\"/AppController/passwordReset\"],\"profile\":\"https://pfks-oss-center.oss-cn-beijing.aliyuncs.com/751544757301415940.png\",\"roles\":[\"admin\"],\"userHost\":\"127.0.0.1\",\"userId\":749058260664978888,\"username\":\"系统管理员\"}', b'0', '无', 749058260664978888, '系统管理员');
INSERT INTO `sys_log` VALUES (757689422828408880, '2022-02-10 16:22:32', '127.0.0.1', '/yinxing-web/AppController/login', '登录系统', 'POST', '{\"username\":\"admin123\",\"password\":\"123456\"}', 121, '{\"authToken\":\"2f6f40af-1271-4af4-8132-72da6890fe22\",\"jwtToken\":\"\",\"loginTime\":1644481351771,\"permissions\":[\"/AppController/passwordReset\"],\"profile\":\"https://pfks-oss-center.oss-cn-beijing.aliyuncs.com/751544757301415940.png\",\"roles\":[\"admin\"],\"userHost\":\"127.0.0.1\",\"userId\":749058260664978888,\"username\":\"系统管理员\"}', b'0', '无', 749058260664978888, '系统管理员');
INSERT INTO `sys_log` VALUES (757697845896810520, '2022-02-10 16:56:00', '127.0.0.1', '/yinxing-web/AppController/login', '登录系统', 'POST', '{\"username\":\"admin123\",\"password\":\"123456\"}', 136, '{\"authToken\":\"da3fc8d8-e702-43b6-9ba9-d6b4e21d1ac7\",\"jwtToken\":\"\",\"loginTime\":1644483359917,\"permissions\":[\"/AppController/passwordReset\"],\"profile\":\"https://pfks-oss-center.oss-cn-beijing.aliyuncs.com/751544757301415940.png\",\"roles\":[\"admin\"],\"userHost\":\"127.0.0.1\",\"userId\":749058260664978888,\"username\":\"系统管理员\"}', b'0', '无', 749058260664978888, '系统管理员');
INSERT INTO `sys_log` VALUES (757697902561857561, '2022-02-10 16:56:14', '127.0.0.1', '/yinxing-web/SysLogController/selectPage', '', 'GET', NULL, 164, NULL, b'0', '无', 749058260664978888, '系统管理员');
INSERT INTO `sys_log` VALUES (757697916856045594, '2022-02-10 16:56:17', '127.0.0.1', '/yinxing-web/SysLogController/selectPage', '', 'GET', NULL, 176, NULL, b'0', '无', 749058260664978888, '系统管理员');
INSERT INTO `sys_log` VALUES (757700409971314715, '2022-02-10 17:06:11', '127.0.0.1', '/yinxing-web/SysLogController/selectPage', '', 'GET', NULL, 175, NULL, b'0', '无', 749058260664978888, '系统管理员');
INSERT INTO `sys_log` VALUES (757700426517843996, '2022-02-10 17:06:15', '127.0.0.1', '/yinxing-web/SysLogController/selectPage', '', 'GET', NULL, 174, NULL, b'0', '无', 749058260664978888, '系统管理员');
INSERT INTO `sys_log` VALUES (757700427738386461, '2022-02-10 17:06:16', '127.0.0.1', '/yinxing-web/SysLogController/selectPage', '', 'GET', NULL, 143, NULL, b'0', '无', 749058260664978888, '系统管理员');
INSERT INTO `sys_log` VALUES (757700428329783326, '2022-02-10 17:06:16', '127.0.0.1', '/yinxing-web/SysLogController/selectPage', '', 'GET', NULL, 169, NULL, b'0', '无', 749058260664978888, '系统管理员');
INSERT INTO `sys_log` VALUES (757701924081504288, '2022-02-10 17:12:12', '127.0.0.1', '/yinxing-web/AppController/login', '登录系统', 'POST', '{\"username\":\"admin123\",\"password\":\"123456\"}', 152, '{\"authToken\":\"a0c3f516-3f0d-4dc0-a2a6-8c6f3a5ab4ab\",\"jwtToken\":\"\",\"loginTime\":1644484332302,\"permissions\":[\"/AppController/passwordReset\"],\"profile\":\"https://pfks-oss-center.oss-cn-beijing.aliyuncs.com/751544757301415940.png\",\"roles\":[\"admin\"],\"userHost\":\"127.0.0.1\",\"userId\":749058260664978888,\"username\":\"系统管理员\"}', b'0', '无', 749058260664978888, '系统管理员');
INSERT INTO `sys_log` VALUES (757702429482553377, '2022-02-10 17:14:13', '127.0.0.1', '/yinxing-web/SysLogController/selectPage', '', 'GET', NULL, 173, NULL, b'0', '无', 749058260664978888, '系统管理员');
INSERT INTO `sys_log` VALUES (757702430073950242, '2022-02-10 17:14:13', '127.0.0.1', '/yinxing-web/SysLogController/selectPage', '', 'GET', NULL, 165, NULL, b'0', '无', 749058260664978888, '系统管理员');
INSERT INTO `sys_log` VALUES (757702454891647011, '2022-02-10 17:14:19', '127.0.0.1', '/yinxing-web/SysLogController/selectPage', '', 'GET', NULL, 172, NULL, b'0', '无', 749058260664978888, '系统管理员');
INSERT INTO `sys_log` VALUES (757702468711878692, '2022-02-10 17:14:22', '127.0.0.1', '/yinxing-web/SysLogController/selectPage', '', 'GET', NULL, 171, NULL, b'0', '无', 749058260664978888, '系统管理员');
INSERT INTO `sys_log` VALUES (757702474407743525, '2022-02-10 17:14:24', '127.0.0.1', '/yinxing-web/SysLogController/selectPage', '', 'GET', NULL, 173, NULL, b'0', '无', 749058260664978888, '系统管理员');
INSERT INTO `sys_log` VALUES (757702477310201894, '2022-02-10 17:14:24', '127.0.0.1', '/yinxing-web/SysLogController/selectPage', '', 'GET', NULL, 148, NULL, b'0', '无', 749058260664978888, '系统管理员');
INSERT INTO `sys_log` VALUES (757702480518844455, '2022-02-10 17:14:25', '127.0.0.1', '/yinxing-web/SysLogController/selectPage', '', 'GET', NULL, 145, NULL, b'0', '无', 749058260664978888, '系统管理员');
INSERT INTO `sys_log` VALUES (757702484784451624, '2022-02-10 17:14:26', '127.0.0.1', '/yinxing-web/SysLogController/selectPage', '', 'GET', NULL, 188, NULL, b'0', '无', 749058260664978888, '系统管理员');
INSERT INTO `sys_log` VALUES (757702489117167657, '2022-02-10 17:14:27', '127.0.0.1', '/yinxing-web/SysLogController/selectPage', '', 'GET', NULL, 178, NULL, b'0', '无', 749058260664978888, '系统管理员');
INSERT INTO `sys_log` VALUES (757702505974075434, '2022-02-10 17:14:31', '127.0.0.1', '/yinxing-web/SysLogController/selectPage', '', 'GET', NULL, 170, NULL, b'0', '无', 749058260664978888, '系统管理员');
INSERT INTO `sys_log` VALUES (757702506536112171, '2022-02-10 17:14:31', '127.0.0.1', '/yinxing-web/SysLogController/selectPage', '', 'GET', NULL, 144, NULL, b'0', '无', 749058260664978888, '系统管理员');
INSERT INTO `sys_log` VALUES (757702507639214124, '2022-02-10 17:14:31', '127.0.0.1', '/yinxing-web/SysLogController/selectPage', '', 'GET', NULL, 145, NULL, b'0', '无', 749058260664978888, '系统管理员');
INSERT INTO `sys_log` VALUES (757702508226416685, '2022-02-10 17:14:32', '127.0.0.1', '/yinxing-web/SysLogController/selectPage', '', 'GET', NULL, 152, NULL, b'0', '无', 749058260664978888, '系统管理员');
INSERT INTO `sys_log` VALUES (757702508981391406, '2022-02-10 17:14:32', '127.0.0.1', '/yinxing-web/SysLogController/selectPage', '', 'GET', NULL, 142, NULL, b'0', '无', 749058260664978888, '系统管理员');
INSERT INTO `sys_log` VALUES (757702773310623768, '2022-02-10 17:15:35', '127.0.0.1', '/yinxing-web/AppController/login', '登录系统', 'POST', '{\"username\":\"admin123\",\"password\":\"123456\"}', 192, '{\"authToken\":\"b57b2e9a-ce84-42f0-882a-5047632e45c7\",\"jwtToken\":\"\",\"loginTime\":1644484534659,\"permissions\":[\"/AppController/passwordReset\"],\"profile\":\"https://pfks-oss-center.oss-cn-beijing.aliyuncs.com/751544757301415940.png\",\"roles\":[\"admin\"],\"userHost\":\"127.0.0.1\",\"userId\":749058260664978888,\"username\":\"系统管理员\"}', b'0', '无', 749058260664978888, '系统管理员');
INSERT INTO `sys_log` VALUES (757702804927287321, '2022-02-10 17:15:42', '127.0.0.1', '/yinxing-web/SysLogController/selectPage', '', 'GET', NULL, 152, NULL, b'0', '无', 749058260664978888, '系统管理员');
INSERT INTO `sys_log` VALUES (757702806714060826, '2022-02-10 17:15:43', '127.0.0.1', '/yinxing-web/SysLogController/selectPage', '', 'GET', NULL, 151, NULL, b'0', '无', 749058260664978888, '系统管理员');
INSERT INTO `sys_log` VALUES (757703753901150233, '2022-02-10 17:19:28', '127.0.0.1', '/yinxing-web/AppController/login', '登录系统', 'POST', '{\"username\":\"admin123\",\"password\":\"123456\"}', 225, '{\"authToken\":\"7affebd3-6d03-47f2-b606-9f3c4afbcb0e\",\"jwtToken\":\"\",\"loginTime\":1644484768349,\"permissions\":[\"/AppController/passwordReset\"],\"profile\":\"https://pfks-oss-center.oss-cn-beijing.aliyuncs.com/751544757301415940.png\",\"roles\":[\"admin\"],\"userHost\":\"127.0.0.1\",\"userId\":749058260664978888,\"username\":\"系统管理员\"}', b'0', '无', 749058260664978888, '系统管理员');
INSERT INTO `sys_log` VALUES (757703763019567130, '2022-02-10 17:19:31', '127.0.0.1', '/yinxing-web/SysLogController/selectPage', '', 'GET', NULL, 205, NULL, b'0', '无', 749058260664978888, '系统管理员');
INSERT INTO `sys_log` VALUES (757703820141793307, '2022-02-10 17:19:44', '127.0.0.1', '/yinxing-web/SysLogController/selectPage', '', 'GET', NULL, 188, NULL, b'0', '无', 749058260664978888, '系统管理员');
INSERT INTO `sys_log` VALUES (757703871131947036, '2022-02-10 17:19:57', '127.0.0.1', '/yinxing-web/SysLogController/selectPage', '', 'GET', NULL, 175, NULL, b'0', '无', 749058260664978888, '系统管理员');
INSERT INTO `sys_log` VALUES (757703930833670173, '2022-02-10 17:20:11', '127.0.0.1', '/yinxing-web/SysLogController/selectPage', '', 'GET', NULL, 169, NULL, b'0', '无', 749058260664978888, '系统管理员');
INSERT INTO `sys_log` VALUES (757703986676633627, '2022-02-10 17:20:24', '127.0.0.1', '/yinxing-web/SysLogController/selectPage', '', 'GET', NULL, 184, NULL, b'0', '无', 749058260664978888, '系统管理员');
INSERT INTO `sys_log` VALUES (757703988765397020, '2022-02-10 17:20:25', '127.0.0.1', '/yinxing-web/SysLogController/selectPage', '', 'GET', NULL, 152, NULL, b'0', '无', 749058260664978888, '系统管理员');
INSERT INTO `sys_log` VALUES (757704293599023133, '2022-02-10 17:21:37', '127.0.0.1', '/yinxing-web/SysLogController/selectPage', '', 'GET', NULL, 180, NULL, b'0', '无', 749058260664978888, '系统管理员');
INSERT INTO `sys_log` VALUES (757729961435074585, '2022-02-10 19:03:37', '127.0.0.1', '/yinxing-web/AppController/login', '登录系统', 'POST', '{\"username\":\"admin123\",\"password\":\"123456\"}', 113, '{\"authToken\":\"19261d85-8f06-40f9-a669-035c34157638\",\"jwtToken\":\"\",\"loginTime\":1644491016815,\"permissions\":[\"/AppController/passwordReset\"],\"profile\":\"https://pfks-oss-center.oss-cn-beijing.aliyuncs.com/751544757301415940.png\",\"roles\":[\"admin\"],\"userHost\":\"127.0.0.1\",\"userId\":749058260664978888,\"username\":\"系统管理员\"}', b'0', '无', 749058260664978888, '系统管理员');
INSERT INTO `sys_log` VALUES (757736010649047105, '2022-02-10 19:27:39', '127.0.0.1', '/yinxing-web/AppController/login', '登录系统', 'POST', '{\"username\":\"admin123\",\"password\":\"123456\"}', 98, '{\"authToken\":\"143d4023-ba9f-4c07-ac16-d0f4ea168d4b\",\"jwtToken\":\"\",\"loginTime\":1644492459122,\"permissions\":[\"/AppController/passwordReset\"],\"profile\":\"https://pfks-oss-center.oss-cn-beijing.aliyuncs.com/751544757301415940.png\",\"roles\":[\"admin\"],\"userHost\":\"127.0.0.1\",\"userId\":749058260664978888,\"username\":\"系统管理员\"}', b'0', '无', 749058260664978888, '系统管理员');
INSERT INTO `sys_log` VALUES (757736659172331565, '2022-02-10 19:30:14', '127.0.0.1', '/yinxing-web/AppController/login', '登录系统', 'POST', '{\"username\":\"admin123\",\"password\":\"123456\"}', 103, '{\"authToken\":\"5a021df9-1bab-4229-839c-cd98abcbc098\",\"jwtToken\":\"\",\"loginTime\":1644492613762,\"permissions\":[\"/AppController/passwordReset\"],\"profile\":\"https://pfks-oss-center.oss-cn-beijing.aliyuncs.com/751544757301415940.png\",\"roles\":[\"admin\"],\"userHost\":\"127.0.0.1\",\"userId\":749058260664978888,\"username\":\"系统管理员\"}', b'0', '无', 749058260664978888, '系统管理员');
INSERT INTO `sys_log` VALUES (757737483566977069, '2022-02-10 19:33:30', '127.0.0.1', '/yinxing-web/AppController/login', '登录系统', 'POST', '{\"username\":\"admin123\",\"password\":\"123456\"}', 106, '{\"authToken\":\"3b9edea5-8a5a-4220-b4a6-41bc3a43b05d\",\"jwtToken\":\"\",\"loginTime\":1644492810288,\"permissions\":[\"/AppController/passwordReset\"],\"profile\":\"https://pfks-oss-center.oss-cn-beijing.aliyuncs.com/751544757301415940.png\",\"roles\":[\"admin\"],\"userHost\":\"127.0.0.1\",\"userId\":749058260664978888,\"username\":\"系统管理员\"}', b'0', '无', 749058260664978888, '系统管理员');
INSERT INTO `sys_log` VALUES (757743630877331506, '2022-02-10 19:57:56', '127.0.0.1', '/yinxing-web/AppController/login', '登录系统', 'POST', '{\"username\":\"admin123\",\"password\":\"123456\"}', 94, '{\"authToken\":\"5a33bede-70ee-4d4e-bbe8-f180d9c50421\",\"jwtToken\":\"\",\"loginTime\":1644494275942,\"permissions\":[\"/AppController/passwordReset\"],\"profile\":\"https://pfks-oss-center.oss-cn-beijing.aliyuncs.com/751544757301415940.png\",\"roles\":[\"admin\"],\"userHost\":\"127.0.0.1\",\"userId\":749058260664978888,\"username\":\"系统管理员\"}', b'0', '无', 749058260664978888, '系统管理员');
INSERT INTO `sys_log` VALUES (757746914086228119, '2022-02-10 20:10:59', '127.0.0.1', '/yinxing-web/SysLogController/selectPage', '', 'GET', NULL, 124, NULL, b'0', '无', 749058260664978888, '系统管理员');
INSERT INTO `sys_log` VALUES (757747501775327434, '2022-02-10 20:13:19', '127.0.0.1', '/yinxing-web/SysLogController/selectPage', '', 'GET', NULL, 110, NULL, b'0', '无', 749058260664978888, '系统管理员');
INSERT INTO `sys_log` VALUES (757770924203315762, '2022-02-10 21:46:23', '127.0.0.1', '/yinxing-web/SysLogController/selectPage', '', 'GET', NULL, 112, NULL, b'0', '无', 749058260664978888, '系统管理员');
INSERT INTO `sys_log` VALUES (757941164275011634, '2022-02-11 09:02:52', '127.0.0.1', '/yinxing-web/AppController/login', '登录系统', 'POST', '{\"username\":\"admin123\",\"password\":\"123456\"}', 143, '{\"authToken\":\"ab36c59c-5b85-4fcc-a6e9-2629f72986e7\",\"jwtToken\":\"\",\"loginTime\":1644541371550,\"permissions\":[\"/AppController/passwordReset\"],\"profile\":\"https://pfks-oss-center.oss-cn-beijing.aliyuncs.com/751544757301415940.png\",\"roles\":[\"admin\"],\"userHost\":\"127.0.0.1\",\"userId\":749058260664978888,\"username\":\"系统管理员\"}', b'0', '无', 749058260664978888, '系统管理员');
INSERT INTO `sys_log` VALUES (757943206045421593, '2022-02-11 09:10:58', '127.0.0.1', '/yinxing-web/AppController/login', '登录系统', 'POST', '{\"username\":\"admin123\",\"password\":\"123456\"}', 165, '{\"authToken\":\"fe2c1efb-edc8-480f-908b-800d2e05cd6e\",\"jwtToken\":\"\",\"loginTime\":1644541858266,\"permissions\":[\"/AppController/passwordReset\"],\"profile\":\"https://pfks-oss-center.oss-cn-beijing.aliyuncs.com/751544757301415940.png\",\"roles\":[\"admin\"],\"userHost\":\"127.0.0.1\",\"userId\":749058260664978888,\"username\":\"系统管理员\"}', b'0', '无', 749058260664978888, '系统管理员');
INSERT INTO `sys_log` VALUES (757943276190961690, '2022-02-11 09:11:15', '127.0.0.1', '/yinxing-web/SysLogController/selectPage', '', 'GET', NULL, 165, NULL, b'0', '无', 749058260664978888, '系统管理员');
INSERT INTO `sys_log` VALUES (757944278315044891, '2022-02-11 09:15:14', '127.0.0.1', '/yinxing-web/SysLogController/selectPage', '', 'GET', NULL, 12272, NULL, b'0', '无', 749058260664978888, '系统管理员');
INSERT INTO `sys_log` VALUES (757944743551438876, '2022-02-11 09:17:05', '127.0.0.1', '/yinxing-web/SysLogController/selectPage', '', 'GET', NULL, 2297, NULL, b'0', '无', 749058260664978888, '系统管理员');
INSERT INTO `sys_log` VALUES (757944774547345437, '2022-02-11 09:17:12', '127.0.0.1', '/yinxing-web/SysLogController/selectPage', '', 'GET', NULL, 1945, NULL, b'0', '无', 749058260664978888, '系统管理员');
INSERT INTO `sys_log` VALUES (757951221477806105, '2022-02-11 09:42:49', '127.0.0.1', '/yinxing-web/AppController/login', '登录系统', 'POST', '{\"username\":\"admin123\",\"password\":\"123456\"}', 172, '{\"authToken\":\"70b72eb0-88e2-48f6-a9a6-cd331c811ec9\",\"jwtToken\":\"\",\"loginTime\":1644543769300,\"permissions\":[\"/AppController/passwordReset\"],\"profile\":\"https://pfks-oss-center.oss-cn-beijing.aliyuncs.com/751544757301415940.png\",\"roles\":[\"admin\"],\"userHost\":\"127.0.0.1\",\"userId\":749058260664978888,\"username\":\"系统管理员\"}', b'0', '无', 749058260664978888, '系统管理员');
INSERT INTO `sys_log` VALUES (757951244101881882, '2022-02-11 09:42:55', '127.0.0.1', '/yinxing-web/SysLogController/selectPage', '', 'GET', NULL, 1946, NULL, b'0', '无', 749058260664978888, '系统管理员');
INSERT INTO `sys_log` VALUES (757951266516242459, '2022-02-11 09:43:00', '127.0.0.1', '/yinxing-web/SysLogController/selectPage', '', 'GET', NULL, 1686, NULL, b'0', '无', 749058260664978888, '系统管理员');
INSERT INTO `sys_log` VALUES (757951590249402393, '2022-02-11 09:44:17', '127.0.0.1', '/yinxing-web/AppController/login', '登录系统', 'POST', '{\"username\":\"admin123\",\"password\":\"123456\"}', 137, '{\"authToken\":\"4f533b15-7af5-4c8a-ac0e-3654957851ad\",\"jwtToken\":\"\",\"loginTime\":1644543857257,\"permissions\":[\"/AppController/passwordReset\"],\"profile\":\"https://pfks-oss-center.oss-cn-beijing.aliyuncs.com/751544757301415940.png\",\"roles\":[\"admin\"],\"userHost\":\"127.0.0.1\",\"userId\":749058260664978888,\"username\":\"系统管理员\"}', b'0', '无', 749058260664978888, '系统管理员');
INSERT INTO `sys_log` VALUES (757951611296419866, '2022-02-11 09:44:22', '127.0.0.1', '/yinxing-web/SysLogController/selectPage', '', 'GET', NULL, 2519, NULL, b'0', '无', 749058260664978888, '系统管理员');
INSERT INTO `sys_log` VALUES (757951643147964443, '2022-02-11 09:44:30', '127.0.0.1', '/yinxing-web/SysLogController/selectPage', '', 'GET', NULL, 171, NULL, b'0', '无', 749058260664978888, '系统管理员');
INSERT INTO `sys_log` VALUES (757951945834106905, '2022-02-11 09:45:42', '127.0.0.1', '/yinxing-web/AppController/login', '登录系统', 'POST', '{\"username\":\"admin123\",\"password\":\"123456\"}', 138, '{\"authToken\":\"6751e69c-8234-47b6-bc95-1469fe5fe486\",\"jwtToken\":\"\",\"loginTime\":1644543942029,\"permissions\":[\"/AppController/passwordReset\"],\"profile\":\"https://pfks-oss-center.oss-cn-beijing.aliyuncs.com/751544757301415940.png\",\"roles\":[\"admin\"],\"userHost\":\"127.0.0.1\",\"userId\":749058260664978888,\"username\":\"系统管理员\"}', b'0', '无', 749058260664978888, '系统管理员');
INSERT INTO `sys_log` VALUES (757951957087424538, '2022-02-11 09:45:45', '127.0.0.1', '/yinxing-web/SysLogController/selectPage', '', 'GET', NULL, 179, NULL, b'0', '无', 749058260664978888, '系统管理员');
INSERT INTO `sys_log` VALUES (757951975202623515, '2022-02-11 09:45:49', '127.0.0.1', '/yinxing-web/SysLogController/selectPage', '', 'GET', NULL, 173, NULL, b'0', '无', 749058260664978888, '系统管理员');
INSERT INTO `sys_log` VALUES (757951987307384860, '2022-02-11 09:45:52', '127.0.0.1', '/yinxing-web/SysLogController/selectPage', '', 'GET', NULL, 169, NULL, b'0', '无', 749058260664978888, '系统管理员');
INSERT INTO `sys_log` VALUES (757951992395075613, '2022-02-11 09:45:53', '127.0.0.1', '/yinxing-web/SysLogController/selectPage', '', 'GET', NULL, 171, NULL, b'0', '无', 749058260664978888, '系统管理员');
INSERT INTO `sys_log` VALUES (757951995985399838, '2022-02-11 09:45:54', '127.0.0.1', '/yinxing-web/SysLogController/selectPage', '', 'GET', NULL, 169, NULL, b'0', '无', 749058260664978888, '系统管理员');
INSERT INTO `sys_log` VALUES (757951999730913311, '2022-02-11 09:45:55', '127.0.0.1', '/yinxing-web/SysLogController/selectPage', '', 'GET', NULL, 173, NULL, b'0', '无', 749058260664978888, '系统管理员');
INSERT INTO `sys_log` VALUES (757952002889224224, '2022-02-11 09:45:56', '127.0.0.1', '/yinxing-web/SysLogController/selectPage', '', 'GET', NULL, 145, NULL, b'0', '无', 749058260664978888, '系统管理员');
INSERT INTO `sys_log` VALUES (757952298172420121, '2022-02-11 09:47:06', '127.0.0.1', '/yinxing-web/AppController/login', '登录系统', 'POST', '{\"username\":\"admin123\",\"password\":\"123456\"}', 154, '{\"authToken\":\"bed2771d-9ab2-49c9-9a26-cd40db6b2c91\",\"jwtToken\":\"\",\"loginTime\":1644544026026,\"permissions\":[\"/AppController/passwordReset\"],\"profile\":\"https://pfks-oss-center.oss-cn-beijing.aliyuncs.com/751544757301415940.png\",\"roles\":[\"admin\"],\"userHost\":\"127.0.0.1\",\"userId\":749058260664978888,\"username\":\"系统管理员\"}', b'0', '无', 749058260664978888, '系统管理员');
INSERT INTO `sys_log` VALUES (757952307961925658, '2022-02-11 09:47:09', '127.0.0.1', '/yinxing-web/SysLogController/selectPage', '', 'GET', NULL, 182, NULL, b'0', '无', 749058260664978888, '系统管理员');
INSERT INTO `sys_log` VALUES (757952317969535003, '2022-02-11 09:47:11', '127.0.0.1', '/yinxing-web/SysLogController/selectPage', '', 'GET', NULL, 172, NULL, b'0', '无', 749058260664978888, '系统管理员');
INSERT INTO `sys_log` VALUES (757952335975682076, '2022-02-11 09:47:15', '127.0.0.1', '/yinxing-web/SysLogController/selectPage', '', 'GET', NULL, 170, NULL, b'0', '无', 749058260664978888, '系统管理员');
INSERT INTO `sys_log` VALUES (757959109772448471, '2022-02-11 10:14:10', '127.0.0.1', '/yinxing-web/AppController/login', '登录系统', 'POST', '{\"username\":\"admin123\",\"password\":\"123456\"}', 120, '{\"authToken\":\"87d71fe8-8c25-4b81-8405-c2fe5c19ccb4\",\"jwtToken\":\"\",\"loginTime\":1644545650153,\"permissions\":[\"/AppController/passwordReset\"],\"profile\":\"https://pfks-oss-center.oss-cn-beijing.aliyuncs.com/751544757301415940.png\",\"roles\":[\"admin\"],\"userHost\":\"127.0.0.1\",\"userId\":749058260664978888,\"username\":\"系统管理员\"}', b'0', '无', 749058260664978888, '系统管理员');
INSERT INTO `sys_log` VALUES (758005063108138391, '2022-02-11 13:16:46', '127.0.0.1', '/yinxing-web/AppController/login', '登录系统', 'POST', '{\"username\":\"admin123\",\"password\":\"123456\"}', 124, '{\"authToken\":\"23d97c59-0694-4255-b994-71b7b4b12692\",\"jwtToken\":\"\",\"loginTime\":1644556606282,\"permissions\":[\"/AppController/passwordReset\"],\"profile\":\"https://pfks-oss-center.oss-cn-beijing.aliyuncs.com/751544757301415940.png\",\"roles\":[\"admin\"],\"userHost\":\"127.0.0.1\",\"userId\":749058260664978888,\"username\":\"系统管理员\"}', b'0', '无', 749058260664978888, '系统管理员');
INSERT INTO `sys_log` VALUES (758027677105002630, '2022-02-11 14:46:38', '127.0.0.1', '/yinxing-web/SysLogController/selectPage', '', 'GET', NULL, 189, NULL, b'0', '无', 749058260664978888, '系统管理员');
INSERT INTO `sys_log` VALUES (758050335184001263, '2022-02-11 16:16:40', '127.0.0.1', '/yinxing-web/AppController/login', '登录系统', 'POST', '{\"username\":\"admin123\",\"password\":\"123456\"}', 114, '{\"authToken\":\"dd901ed0-1dd0-4701-9ec7-79a5bec7486b\",\"jwtToken\":\"\",\"loginTime\":1644567399990,\"permissions\":[\"/AppController/passwordReset\"],\"profile\":\"https://pfks-oss-center.oss-cn-beijing.aliyuncs.com/751544757301415940.png\",\"roles\":[\"admin\"],\"userHost\":\"127.0.0.1\",\"userId\":749058260664978888,\"username\":\"系统管理员\"}', b'0', '无', 749058260664978888, '系统管理员');
INSERT INTO `sys_log` VALUES (758055675359268924, '2022-02-11 16:37:53', '127.0.0.1', '/yinxing-web/AppController/login', '登录系统', 'POST', '{\"username\":\"admin123\",\"password\":\"123456\"}', 151, '{\"authToken\":\"0a96a705-0946-4e21-b8bb-a378546dcffd\",\"jwtToken\":\"\",\"loginTime\":1644568673116,\"permissions\":[\"/AppController/passwordReset\"],\"profile\":\"https://pfks-oss-center.oss-cn-beijing.aliyuncs.com/751544757301415940.png\",\"roles\":[\"admin\"],\"userHost\":\"127.0.0.1\",\"userId\":749058260664978888,\"username\":\"系统管理员\"}', b'0', '无', 749058260664978888, '系统管理员');
INSERT INTO `sys_log` VALUES (758059666428268594, '2022-02-11 16:53:45', '127.0.0.1', '/yinxing-web/AppController/login', '登录系统', 'POST', '{\"username\":\"admin123\",\"password\":\"123456\"}', 141, '{\"authToken\":\"ec30a0be-86c9-46ee-aa9c-032087e819bb\",\"jwtToken\":\"\",\"loginTime\":1644569624662,\"permissions\":[\"/AppController/passwordReset\"],\"profile\":\"https://pfks-oss-center.oss-cn-beijing.aliyuncs.com/751544757301415940.png\",\"roles\":[\"admin\"],\"userHost\":\"127.0.0.1\",\"userId\":749058260664978888,\"username\":\"系统管理员\"}', b'0', '无', 749058260664978888, '系统管理员');
INSERT INTO `sys_log` VALUES (758061448323797042, '2022-02-11 17:00:50', '127.0.0.1', '/yinxing-web/AppController/login', '登录系统', 'POST', '{\"username\":\"admin123\",\"password\":\"123456\"}', 153, '{\"authToken\":\"abc804e6-88c9-4e42-9ce0-2300b6546cf4\",\"jwtToken\":\"\",\"loginTime\":1644570049485,\"permissions\":[\"/AppController/passwordReset\"],\"profile\":\"https://pfks-oss-center.oss-cn-beijing.aliyuncs.com/751544757301415940.png\",\"roles\":[\"admin\"],\"userHost\":\"127.0.0.1\",\"userId\":749058260664978888,\"username\":\"系统管理员\"}', b'0', '无', 749058260664978888, '系统管理员');
INSERT INTO `sys_log` VALUES (758316995149172786, '2022-02-12 09:56:17', '127.0.0.1', '/yinxing-web/AppController/login', '登录系统', 'POST', '{\"username\":\"admin123\",\"password\":\"123456\"}', 132, '{\"authToken\":\"c59a03f0-d192-436b-8d0b-097e0313eb62\",\"jwtToken\":\"\",\"loginTime\":1644630976553,\"permissions\":[\"/AppController/passwordReset\"],\"profile\":\"https://pfks-oss-center.oss-cn-beijing.aliyuncs.com/751544757301415940.png\",\"roles\":[\"admin\"],\"userHost\":\"127.0.0.1\",\"userId\":749058260664978888,\"username\":\"系统管理员\"}', b'0', '无', 749058260664978888, '系统管理员');
INSERT INTO `sys_log` VALUES (758317004401807411, '2022-02-12 09:56:19', '127.0.0.1', '/yinxing-web/SysLogController/selectPage', '', 'GET', NULL, 170, NULL, b'0', '无', 749058260664978888, '系统管理员');
INSERT INTO `sys_log` VALUES (758325216702238822, '2022-02-12 10:28:57', '127.0.0.1', '/yinxing-web/SysLogController/selectPage', '', 'GET', NULL, 188, NULL, b'0', '无', 749058260664978888, '系统管理员');
INSERT INTO `sys_log` VALUES (758338803671896089, '2022-02-12 11:22:56', '127.0.0.1', '/yinxing-web/AppController/login', '登录系统', 'POST', '{\"username\":\"admin123\",\"password\":\"123456\"}', 134, '{\"authToken\":\"b358a341-3c63-438a-8e48-a859823edb21\",\"jwtToken\":\"\",\"loginTime\":1644636176149,\"permissions\":[\"/AppController/passwordReset\"],\"profile\":\"https://pfks-oss-center.oss-cn-beijing.aliyuncs.com/751544757301415940.png\",\"roles\":[\"admin\"],\"userHost\":\"127.0.0.1\",\"userId\":749058260664978888,\"username\":\"系统管理员\"}', b'0', '无', 749058260664978888, '系统管理员');
INSERT INTO `sys_log` VALUES (758338915672395802, '2022-02-12 11:23:23', '127.0.0.1', '/yinxing-web/SysLogController/selectPage', '', 'GET', NULL, 119, NULL, b'0', '无', 749058260664978888, '系统管理员');
INSERT INTO `sys_log` VALUES (758362557500231730, '2022-02-12 12:57:20', '127.0.0.1', '/yinxing-web/AppController/login', '登录系统', 'POST', '{\"username\":\"admin123\",\"password\":\"123456\"}', 124, '{\"authToken\":\"ee4943e6-6293-4172-a769-56323bda08a8\",\"jwtToken\":\"\",\"loginTime\":1644641839479,\"permissions\":[\"/AppController/passwordReset\"],\"profile\":\"https://pfks-oss-center.oss-cn-beijing.aliyuncs.com/751544757301415940.png\",\"roles\":[\"admin\"],\"userHost\":\"127.0.0.1\",\"userId\":749058260664978888,\"username\":\"系统管理员\"}', b'0', '无', 749058260664978888, '系统管理员');
INSERT INTO `sys_log` VALUES (758403113353876509, '2022-02-12 15:38:29', '127.0.0.1', '/yinxing-web/AppController/login', '登录系统', 'POST', '{\"username\":\"admin123\",\"password\":\"123456\"}', 109, '{\"authToken\":\"9aadbd52-1c6e-4f84-a8b9-02912c39d531\",\"jwtToken\":\"\",\"loginTime\":1644651508868,\"permissions\":[\"/AppController/passwordReset\"],\"profile\":\"https://pfks-oss-center.oss-cn-beijing.aliyuncs.com/751544757301415940.png\",\"roles\":[\"admin\"],\"userHost\":\"127.0.0.1\",\"userId\":749058260664978888,\"username\":\"系统管理员\"}', b'0', '无', 749058260664978888, '系统管理员');
INSERT INTO `sys_log` VALUES (758405100740940964, '2022-02-12 15:46:23', '127.0.0.1', '/yinxing-web/SysLogController/selectPage', '', 'GET', NULL, 144, NULL, b'0', '无', 749058260664978888, '系统管理员');
INSERT INTO `sys_log` VALUES (758409072671330328, '2022-02-12 16:02:10', '127.0.0.1', '/yinxing-web/AppController/login', '登录系统', 'POST', '{\"username\":\"admin123\",\"password\":\"123456\"}', 117, '{\"authToken\":\"d29f4ffb-021a-4f8a-a140-ff0e3874a8f3\",\"jwtToken\":\"\",\"loginTime\":1644652929617,\"permissions\":[\"/AppController/passwordReset\"],\"profile\":\"https://pfks-oss-center.oss-cn-beijing.aliyuncs.com/751544757301415940.png\",\"roles\":[\"admin\"],\"userHost\":\"127.0.0.1\",\"userId\":749058260664978888,\"username\":\"系统管理员\"}', b'0', '无', 749058260664978888, '系统管理员');
INSERT INTO `sys_log` VALUES (758409450653618201, '2022-02-12 16:03:40', '127.0.0.1', '/yinxing-web/AppController/logout', '退出登录', 'POST', '{}', 45800, '\"退出登录成功\"', b'0', '无', NULL, NULL);
INSERT INTO `sys_log` VALUES (759463785063911538, '2022-02-15 13:53:13', '127.0.0.1', '/yinxing-web/AppController/systemInfo', '获取系统运行信息', 'GET', '{}', 1050, '{\"cpu\":{\"cpuNum\":4,\"sys\":\"6.65%\",\"totalFree\":\"79.29%\",\"used\":\"13.28%\",\"wait\":\"0%\"},\"cpuPie\":[{\"data\":7929,\"name\":\"79.29%\"},{\"data\":665,\"name\":\"6.65%\"},{\"data\":1327,\"name\":\"13.28%\"}],\"jvm\":{\"free\":\"965.57MB\",\"home\":\"E:\\\\Software\\\\Java\\\\jdk-11.0.10\",\"max\":\"15.97GB\",\"runTime\":\"0天-4小时-48分钟\",\"startTime\":\"2022-02-15 09:04:51\",\"total\":\"1.2GB\",\"use\":\"266.43MB\",\"usedRate\":\"21.63%\",\"version\":\"11.0.10\"},\"mem\":{\"free\":\"44.9GB\",\"total\":\"63.86GB\",\"used\":\"18.96GB\",\"usedRate\":\"29.69%\"},\"sys\":{\"computerIp\":\"192.168.1.124\",\"computerName\":\"GEXIN-PC\",\"osArch\":\"amd64\",\"osName\":\"Windows 10\",\"userDir\":\"F:\\\\IdeaProjects\\\\YinXing\"},\"sysFiles\":[{\"dirName\":\"C:\\\\\",\"free\":\"30.6 GB\",\"sysTypeName\":\"NTFS\",\"total\":\"111.1 GB\",\"typeName\":\"本地固定磁盘 (C:)\",\"usage\":72.45,\"used\":\"80.5 GB\"},{\"dirName\":\"D:\\\\\",\"free\":\"73.6 GB\",\"sysTypeName\":\"NTFS\",\"total\":\"345.6 GB\",\"typeName\":\"本地固定磁盘 (D:)\",\"usage\":78.71,\"used\":\"272.0 GB\"},{\"dirName\":\"E:\\\\\",\"free\":\"161.0 GB\",\"sysTypeName\":\"NTFS\",\"total\":\"293.0 GB\",\"typeName\":\"本地固定磁盘 (E:)\",\"usage\":45.06,\"used\":\"132.0 GB\"},{\"dirName\":\"F:\\\\\",\"free\":\"184.7 GB\",\"sysTypeName\":\"NTFS\",\"total\":\"293.0 GB\",\"typeName\":\"本地固定磁盘 (F:)\",\"usage\":36.94,\"used\":\"108.2 GB\"}]}', b'0', '无', NULL, NULL);
INSERT INTO `sys_log` VALUES (759464060667433075, '2022-02-15 13:54:18', '127.0.0.1', '/yinxing-web/AppController/systemInfo', '获取系统运行信息', 'GET', '{}', 1067, '{\"cpu\":{\"cpuNum\":4,\"sys\":\"8.47%\",\"totalFree\":\"68.87%\",\"used\":\"22.3%\",\"wait\":\"0%\"},\"cpuPie\":[{\"data\":6886,\"name\":\"68.87%\"},{\"data\":846,\"name\":\"8.47%\"},{\"data\":2229,\"name\":\"22.3%\"}],\"jvm\":{\"free\":\"961.09MB\",\"home\":\"E:\\\\Software\\\\Java\\\\jdk-11.0.10\",\"max\":\"15.97GB\",\"runTime\":\"0天-4小时-49分钟\",\"startTime\":\"2022-02-15 09:04:51\",\"total\":\"1.2GB\",\"use\":\"270.91MB\",\"usedRate\":\"21.99%\",\"version\":\"11.0.10\"},\"mem\":{\"free\":\"44.9GB\",\"total\":\"63.86GB\",\"used\":\"18.97GB\",\"usedRate\":\"29.7%\"},\"sys\":{\"computerIp\":\"192.168.1.124\",\"computerName\":\"GEXIN-PC\",\"osArch\":\"amd64\",\"osName\":\"Windows 10\",\"userDir\":\"F:\\\\IdeaProjects\\\\YinXing\"},\"sysFiles\":[{\"dirName\":\"C:\\\\\",\"free\":\"30.6 GB\",\"sysTypeName\":\"NTFS\",\"total\":\"111.1 GB\",\"typeName\":\"本地固定磁盘 (C:)\",\"usage\":72.45,\"used\":\"80.5 GB\"},{\"dirName\":\"D:\\\\\",\"free\":\"73.6 GB\",\"sysTypeName\":\"NTFS\",\"total\":\"345.6 GB\",\"typeName\":\"本地固定磁盘 (D:)\",\"usage\":78.71,\"used\":\"272.0 GB\"},{\"dirName\":\"E:\\\\\",\"free\":\"161.0 GB\",\"sysTypeName\":\"NTFS\",\"total\":\"293.0 GB\",\"typeName\":\"本地固定磁盘 (E:)\",\"usage\":45.06,\"used\":\"132.0 GB\"},{\"dirName\":\"F:\\\\\",\"free\":\"184.7 GB\",\"sysTypeName\":\"NTFS\",\"total\":\"293.0 GB\",\"typeName\":\"本地固定磁盘 (F:)\",\"usage\":36.94,\"used\":\"108.2 GB\"}]}', b'0', '无', NULL, NULL);
INSERT INTO `sys_log` VALUES (759464483033845876, '2022-02-15 13:55:59', '127.0.0.1', '/yinxing-web/AppController/systemInfo', '获取系统运行信息', 'GET', '{}', 1092, '{\"cpu\":{\"cpuNum\":4,\"sys\":\"3.9%\",\"totalFree\":\"71.89%\",\"used\":\"23.44%\",\"wait\":\"0%\"},\"cpuPie\":[{\"data\":7188,\"name\":\"71.89%\"},{\"data\":390,\"name\":\"3.9%\"},{\"data\":2343,\"name\":\"23.44%\"}],\"jvm\":{\"free\":\"955.6MB\",\"home\":\"E:\\\\Software\\\\Java\\\\jdk-11.0.10\",\"max\":\"15.97GB\",\"runTime\":\"0天-4小时-51分钟\",\"startTime\":\"2022-02-15 09:04:51\",\"total\":\"1.2GB\",\"use\":\"276.4MB\",\"usedRate\":\"22.43%\",\"version\":\"11.0.10\"},\"mem\":{\"free\":\"44.85GB\",\"total\":\"63.86GB\",\"used\":\"19.01GB\",\"usedRate\":\"29.77%\"},\"sys\":{\"computerIp\":\"192.168.1.124\",\"computerName\":\"GEXIN-PC\",\"osArch\":\"amd64\",\"osName\":\"Windows 10\",\"userDir\":\"F:\\\\IdeaProjects\\\\YinXing\"},\"sysFiles\":[{\"dirName\":\"C:\\\\\",\"free\":\"30.6 GB\",\"sysTypeName\":\"NTFS\",\"total\":\"111.1 GB\",\"typeName\":\"本地固定磁盘 (C:)\",\"usage\":72.45,\"used\":\"80.5 GB\"},{\"dirName\":\"D:\\\\\",\"free\":\"73.6 GB\",\"sysTypeName\":\"NTFS\",\"total\":\"345.6 GB\",\"typeName\":\"本地固定磁盘 (D:)\",\"usage\":78.71,\"used\":\"272.0 GB\"},{\"dirName\":\"E:\\\\\",\"free\":\"161.0 GB\",\"sysTypeName\":\"NTFS\",\"total\":\"293.0 GB\",\"typeName\":\"本地固定磁盘 (E:)\",\"usage\":45.06,\"used\":\"132.0 GB\"},{\"dirName\":\"F:\\\\\",\"free\":\"184.7 GB\",\"sysTypeName\":\"NTFS\",\"total\":\"293.0 GB\",\"typeName\":\"本地固定磁盘 (F:)\",\"usage\":36.94,\"used\":\"108.2 GB\"}]}', b'0', '无', NULL, NULL);
INSERT INTO `sys_log` VALUES (759464682917597301, '2022-02-15 13:56:47', '127.0.0.1', '/yinxing-web/AppController/systemInfo', '获取系统运行信息', 'GET', '{}', 1068, NULL, b'0', '无', NULL, NULL);
INSERT INTO `sys_log` VALUES (759464767655121014, '2022-02-15 13:57:07', '127.0.0.1', '/yinxing-web/AppController/systemInfo', '获取系统运行信息', 'GET', '{\"test\":\"123\"}', 1049, NULL, b'0', '无', NULL, NULL);
INSERT INTO `sys_log` VALUES (759522606012567577, '2022-02-15 17:46:57', '127.0.0.1', '/yinxing-web/AppController/login', '登录系统', 'POST', '{\"username\":\"admin123\",\"password\":\"123456\"}', 397, '{\"authToken\":\"2349ada7-236d-44ba-8d79-98ec44817772\",\"deptName\":\"研发部\",\"jwtToken\":\"\",\"loginName\":\"admin123\",\"loginTime\":1644918416495,\"permissions\":[\"/AppController/passwordReset\"],\"profile\":\"https://pfks-oss-center.oss-cn-beijing.aliyuncs.com/751544757301415940.png\",\"roles\":[\"admin\"],\"userHost\":\"127.0.0.1\",\"userId\":749058260664978888,\"username\":\"系统管理员\"}', b'0', '无', 749058260664978888, '系统管理员');
INSERT INTO `sys_log` VALUES (759537552540700904, '2022-02-15 18:46:20', '127.0.0.1', '/yinxing-web/AppController/systemInfo', '获取系统运行信息', 'GET', '{\"_dc\":\"1644921977117\"}', 3099, NULL, b'0', '无', 749058260664978888, '系统管理员');
INSERT INTO `sys_log` VALUES (759538411601268994, '2022-02-15 18:49:45', '127.0.0.1', '/yinxing-web/AppController/systemInfo', '获取系统运行信息', 'GET', '{\"_dc\":\"1644922183748\"}', 1345, NULL, b'0', '无', 749058260664978888, '系统管理员');
INSERT INTO `sys_log` VALUES (759539023168540956, '2022-02-15 18:52:11', '127.0.0.1', '/yinxing-web/AppController/systemInfo', '获取系统运行信息', 'GET', '{\"_dc\":\"1644922329641\"}', 1268, NULL, b'0', '无', 749058260664978888, '系统管理员');
INSERT INTO `sys_log` VALUES (759548100758081871, '2022-02-15 19:28:15', '127.0.0.1', '/yinxing-web/AppController/systemInfo', '获取系统运行信息', 'GET', '{\"_dc\":\"1644924493747\"}', 1411, NULL, b'0', '无', 749058260664978888, '系统管理员');
INSERT INTO `sys_log` VALUES (759827628411719705, '2022-02-16 13:59:00', '127.0.0.1', '/yinxing-web/AppController/login', '登录系统', 'POST', '{\"username\":\"admin123\",\"password\":\"123456\"}', 313, '{\"authToken\":\"d305c0b7-ffa8-4a8d-977e-1f5e61c009e9\",\"deptName\":\"研发部\",\"jwtToken\":\"\",\"loginName\":\"admin123\",\"loginTime\":1644991139513,\"permissions\":[\"/AppController/passwordReset\"],\"profile\":\"https://pfks-oss-center.oss-cn-beijing.aliyuncs.com/751544757301415940.png\",\"roles\":[\"admin\"],\"userHost\":\"127.0.0.1\",\"userId\":749058260664978888,\"username\":\"系统管理员\"}', b'0', '无', 749058260664978888, '系统管理员');
INSERT INTO `sys_log` VALUES (759855412316082207, '2022-02-16 15:49:24', '127.0.0.1', '/yinxing-web/AppController/login', '登录系统', 'POST', NULL, 187, NULL, b'0', '无', 749058260664978888, '系统管理员');
INSERT INTO `sys_log` VALUES (760133090730446872, '2022-02-17 10:12:48', '127.0.0.1', '/yinxing-web/AppController/login', '登录系统', 'POST', NULL, 246, NULL, b'0', '无', 749058260664978888, '系统管理员');
INSERT INTO `sys_log` VALUES (760190519501525020, '2022-02-17 14:01:00', '127.0.0.1', '/yinxing-web/AppController/login', '登录系统', 'POST', NULL, 258, NULL, b'0', '无', 749058260664978888, '系统管理员');
INSERT INTO `sys_log` VALUES (760283182909231129, '2022-02-17 20:09:12', '127.0.0.1', '/yinxing-web/AppController/login', '登录系统', 'POST', NULL, 302, NULL, b'0', '无', 749058260664978888, '系统管理员');
INSERT INTO `sys_log` VALUES (760290267621363738, '2022-02-17 20:37:22', '127.0.0.1', '/yinxing-web/AppController/login', '登录系统', 'POST', NULL, 203, NULL, b'0', '无', 749058260664978889, '张三');
INSERT INTO `sys_log` VALUES (760290361896734747, '2022-02-17 20:37:44', '127.0.0.1', '/yinxing-web/AppController/login', '登录系统', 'POST', NULL, 241, NULL, b'0', '无', 749058260664978888, '系统管理员');
INSERT INTO `sys_log` VALUES (761571508857475097, '2022-02-21 09:28:33', '127.0.0.1', '/yinxing-web/AppController/login', '登录系统', 'POST', NULL, 317, NULL, b'0', '无', 749058260664978888, '系统管理员');
INSERT INTO `sys_log` VALUES (761590920469680153, '2022-02-21 10:45:41', '127.0.0.1', '/yinxing-web/AppController/login', '登录系统', 'POST', NULL, 205, NULL, b'0', '无', 749058260664978888, '系统管理员');
INSERT INTO `sys_log` VALUES (761643256667836440, '2022-02-21 14:13:39', '127.0.0.1', '/yinxing-web/AppController/login', '登录系统', 'POST', NULL, 190, NULL, b'0', '无', 749058260664978888, '系统管理员');
INSERT INTO `sys_log` VALUES (761648196794585112, '2022-02-21 14:33:17', '127.0.0.1', '/yinxing-web/AppController/login', '登录系统', 'POST', NULL, 193, NULL, b'0', '无', 749058260664978888, '系统管理员');
INSERT INTO `sys_log` VALUES (761964786236920009, '2022-02-22 11:31:18', '127.0.0.1', '/yinxing-web/AppController/login', '登录系统', 'POST', NULL, 149, NULL, b'0', '无', 749058260664978888, '系统管理员');
INSERT INTO `sys_log` VALUES (761999242117124120, '2022-02-22 13:48:13', '127.0.0.1', '/yinxing-web/AppController/login', '登录系统', 'POST', NULL, 173, NULL, b'0', '无', 749058260664978888, '系统管理员');
INSERT INTO `sys_log` VALUES (762053360839954457, '2022-02-22 17:23:16', '127.0.0.1', '/yinxing-web/AppController/login', '登录系统', 'POST', NULL, 410, NULL, b'0', '无', 749058260664978888, '系统管理员');
INSERT INTO `sys_log` VALUES (762306247914557465, '2022-02-23 10:08:09', '127.0.0.1', '/yinxing-web/AppController/login', '登录系统', 'POST', NULL, 265, NULL, b'0', '无', 749058260664978888, '系统管理员');
INSERT INTO `sys_log` VALUES (762320409097015321, '2022-02-23 11:04:25', '127.0.0.1', '/yinxing-web/AppController/login', '登录系统', 'POST', NULL, 442, NULL, b'0', '无', 749058260664978888, '系统管理员');
INSERT INTO `sys_log` VALUES (762320550667358235, '2022-02-23 11:04:59', '127.0.0.1', '/yinxing-web/AppController/login', '登录系统', 'POST', NULL, 226, NULL, b'0', '无', 749058260664978888, '系统管理员');
INSERT INTO `sys_log` VALUES (762358044544864281, '2022-02-23 13:33:58', '127.0.0.1', '/yinxing-web/AppController/login', '登录系统', 'POST', NULL, 172, NULL, b'0', '无', 749058260664978888, '系统管理员');
INSERT INTO `sys_log` VALUES (762359347148886041, '2022-02-23 13:39:09', '127.0.0.1', '/yinxing-web/AppController/login', '登录系统', 'POST', NULL, 203, NULL, b'0', '无', 749058260664978888, '系统管理员');
INSERT INTO `sys_log` VALUES (762363060173279256, '2022-02-23 13:53:54', '127.0.0.1', '/yinxing-web/AppController/login', '登录系统', 'POST', NULL, 218, NULL, b'0', '无', 749058260664978888, '系统管理员');
INSERT INTO `sys_log` VALUES (762363700907741211, '2022-02-23 13:56:27', '127.0.0.1', '/yinxing-web/AppController/login', '登录系统', 'POST', NULL, 179, NULL, b'0', '无', 749058260664978888, '系统管理员');
INSERT INTO `sys_log` VALUES (762674274757644313, '2022-02-24 10:30:33', '127.0.0.1', '/yinxing-web/AppController/login', '登录系统', 'POST', NULL, 284, NULL, b'0', '无', 749058260664978888, '系统管理员');
INSERT INTO `sys_log` VALUES (762744986314870885, '2022-02-24 15:11:32', '127.0.0.1', '/yinxing-web/AppController/login', '登录系统', 'POST', NULL, 147, NULL, b'0', '无', 749058260664978888, '系统管理员');
INSERT INTO `sys_log` VALUES (763030907299958808, '2022-02-25 10:07:41', '127.0.0.1', '/yinxing-web/AppController/login', '登录系统', 'POST', NULL, 375, NULL, b'0', '无', 749058260664978888, '系统管理员');
INSERT INTO `sys_log` VALUES (763031841568591922, '2022-02-25 10:11:24', '127.0.0.1', '/yinxing-web/AppController/login', '登录系统', 'POST', NULL, 174, NULL, b'0', '无', 749058260664978888, '系统管理员');
INSERT INTO `sys_log` VALUES (763032243601018956, '2022-02-25 10:13:00', '127.0.0.1', '/yinxing-web/AppController/login', '登录系统', 'POST', NULL, 157, NULL, b'0', '无', 749058260664978888, '系统管理员');
INSERT INTO `sys_log` VALUES (763049400531554881, '2022-02-25 11:21:10', '127.0.0.1', '/yinxing-web/AppController/login', '登录系统', 'POST', NULL, 156, NULL, b'0', '无', 749058260664978888, '系统管理员');
INSERT INTO `sys_log` VALUES (764110431383064605, '2022-02-28 09:37:20', '127.0.0.1', '/yinxing-web/AppController/login', '登录系统', 'POST', NULL, 273, NULL, b'0', '无', 749058260664978888, '系统管理员');
INSERT INTO `sys_log` VALUES (764110535942869047, '2022-02-28 09:37:45', '127.0.0.1', '/yinxing-web/AppController/login', '登录系统', 'POST', NULL, 182, NULL, b'0', '无', 749058260664978888, '系统管理员');
INSERT INTO `sys_log` VALUES (764110711231221817, '2022-02-28 09:38:26', '127.0.0.1', '/yinxing-web/AppController/login', '登录系统', 'POST', NULL, 174, NULL, b'0', '无', 749058260664978888, '系统管理员');
INSERT INTO `sys_log` VALUES (764110755762147386, '2022-02-28 09:38:37', '127.0.0.1', '/yinxing-web/AppController/login', '登录系统', 'POST', NULL, 187, NULL, b'0', '无', 749058260664978888, '系统管理员');
INSERT INTO `sys_log` VALUES (764110918182375509, '2022-02-28 09:39:16', '127.0.0.1', '/yinxing-web/AppController/login', '登录系统', 'POST', NULL, 188, NULL, b'0', '无', 749058260664978888, '系统管理员');
INSERT INTO `sys_log` VALUES (764110974402826326, '2022-02-28 09:39:29', '127.0.0.1', '/yinxing-web/AppController/login', '登录系统', 'POST', NULL, 178, NULL, b'0', '无', 749058260664978888, '系统管理员');
INSERT INTO `sys_log` VALUES (764111060985843799, '2022-02-28 09:39:50', '127.0.0.1', '/yinxing-web/AppController/login', '登录系统', 'POST', NULL, 184, NULL, b'0', '无', 749058260664978888, '系统管理员');
INSERT INTO `sys_log` VALUES (764111936332894322, '2022-02-28 09:43:18', '127.0.0.1', '/yinxing-web/AppController/login', '登录系统', 'POST', NULL, 179, NULL, b'0', '无', 749058260664978888, '系统管理员');
INSERT INTO `sys_log` VALUES (764111975025348724, '2022-02-28 09:43:28', '127.0.0.1', '/yinxing-web/AppController/login', '登录系统', 'POST', NULL, 180, NULL, b'0', '无', 749058260664978888, '系统管理员');
INSERT INTO `sys_log` VALUES (764112056235462798, '2022-02-28 09:43:47', '127.0.0.1', '/yinxing-web/AppController/login', '登录系统', 'POST', NULL, 181, NULL, b'0', '无', 749058260664978888, '系统管理员');
INSERT INTO `sys_log` VALUES (764112102318280872, '2022-02-28 09:43:58', '127.0.0.1', '/yinxing-web/AppController/login', '登录系统', 'POST', NULL, 172, NULL, b'0', '无', 749058260664978888, '系统管理员');
INSERT INTO `sys_log` VALUES (764112183884910762, '2022-02-28 09:44:17', '127.0.0.1', '/yinxing-web/AppController/login', '登录系统', 'POST', NULL, 171, NULL, b'0', '无', 749058260664978888, '系统管理员');
INSERT INTO `sys_log` VALUES (764112433039151300, '2022-02-28 09:45:17', '127.0.0.1', '/yinxing-web/AppController/login', '登录系统', 'POST', NULL, 171, NULL, b'0', '无', 749058260664978888, '系统管理员');
INSERT INTO `sys_log` VALUES (764112518330323142, '2022-02-28 09:45:37', '127.0.0.1', '/yinxing-web/AppController/login', '登录系统', 'POST', NULL, 179, NULL, b'0', '无', 749058260664978888, '系统管理员');
INSERT INTO `sys_log` VALUES (764112544712495303, '2022-02-28 09:45:43', '127.0.0.1', '/yinxing-web/AppController/login', '登录系统', 'POST', NULL, 176, NULL, b'0', '无', 749058260664978888, '系统管理员');
INSERT INTO `sys_log` VALUES (764112601385930953, '2022-02-28 09:45:57', '127.0.0.1', '/yinxing-web/AppController/login', '登录系统', 'POST', NULL, 168, NULL, b'0', '无', 749058260664978888, '系统管理员');
INSERT INTO `sys_log` VALUES (764492014829047833, '2022-03-01 10:53:36', '127.0.0.1', '/yinxing-web/AppController/login', '登录系统', 'POST', NULL, 277, NULL, b'0', '无', 749058260664978888, '系统管理员');
INSERT INTO `sys_log` VALUES (764564177158279193, '2022-03-01 15:40:21', '127.0.0.1', '/yinxing-web/AppController/login', '登录系统', 'POST', NULL, 308, NULL, b'0', '无', 749058260664978888, '系统管理员');
INSERT INTO `sys_log` VALUES (764564768546754589, '2022-03-01 15:42:42', '127.0.0.1', '/yinxing-web/AppController/login', '登录系统', 'POST', NULL, 182, NULL, b'0', '无', 749058260664978888, '系统管理员');
INSERT INTO `sys_log` VALUES (767065878104772633, '2022-03-08 13:21:13', '127.0.0.1', '/yinxing-web/AppController/login', '登录系统', 'POST', NULL, 318, NULL, b'0', '无', 749058260664978888, '系统管理员');
INSERT INTO `sys_log` VALUES (767110709380255769, '2022-03-08 16:19:22', '127.0.0.1', '/yinxing-web/AppController/login', '登录系统', 'POST', NULL, 196, NULL, b'0', '无', 749058260664978888, '系统管理员');
INSERT INTO `sys_log` VALUES (767118348029923352, '2022-03-08 16:49:43', '127.0.0.1', '/yinxing-web/AppController/login', '登录系统', 'POST', NULL, 230, NULL, b'0', '无', 749058260664978888, '系统管理员');
INSERT INTO `sys_log` VALUES (767120474638520344, '2022-03-08 16:58:10', '127.0.0.1', '/yinxing-web/AppController/login', '登录系统', 'POST', NULL, 288, NULL, b'0', '无', 749058260664978888, '系统管理员');
INSERT INTO `sys_log` VALUES (767369076136874009, '2022-03-09 09:26:01', '127.0.0.1', '/yinxing-web/AppController/login', '登录系统', 'POST', NULL, 321, NULL, b'0', '无', 749058260664978888, '系统管理员');
INSERT INTO `sys_log` VALUES (767372839593578520, '2022-03-09 09:40:58', '127.0.0.1', '/yinxing-web/AppController/login', '登录系统', 'POST', NULL, 234, NULL, b'0', '无', 749058260664978888, '系统管理员');
INSERT INTO `sys_log` VALUES (767727159551856665, '2022-03-10 09:08:55', '127.0.0.1', '/yinxing-web/AppController/login', '登录系统', 'POST', NULL, 268, NULL, b'0', '无', 749058260664978888, '系统管理员');
INSERT INTO `sys_log` VALUES (767741743838924877, '2022-03-10 10:06:52', '127.0.0.1', '/yinxing-web/AppController/login', '登录系统', 'POST', NULL, 161, NULL, b'0', '无', 749058260664978888, '系统管理员');
INSERT INTO `sys_log` VALUES (770621502503653401, '2022-03-18 08:50:00', '127.0.0.1', '/yinxing-web/AppController/login', '登录系统', 'POST', NULL, 264, NULL, b'0', '无', 749058260664978888, '系统管理员');
INSERT INTO `sys_log` VALUES (770622699885170712, '2022-03-18 08:54:45', '127.0.0.1', '/yinxing-web/AppController/login', '登录系统', 'POST', NULL, 193, NULL, b'0', '无', 749058260664978888, '系统管理员');
INSERT INTO `sys_log` VALUES (770628803050475544, '2022-03-18 09:19:00', '127.0.0.1', '/yinxing-web/AppController/login', '登录系统', 'POST', NULL, 222, NULL, b'0', '无', 749058260664978888, '系统管理员');
INSERT INTO `sys_log` VALUES (770641592657776665, '2022-03-18 10:09:50', '127.0.0.1', '/yinxing-web/AppController/login', '登录系统', 'POST', NULL, 175, NULL, b'0', '无', 749058260664978888, '系统管理员');
INSERT INTO `sys_log` VALUES (770642591606771736, '2022-03-18 10:13:48', '127.0.0.1', '/yinxing-web/AppController/login', '登录系统', 'POST', NULL, 191, NULL, b'0', '无', 749058260664978888, '系统管理员');
INSERT INTO `sys_log` VALUES (770642925754388504, '2022-03-18 10:15:08', '127.0.0.1', '/yinxing-web/AppController/login', '登录系统', 'POST', NULL, 178, NULL, b'0', '无', 749058260664978888, '系统管理员');
INSERT INTO `sys_log` VALUES (770674834815455256, '2022-03-18 12:21:55', '127.0.0.1', '/yinxing-web/AppController/login', '登录系统', 'POST', NULL, 150, NULL, b'0', '无', 749058260664978888, '系统管理员');
INSERT INTO `sys_log` VALUES (770675509951598616, '2022-03-18 12:24:36', '127.0.0.1', '/yinxing-web/AppController/login', '登录系统', 'POST', NULL, 153, NULL, b'0', '无', 749058260664978888, '系统管理员');
INSERT INTO `sys_log` VALUES (770693950909583384, '2022-03-18 13:37:53', '127.0.0.1', '/yinxing-web/AppController/login', '登录系统', 'POST', NULL, 162, NULL, b'0', '无', 749058260664978888, '系统管理员');
INSERT INTO `sys_log` VALUES (770720744048037913, '2022-03-18 15:24:21', '127.0.0.1', '/yinxing-web/AppController/login', '登录系统', 'POST', NULL, 223, NULL, b'0', '无', 749058260664978888, '系统管理员');
INSERT INTO `sys_log` VALUES (770733306818990104, '2022-03-18 16:14:16', '127.0.0.1', '/yinxing-web/AppController/login', '登录系统', 'POST', NULL, 203, NULL, b'0', '无', 749058260664978888, '系统管理员');
INSERT INTO `sys_log` VALUES (770744426812280857, '2022-03-18 16:58:27', '127.0.0.1', '/yinxing-web/AppController/login', '登录系统', 'POST', NULL, 195, NULL, b'0', '无', 749058260664978888, '系统管理员');
INSERT INTO `sys_log` VALUES (770748816482766872, '2022-03-18 17:15:54', '127.0.0.1', '/yinxing-web/AppController/login', '登录系统', 'POST', NULL, 273, NULL, b'0', '无', 749058260664978888, '系统管理员');
INSERT INTO `sys_log` VALUES (770749458756538392, '2022-03-18 17:18:27', '127.0.0.1', '/yinxing-web/AppController/login', '登录系统', 'POST', NULL, 221, NULL, b'0', '无', 749058260664978888, '系统管理员');
INSERT INTO `sys_log` VALUES (772475344778301465, '2022-03-23 03:36:30', '192.168.80.1', '/yinxing-web/AppController/login', '登录系统', 'POST', NULL, 87, NULL, b'0', '无', NULL, NULL);
INSERT INTO `sys_log` VALUES (772475379934957594, '2022-03-23 03:36:39', '192.168.80.1', '/yinxing-web/AppController/login', '登录系统', 'POST', NULL, 707, NULL, b'0', '无', 749058260664978888, '系统管理员');
INSERT INTO `sys_log` VALUES (772482824002474008, '2022-03-23 04:06:13', '192.168.80.1', '/yinxing-web/AppController/login', '登录系统', 'POST', NULL, 411, NULL, b'0', '无', 749058260664978888, '系统管理员');
INSERT INTO `sys_log` VALUES (783665480777994265, '2022-04-23 08:42:07', '127.0.0.1', '/yinxing-web/AppController/login', '登录系统', 'POST', NULL, 265, NULL, b'0', '无', 749058260664978888, '系统管理员');
INSERT INTO `sys_log` VALUES (784419369450082329, '2022-04-25 10:37:48', '127.0.0.1', '/yinxing-web/AppController/login', '登录系统', 'POST', NULL, 585, NULL, b'0', '无', 749058260664978888, '系统管理员');

-- ----------------------------
-- Table structure for sys_menu
-- ----------------------------
DROP TABLE IF EXISTS `sys_menu`;
CREATE TABLE `sys_menu`  (
  `Id_` bigint(20) UNSIGNED NOT NULL COMMENT '主键ID',
  `Name_` varchar(64) CHARACTER SET utf8 COLLATE utf8_general_ci NULL DEFAULT NULL COMMENT '菜单名称',
  `Index_` tinyint(3) UNSIGNED NULL DEFAULT NULL COMMENT '菜单顺序',
  `ParentId_` bigint(20) UNSIGNED NOT NULL COMMENT '父菜单ID',
  `Leaf_` bit(1) NULL DEFAULT NULL COMMENT '是否叶子节点',
  `IconCls_` varchar(64) CHARACTER SET utf8 COLLATE utf8_general_ci NULL DEFAULT NULL COMMENT '菜单文字左侧图标',
  `RowCls_` varchar(64) CHARACTER SET utf8 COLLATE utf8_general_ci NULL DEFAULT NULL COMMENT '菜单文字右侧图标',
  `ViewType_` varchar(64) CHARACTER SET utf8 COLLATE utf8_general_ci NULL DEFAULT NULL COMMENT '主视图名称',
  `Expanded_` bit(1) NULL DEFAULT NULL COMMENT '菜单是否展开',
  `Qtip_` varchar(64) CHARACTER SET utf8 COLLATE utf8_general_ci NULL DEFAULT NULL COMMENT '菜单鼠标悬停文本',
  `Stop_` bit(1) NULL DEFAULT NULL COMMENT '是否停用',
  PRIMARY KEY (`Id_`) USING BTREE,
  INDEX `Index_`(`Index_`) USING BTREE,
  INDEX `Stop_`(`Stop_`) USING BTREE
) ENGINE = InnoDB CHARACTER SET = utf8 COLLATE = utf8_general_ci COMMENT = '系统菜单表' ROW_FORMAT = DYNAMIC;

-- ----------------------------
-- Records of sys_menu
-- ----------------------------
INSERT INTO `sys_menu` VALUES (747076742044323841, '首页看板', 0, 0, b'0', 'x-fa fa-desktop', 'nav-tree-badge nav-tree-badge-hot', 'admindashboard', b'0', '首页统计分析', b'0');
INSERT INTO `sys_menu` VALUES (747108250423529473, 'Email', 0, 755474043154599941, b'1', 'x-fa fa-paper-plane', 'nav-tree-badge nav-tree-badge-new', 'email', b'0', NULL, b'0');
INSERT INTO `sys_menu` VALUES (747108574701948929, 'Profile', 1, 755474043154599941, b'1', 'x-fa fa-user', NULL, 'profile', b'0', NULL, b'0');
INSERT INTO `sys_menu` VALUES (747109044069732353, 'FAQ', 3, 755474043154599941, b'1', 'x-fa fa-question', NULL, 'faq', b'0', NULL, b'0');
INSERT INTO `sys_menu` VALUES (747132708441952257, 'Pages', 4, 755474043154599941, b'0', 'x-fa fa-tree', NULL, '', b'0', NULL, b'0');
INSERT INTO `sys_menu` VALUES (747133404369260545, 'Blank Page', 6, 747132708441952257, b'1', 'x-fa fa-lightbulb', NULL, 'pageblank', b'0', NULL, b'0');
INSERT INTO `sys_menu` VALUES (747139689537998849, '404 Error', 1, 747132708441952257, b'1', 'x-fa fa-exclamation-triangle', NULL, 'page404', b'0', NULL, b'0');
INSERT INTO `sys_menu` VALUES (747140057642700801, '500 Error', 2, 747132708441952257, b'1', 'x-fa fa-times-circle', NULL, 'page500', b'0', NULL, b'0');
INSERT INTO `sys_menu` VALUES (747140225091899393, 'Lock Screen', 3, 747132708441952257, b'1', 'x-fa fa-lock', NULL, 'lockscreen', b'0', NULL, b'0');
INSERT INTO `sys_menu` VALUES (747140401927950337, 'Login', 4, 747132708441952257, b'1', 'x-fa fa-check', NULL, 'login', b'0', NULL, b'0');
INSERT INTO `sys_menu` VALUES (747140941504188417, 'Register', 5, 747132708441952257, b'1', 'x-fa fa-edit', NULL, 'register', b'0', NULL, b'0');
INSERT INTO `sys_menu` VALUES (747141068495130625, 'Password Reset', 6, 747132708441952257, b'1', 'x-fa fa-lightbulb', NULL, 'passwordreset', b'0', NULL, b'0');
INSERT INTO `sys_menu` VALUES (747141472633098241, 'Widgets', 5, 755474043154599941, b'1', 'x-fa fa-flask', NULL, 'widgets', b'0', NULL, b'0');
INSERT INTO `sys_menu` VALUES (747141718490615809, 'Forms', 6, 755474043154599941, b'1', 'x-fa fa-edit', NULL, 'forms', b'0', '', b'0');
INSERT INTO `sys_menu` VALUES (747141860996288513, '示例5', 4, 755549399039479827, b'1', 'x-fa fa-chart-area', NULL, 'charts', b'0', NULL, b'0');
INSERT INTO `sys_menu` VALUES (747147462673829889, '菜单管理', 0, 758403223609545758, b'1', 'x-fab fa-leanpub', NULL, 'sys_menu_mainview', b'0', '', b'0');
INSERT INTO `sys_menu` VALUES (747991167228055555, 'Search results', 2, 755474043154599941, b'1', 'x-fa fa-search', NULL, 'searchresults', b'0', NULL, b'0');
INSERT INTO `sys_menu` VALUES (748671924581830665, '代码生成', 0, 758403731367793723, b'1', 'x-fa fa-file-code', NULL, 'sys_table_mainview', b'0', NULL, b'0');
INSERT INTO `sys_menu` VALUES (749256374927626243, '机构管理', 1, 758403223609545758, b'1', 'x-fa fa-university', NULL, 'sys_dept_mainview', b'0', NULL, b'0');
INSERT INTO `sys_menu` VALUES (749277088325963779, '字典类别', 2, 758403223609545758, b'1', 'x-fa fa-th-large', NULL, 'sys_dictype_mainview', b'0', NULL, b'0');
INSERT INTO `sys_menu` VALUES (749310933809106947, '字典管理', 3, 758403223609545758, b'1', 'x-fa fa-book', NULL, 'sys_dic_mainview', b'0', NULL, b'0');
INSERT INTO `sys_menu` VALUES (749358756193767439, '用户管理', 4, 758403223609545758, b'1', 'x-fa fa-user', NULL, 'sys_user_mainview', b'0', NULL, b'0');
INSERT INTO `sys_menu` VALUES (751206161667198987, '角色管理', 5, 758403223609545758, b'1', 'x-fa fa-user-circle', NULL, 'sys_role_mainview', b'0', NULL, b'0');
INSERT INTO `sys_menu` VALUES (753325068741906448, '权限管理', 6, 758403223609545758, b'1', 'x-fa fa-list', NULL, 'sys_permission_mainview', b'0', NULL, b'0');
INSERT INTO `sys_menu` VALUES (754324703669260306, '操作日志', 3, 758403731367793723, b'1', 'x-fa fa-edit', NULL, 'sys_log_mainview', b'0', NULL, b'0');
INSERT INTO `sys_menu` VALUES (754802839963963404, '系统消息', 1, 0, b'1', 'x-fa fa-bell', NULL, 'sys_message_mainview', b'0', NULL, b'0');
INSERT INTO `sys_menu` VALUES (755178958076645382, '系统监控', 5, 758403731367793723, b'1', 'x-fa fa-eye', NULL, 'sys_monitoring_mainview', b'0', NULL, b'0');
INSERT INTO `sys_menu` VALUES (755474043154599941, '综合示例', 6, 0, b'0', 'x-fa fa-folder-open', NULL, '', b'0', NULL, b'0');
INSERT INTO `sys_menu` VALUES (755549273990500370, 'pie2d', 0, 755856190638002198, b'1', 'x-fa fa-chart-pie', NULL, 'chart_pie2d_mainview', b'0', NULL, b'0');
INSERT INTO `sys_menu` VALUES (755549399039479827, '图表示例', 4, 0, b'0', 'x-fa fa-chart-area', NULL, '', b'0', NULL, b'0');
INSERT INTO `sys_menu` VALUES (755549404223639572, 'doughnut2d', 1, 755856190638002198, b'1', 'x-fa fa-chart-pie', NULL, 'chart_doughnut2d_mainview', b'0', NULL, b'0');
INSERT INTO `sys_menu` VALUES (755551130393645080, 'line', 0, 755856877610471450, b'1', 'x-fa fa-chart-line', NULL, 'chart_line_mainview', b'0', NULL, b'0');
INSERT INTO `sys_menu` VALUES (755551263952867353, 'column2d', 0, 755857249318080541, b'1', 'x-fa fa-chart-bar', NULL, 'chart_column2d_mainview', b'0', NULL, b'0');
INSERT INTO `sys_menu` VALUES (755551401848999962, 'mscolumn2d', 1, 755857249318080541, b'1', 'x-fa fa-chart-bar', NULL, 'chart_mscolumn2d_mainview', b'0', NULL, b'0');
INSERT INTO `sys_menu` VALUES (755835689752465411, 'pie3d', 2, 755856190638002198, b'1', 'x-fa fa-chart-pie', NULL, 'chart_pie3d_mainview', b'0', NULL, b'0');
INSERT INTO `sys_menu` VALUES (755839775897948163, 'msline', 1, 755856877610471450, b'1', 'x-fa fa-chart-line', NULL, 'chart_msline_mainview', b'0', NULL, b'0');
INSERT INTO `sys_menu` VALUES (755842608663760901, 'zoomline', 2, 755856877610471450, b'1', 'x-fa fa-chart-line', NULL, 'chart_zoomline_mainview', b'0', NULL, b'0');
INSERT INTO `sys_menu` VALUES (755843480915415047, 'multiaxisline', 3, 755856877610471450, b'1', 'x-fa fa-chart-line', NULL, 'chart_multiaxisline_mainview', b'0', NULL, b'0');
INSERT INTO `sys_menu` VALUES (755845902521995273, 'column3d', 2, 755857249318080541, b'1', 'x-fa fa-chart-bar', NULL, 'chart_column3d_mainview', b'0', NULL, b'0');
INSERT INTO `sys_menu` VALUES (755848668137000971, 'overlapped', 3, 755857249318080541, b'1', 'x-fa fa-chart-bar', NULL, 'chart_overlapped_mainview', b'0', NULL, b'0');
INSERT INTO `sys_menu` VALUES (755849820270366733, 'stackedcolumn2d', 4, 755857249318080541, b'1', 'x-fa fa-chart-bar', NULL, 'chart_stackedcolumn2d_mainview', b'0', NULL, b'0');
INSERT INTO `sys_menu` VALUES (755850054115397646, 'scrollstackedcolumn2d', 5, 755857249318080541, b'1', 'x-fa fa-chart-bar', NULL, 'chart_scrollstackedcolumn2d_mainview', b'0', NULL, b'0');
INSERT INTO `sys_menu` VALUES (755854684530544658, 'multilevelpie', 3, 755856190638002198, b'1', 'x-fa fa-chart-pie', NULL, 'chart_multilevelpie_mainview', b'0', NULL, b'0');
INSERT INTO `sys_menu` VALUES (755855465048576020, '示例1', 0, 755549399039479827, b'1', 'x-fa fa-chart-bar', NULL, 'chart_mscombidy2d_mainview', b'0', NULL, b'0');
INSERT INTO `sys_menu` VALUES (755856190638002198, '饼状图', 5, 755549399039479827, b'0', 'x-fa fa-chart-pie', NULL, '', b'0', NULL, b'0');
INSERT INTO `sys_menu` VALUES (755856877610471450, '折线图', 6, 755549399039479827, b'0', 'x-fa fa-chart-line', NULL, '', b'0', NULL, b'0');
INSERT INTO `sys_menu` VALUES (755857249318080541, '柱状图', 7, 755549399039479827, b'0', 'x-fa fa-chart-bar', NULL, '', b'0', NULL, b'0');
INSERT INTO `sys_menu` VALUES (755858216876904482, 'spline', 4, 755856877610471450, b'1', 'x-fa fa-chart-line', NULL, 'chart_spline_mainview', b'0', NULL, b'0');
INSERT INTO `sys_menu` VALUES (755858548432441380, 'area2d', 5, 755856877610471450, b'1', 'x-fa fa-chart-line', NULL, 'chart_area2d_mainview', b'0', NULL, b'0');
INSERT INTO `sys_menu` VALUES (755859206309023782, '示例2', 1, 755549399039479827, b'1', 'x-fa fa-chart-bar', NULL, 'chart_msstackedcolumn2dlinedy_mainview', b'0', NULL, b'0');
INSERT INTO `sys_menu` VALUES (755860927961763880, '示例4', 3, 755549399039479827, b'1', 'x-fa fa-chart-bar', NULL, 'chart_stackedarea2dlinedy_mainview', b'0', NULL, b'0');
INSERT INTO `sys_menu` VALUES (756302271947608065, '报表示例', 0, 757606532539093021, b'1', 'x-fa fa-file-excel', NULL, 'chart_aspose_mainview', b'0', NULL, b'0');
INSERT INTO `sys_menu` VALUES (757606532539093021, '表格示例', 5, 0, b'0', 'x-fa fa-table', NULL, '', b'0', NULL, b'0');
INSERT INTO `sys_menu` VALUES (757606590495985694, '单元格组件', 1, 757606532539093021, b'1', 'x-fa fa-th', NULL, 'grid_cellwidget_mainview', b'0', '', b'0');
INSERT INTO `sys_menu` VALUES (757666559660527654, 'bar2d', 6, 755857249318080541, b'1', 'x-fa fa-chart-bar', NULL, 'chart_bar2d_mainview', b'0', NULL, b'0');
INSERT INTO `sys_menu` VALUES (757667340266639400, 'stackedbar2d', 7, 755857249318080541, b'1', 'x-fa fa-chart-bar', NULL, 'chart_stackedbar2d_mainview', b'0', NULL, b'0');
INSERT INTO `sys_menu` VALUES (757669149760688170, '示例3', 2, 755549399039479827, b'1', 'x-fa fa-chart-bar', NULL, 'chart_mscombidy3d_mainview', b'0', NULL, b'0');
INSERT INTO `sys_menu` VALUES (757959155121263320, '表格实时刷新', 2, 757606532539093021, b'1', 'x-fa fa-life-ring', NULL, 'grid_ticker_mainview', b'0', NULL, b'0');
INSERT INTO `sys_menu` VALUES (758032607719069856, '表格行折展', 3, 757606532539093021, b'1', 'x-fa fa-plus-square', NULL, 'grid_expander_mainview', b'0', NULL, b'0');
INSERT INTO `sys_menu` VALUES (758050370529401072, '表格行编辑', 4, 757606532539093021, b'1', 'x-fa fa-credit-card', NULL, 'grid_rowediting_mainview', b'0', NULL, b'0');
INSERT INTO `sys_menu` VALUES (758362672898117683, '表格内存查询', 5, 757606532539093021, b'1', 'x-fa fa-object-group', NULL, 'grid_employee_mainview', b'0', NULL, b'0');
INSERT INTO `sys_menu` VALUES (758403223609545758, '系统管理', 2, 0, b'0', 'x-fa fa-cog', NULL, '', b'1', NULL, b'0');
INSERT INTO `sys_menu` VALUES (758403731367793723, '系统工具', 3, 0, b'0', 'x-fa fa-wrench', NULL, '', b'1', NULL, b'0');
INSERT INTO `sys_menu` VALUES (758702118881333355, '表格分组统计', 6, 757606532539093021, b'1', 'x-fa fa-sitemap', NULL, 'grid_summary_mainview', b'0', NULL, b'0');
INSERT INTO `sys_menu` VALUES (758716052338250262, '表格复制黏贴', 7, 757606532539093021, b'1', 'x-fa fa-newspaper', NULL, 'grid_spreadsheet_mainview', b'0', NULL, b'0');
INSERT INTO `sys_menu` VALUES (758736510177644596, '在线用户', 6, 758403731367793723, b'1', 'x-fa fa-address-card', NULL, 'sys_onlineuser_mainview', b'0', NULL, b'0');
INSERT INTO `sys_menu` VALUES (760221737840414796, '生成测试', 7, 758403731367793723, b'1', 'x-fa fa-rocket', NULL, 'sys_generator_mainview', b'0', NULL, b'0');
INSERT INTO `sys_menu` VALUES (767106102184775717, '任务管理', 4, 758403731367793723, b'1', 'x-fa fa-tasks', NULL, 'sys_task_mainview', b'0', NULL, b'0');
INSERT INTO `sys_menu` VALUES (770630052672049177, '系统配置', 1, 758403731367793723, b'1', 'x-fa fa-newspaper', NULL, 'sys_config_mainview', b'0', NULL, b'0');
INSERT INTO `sys_menu` VALUES (770695726228443161, '系统日志', 2, 758403731367793723, b'1', 'x-fa fa-building', NULL, 'sys_logback_mainview', b'0', NULL, b'0');

-- ----------------------------
-- Table structure for sys_message
-- ----------------------------
DROP TABLE IF EXISTS `sys_message`;
CREATE TABLE `sys_message`  (
  `Id_` bigint(20) UNSIGNED NOT NULL COMMENT 'PK',
  `SysUserId_` bigint(20) UNSIGNED NULL DEFAULT NULL COMMENT '用户表ID',
  `CreateTime_` datetime NULL DEFAULT NULL COMMENT '创建时间',
  `CreateUser_` varchar(32) CHARACTER SET utf8 COLLATE utf8_general_ci NULL DEFAULT NULL COMMENT '创建用户',
  `SysDicId_` bigint(20) UNSIGNED NULL DEFAULT NULL COMMENT '消息类型ID',
  `Message_` varchar(512) CHARACTER SET utf8 COLLATE utf8_general_ci NULL DEFAULT NULL COMMENT '消息内容',
  `IsRead_` bit(1) NULL DEFAULT NULL COMMENT '是否阅读',
  `ReadTime_` datetime NULL DEFAULT NULL COMMENT '阅读时间',
  PRIMARY KEY (`Id_`) USING BTREE,
  INDEX `SysUserId_`(`SysUserId_`) USING BTREE,
  INDEX `SysDicId_`(`SysDicId_`) USING BTREE,
  INDEX `IsRead_`(`IsRead_`) USING BTREE
) ENGINE = InnoDB CHARACTER SET = utf8 COLLATE = utf8_general_ci ROW_FORMAT = Compact;

-- ----------------------------
-- Records of sys_message
-- ----------------------------
INSERT INTO `sys_message` VALUES (755051873635012629, 749058260664978888, '2022-02-03 09:41:51', '温故知新', 752608314117984269, '您有新的退款订单需要及时处理', b'0', NULL);
INSERT INTO `sys_message` VALUES (755051898557566998, 749058260664978888, '2022-02-03 09:41:57', '温故知新', 752608314117984269, '您有新的退款订单需要及时处理', b'0', NULL);
INSERT INTO `sys_message` VALUES (755051901644574743, 749058260664978888, '2022-02-03 09:41:58', '温故知新', 752608314117984269, '您有新的退款订单需要及时处理', b'1', '2022-02-03 10:00:56');
INSERT INTO `sys_message` VALUES (755051904651890712, 749058260664978888, '2022-02-03 09:41:59', '温故知新', 752608314117984269, '您有新的退款订单需要及时处理', b'1', '2022-02-03 10:00:56');
INSERT INTO `sys_message` VALUES (755051959089762329, 749058260664978888, '2022-02-03 09:42:12', '温故知新', 752608314117984269, '您有新的退款订单需要及时处理', b'1', '2022-02-03 10:00:55');
INSERT INTO `sys_message` VALUES (755051962248073242, 749058260664978888, '2022-02-03 09:42:12', '温故知新', 752608314117984269, '您有新的退款订单需要及时处理', b'1', '2022-02-03 10:00:55');
INSERT INTO `sys_message` VALUES (755051964978565147, 749058260664978888, '2022-02-03 09:42:13', '温故知新', 752608314117984269, '您有新的退款订单需要及时处理', b'1', '2022-02-03 10:00:54');
INSERT INTO `sys_message` VALUES (755051967822303260, 749058260664978888, '2022-02-03 09:42:14', '温故知新', 752608314117984269, '您有新的退款订单需要及时处理', b'1', '2022-02-03 10:00:54');
INSERT INTO `sys_message` VALUES (755052015964524573, 749058260664978888, '2022-02-03 09:42:25', '温故知新', 752608314117984269, '您有新的退款订单需要及时处理', b'1', '2022-02-03 10:00:53');
INSERT INTO `sys_message` VALUES (755052021207404574, 749058260664978888, '2022-02-03 09:42:26', '温故知新', 752608314117984269, '您有新的退款订单需要及时处理', b'1', '2022-02-03 10:00:53');
INSERT INTO `sys_message` VALUES (755052025569480735, 749058260664978888, '2022-02-03 09:42:27', '温故知新', 752608314117984269, '您有新的退款订单需要及时处理', b'1', '2022-02-03 10:00:52');
INSERT INTO `sys_message` VALUES (755052029075918880, 749058260664978888, '2022-02-03 09:42:28', '温故知新', 752608314117984269, '您有新的退款订单需要及时处理', b'0', NULL);
INSERT INTO `sys_message` VALUES (755052031810605089, 749058260664978888, '2022-02-03 09:42:29', '温故知新', 752608314117984269, '您有新的退款订单需要及时处理', b'1', '2022-02-03 09:42:47');
INSERT INTO `sys_message` VALUES (755052034973110306, 749058260664978888, '2022-02-03 09:42:30', '温故知新', 752608314117984269, '您有新的退款订单需要及时处理', b'1', '2022-02-03 09:42:48');
INSERT INTO `sys_message` VALUES (755052038534074403, 749058260664978888, '2022-02-03 09:42:30', '温故知新', 752608314117984269, '您有新的退款订单需要及时处理', b'1', '2022-02-03 09:42:46');
INSERT INTO `sys_message` VALUES (755052042246033444, 749058260664978888, '2022-02-03 09:42:31', '温故知新', 752608314117984269, '您有新的退款订单需要及时处理', b'1', '2022-02-03 09:42:41');
INSERT INTO `sys_message` VALUES (755052045739888677, 749058260664978888, '2022-02-03 09:42:32', '温故知新', 752608314117984269, '您有新的退款订单需要及时处理', b'1', '2022-02-03 09:42:43');
INSERT INTO `sys_message` VALUES (755052049070166054, 749058260664978888, '2022-02-03 09:42:33', '温故知新', 752608314117984269, '您有新的退款订单需要及时处理', b'1', '2022-02-03 09:42:44');
INSERT INTO `sys_message` VALUES (755053336503390210, 749058260664978888, '2022-02-03 09:47:40', '温故知新', 752608314117984269, '您有新的退款订单需要及时处理', b'1', '2022-02-03 10:00:51');
INSERT INTO `sys_message` VALUES (755056734170648581, 749058260664978888, '2022-02-03 10:01:10', '温故知新', 752608314117984269, '您有新的退款订单需要及时处理', b'1', '2022-02-04 12:41:09');
INSERT INTO `sys_message` VALUES (755056740751511559, 749058260664978888, '2022-02-03 10:01:12', '温故知新', 752608314117984269, '您有新的退款订单需要及时处理', b'1', '2022-02-08 13:18:23');
INSERT INTO `sys_message` VALUES (755056744333447176, 749058260664978888, '2022-02-03 10:01:12', '温故知新', 752608314117984269, '您有新的退款订单需要及时处理', b'1', '2022-02-08 09:06:23');
INSERT INTO `sys_message` VALUES (755056747131047945, 749058260664978888, '2022-02-03 10:01:13', '温故知新', 752608314117984269, '您有新的退款订单需要及时处理', b'1', '2022-02-09 13:21:35');
INSERT INTO `sys_message` VALUES (755056778588327947, 749058260664978888, '2022-02-03 10:01:21', '温故知新', 752608314117984269, '您有新的退款订单需要及时处理', b'1', '2022-02-04 17:06:03');
INSERT INTO `sys_message` VALUES (756608421276553360, 749058260664978889, '2022-02-07 16:47:01', '温故知新', 752608314117984269, '您有新的退款订单需要及时处理', b'0', NULL);
INSERT INTO `sys_message` VALUES (756608424468418705, 749058260664978889, '2022-02-07 16:47:02', '温故知新', 752608314117984269, '您有新的退款订单需要及时处理', b'0', NULL);
INSERT INTO `sys_message` VALUES (756608427605758098, 749058260664978889, '2022-02-07 16:47:03', '温故知新', 752608314117984269, '您有新的退款订单需要及时处理', b'0', NULL);
INSERT INTO `sys_message` VALUES (756608430298501267, 749058260664978889, '2022-02-07 16:47:03', '温故知新', 752608314117984269, '您有新的退款订单需要及时处理', b'1', '2022-02-07 16:49:33');
INSERT INTO `sys_message` VALUES (756608432538259604, 749058260664978889, '2022-02-07 16:47:04', '温故知新', 752608314117984269, '您有新的退款订单需要及时处理', b'0', NULL);
INSERT INTO `sys_message` VALUES (756608434610245781, 749058260664978889, '2022-02-07 16:47:04', '温故知新', 752608314117984269, '您有新的退款订单需要及时处理', b'0', NULL);
INSERT INTO `sys_message` VALUES (756608436594151574, 749058260664978889, '2022-02-07 16:47:05', '温故知新', 752608314117984269, '您有新的退款订单需要及时处理', b'0', NULL);
INSERT INTO `sys_message` VALUES (756608438158626967, 749058260664978889, '2022-02-07 16:47:05', '温故知新', 752608314117984269, '您有新的退款订单需要及时处理', b'1', '2022-02-07 16:47:44');
INSERT INTO `sys_message` VALUES (756608439806988440, 749058260664978889, '2022-02-07 16:47:05', '温故知新', 752608314117984269, '您有新的退款订单需要及时处理', b'1', '2022-02-07 16:48:58');
INSERT INTO `sys_message` VALUES (756608441254023321, 749058260664978889, '2022-02-07 16:47:06', '温故知新', 752608314117984269, '您有新的退款订单需要及时处理', b'0', NULL);
INSERT INTO `sys_message` VALUES (756608442986270874, 749058260664978889, '2022-02-07 16:47:06', '温故知新', 752608314117984269, '您有新的退款订单需要及时处理', b'1', '2022-02-07 16:47:32');
INSERT INTO `sys_message` VALUES (756610150147690660, 749058260664978889, '2022-02-07 16:53:53', '温故知新', 752608314117984269, '您有新的退款订单需要及时处理', b'0', NULL);
INSERT INTO `sys_message` VALUES (756610166119600293, 749058260664978889, '2022-02-07 16:53:57', '温故知新', 752608314117984269, '您有新的退款订单需要及时处理', b'0', NULL);
INSERT INTO `sys_message` VALUES (756613439463493817, 749058260664978889, '2022-02-07 17:06:57', '温故知新', 752608314117984269, '您有新的退款订单需要及时处理', b'0', NULL);
INSERT INTO `sys_message` VALUES (758521703591710822, 749058260664978888, '2022-02-12 23:29:43', '温故知新', 752608314117984269, '您有新的退款订单需要及时处理', b'1', '2022-02-12 23:29:55');
INSERT INTO `sys_message` VALUES (758522078247915624, 749058260664978888, '2022-02-12 23:31:12', '温故知新', 752608314117984269, '您有新的退款订单需要及时处理', b'1', '2022-02-13 13:55:23');
INSERT INTO `sys_message` VALUES (758522241985155178, 749058260664978888, '2022-02-12 23:31:51', '温故知新', 752608314117984269, '您有新的退款订单需要及时处理', b'0', NULL);
INSERT INTO `sys_message` VALUES (758522244862447723, 749058260664978888, '2022-02-12 23:31:52', '温故知新', 752608314117984269, '您有新的退款订单需要及时处理', b'0', NULL);
INSERT INTO `sys_message` VALUES (758522395140165741, 749058260664978888, '2022-02-12 23:32:28', '温故知新', 752608314117984269, '您有新的退款订单需要及时处理', b'0', NULL);
INSERT INTO `sys_message` VALUES (758522402777993326, 749058260664978888, '2022-02-12 23:32:30', '温故知新', 752608314117984269, '您有新的退款订单需要及时处理', b'0', NULL);
INSERT INTO `sys_message` VALUES (758523198710091889, 749058260664978888, '2022-02-12 23:35:40', '温故知新', 752608314117984269, '您有新的退款订单需要及时处理', b'1', '2022-02-13 20:33:44');
INSERT INTO `sys_message` VALUES (758832915399446935, 749058260664978888, '2022-02-13 20:06:22', '温故知新', 752608314117984269, '您有新的退款订单需要及时处理', b'1', '2022-02-13 20:33:39');
INSERT INTO `sys_message` VALUES (758838446356828573, 749058260664978888, '2022-02-13 20:28:20', '温故知新', 752608314117984269, '您有新的退款订单需要及时处理', b'1', '2022-02-13 20:28:47');
INSERT INTO `sys_message` VALUES (758839469687312798, 749058260664978888, '2022-02-13 20:32:24', '温故知新', 752608314117984269, '您有新的退款订单需要及时处理', b'1', '2022-02-13 20:33:28');
INSERT INTO `sys_message` VALUES (759841798469324826, 749058260664978888, '2022-02-16 14:55:18', '温故知新', 752608314117984269, '您有新的退款订单需要及时处理', b'0', NULL);
INSERT INTO `sys_message` VALUES (764564529119105050, 749058260664978888, '2022-03-01 15:41:45', '温故知新', 752608314117984269, '您有新的退款订单需要及时处理', b'0', NULL);
INSERT INTO `sys_message` VALUES (764564533309214747, 749058260664978888, '2022-03-01 15:41:46', '温故知新', 752608314117984269, '您有新的退款订单需要及时处理', b'0', NULL);
INSERT INTO `sys_message` VALUES (764564536412999708, 749058260664978888, '2022-03-01 15:41:47', '温故知新', 752608314117984269, '您有新的退款订单需要及时处理', b'0', NULL);
INSERT INTO `sys_message` VALUES (764564838499356702, 749058260664978888, '2022-03-01 15:42:59', '温故知新', 752608314117984269, '您有新的退款订单需要及时处理', b'0', NULL);
INSERT INTO `sys_message` VALUES (764564841351483423, 749058260664978888, '2022-03-01 15:42:59', '温故知新', 752608314117984269, '您有新的退款订单需要及时处理', b'0', NULL);

-- ----------------------------
-- Table structure for sys_permission
-- ----------------------------
DROP TABLE IF EXISTS `sys_permission`;
CREATE TABLE `sys_permission`  (
  `Id_` bigint(20) UNSIGNED NOT NULL COMMENT 'PK',
  `ControllerName_` varchar(255) CHARACTER SET utf8 COLLATE utf8_general_ci NULL DEFAULT NULL COMMENT 'Controller类名称',
  `MethodName_` varchar(255) CHARACTER SET utf8 COLLATE utf8_general_ci NULL DEFAULT NULL COMMENT 'Controller方法名称',
  `ActionName_` varchar(255) CHARACTER SET utf8 COLLATE utf8_general_ci NULL DEFAULT NULL COMMENT '功能说明',
  `HttpMethod_` varchar(10) CHARACTER SET utf8 COLLATE utf8_general_ci NULL DEFAULT NULL COMMENT 'Http请求方式',
  `ParametersType_` varchar(255) CHARACTER SET utf8 COLLATE utf8_general_ci NULL DEFAULT NULL COMMENT '方法参数类型',
  `UrlPattern_` varchar(255) CHARACTER SET utf8 COLLATE utf8_general_ci NULL DEFAULT NULL COMMENT '请求路径',
  `CodeIDelete_` bit(1) NULL DEFAULT NULL COMMENT '代码是否删除',
  `CheckLogin_` bit(1) NULL DEFAULT NULL COMMENT '是否检查登录',
  `CheckPermission_` bit(1) NULL DEFAULT NULL COMMENT '是否检查权限',
  `RequireLog_` bit(1) NULL DEFAULT NULL COMMENT '是否记录日志',
  `LogRequestParam_` bit(1) NULL DEFAULT NULL COMMENT '是否记录请求参数',
  `LogReturnValue_` bit(1) NULL DEFAULT NULL COMMENT '是否记录返回值',
  `LastSyncTime_` datetime NULL DEFAULT NULL COMMENT '最后同步时间',
  PRIMARY KEY (`Id_`) USING BTREE,
  INDEX `UrlPattern_`(`UrlPattern_`) USING BTREE,
  INDEX `ControllerName_`(`ControllerName_`) USING BTREE,
  INDEX `MethodName_`(`MethodName_`) USING BTREE,
  INDEX `CheckLogin_`(`CheckLogin_`) USING BTREE,
  INDEX `CheckPermission_`(`CheckPermission_`) USING BTREE,
  INDEX `RequireLog_`(`RequireLog_`) USING BTREE,
  INDEX `ActionName_`(`ActionName_`) USING BTREE
) ENGINE = InnoDB CHARACTER SET = utf8 COLLATE = utf8_general_ci ROW_FORMAT = Compact;

-- ----------------------------
-- Records of sys_permission
-- ----------------------------
INSERT INTO `sys_permission` VALUES (753341202878828546, 'SysPermissionController', 'insert', '权限管理-新增', 'POST ', 'SysPermission', '/SysPermissionController/insert', b'1', b'1', b'1', b'0', b'0', b'0', '2022-01-29 19:20:12');
INSERT INTO `sys_permission` VALUES (753341203180818435, 'SysPermissionController', 'update', '权限管理-更新', 'POST ', 'SysPermission', '/SysPermissionController/update', b'1', b'1', b'1', b'0', b'0', b'0', '2022-01-29 19:20:11');
INSERT INTO `sys_permission` VALUES (753341203474419716, 'SysTableColumnController', 'selectPage', '代码生成-分页查询', 'GET ', 'Page|Map', '/SysTableColumnController/selectPage', b'0', b'1', b'0', b'0', b'0', b'0', '2022-02-15 14:00:10');
INSERT INTO `sys_permission` VALUES (753341204061622278, 'SysMenuController', 'updateRoleMenuBindInfo', '菜单-绑定角色关系', 'POST ', 'Long|List', '/SysMenuController/updateRoleMenuBindInfo', b'0', b'1', b'1', b'0', b'0', b'0', '2022-02-15 14:00:14');
INSERT INTO `sys_permission` VALUES (753341204388777991, 'SysPermissionController', 'selectPage', '权限管理-分页查询', 'GET ', 'Page|Map', '/SysPermissionController/selectPage', b'0', b'1', b'0', b'0', b'0', b'0', '2022-02-15 14:00:14');
INSERT INTO `sys_permission` VALUES (753341204665602056, 'SysMenuController', 'deleteBatch', '菜单-批量删除', 'POST ', 'List', '/SysMenuController/deleteBatch', b'0', b'1', b'1', b'0', b'0', b'0', '2022-02-15 14:00:10');
INSERT INTO `sys_permission` VALUES (753341205303136266, 'AppController', 'getUserInfo', '获取登录用户信息', 'GET ', '', '/AppController/getUserInfo', b'0', b'1', b'0', b'0', b'0', b'0', '2022-02-15 14:00:10');
INSERT INTO `sys_permission` VALUES (753341205567377419, 'SysRoleController', 'update', '角色管理-更新', 'POST ', 'SysRole', '/SysRoleController/update', b'0', b'1', b'1', b'0', b'0', b'0', '2022-02-15 14:00:10');
INSERT INTO `sys_permission` VALUES (753341205856784396, 'SysDictypeController', 'selectTreeList', '字典类别-查询树列表', 'GET ', '', '/SysDictypeController/selectTreeList', b'0', b'1', b'0', b'0', b'0', b'0', '2022-02-15 14:00:10');
INSERT INTO `sys_permission` VALUES (753341206171357197, 'SysTableColumnController', 'update', '代码生成-更新', 'POST ', 'SysTableColumn', '/SysTableColumnController/update', b'0', b'1', b'1', b'0', b'0', b'0', '2022-02-15 14:00:14');
INSERT INTO `sys_permission` VALUES (753341206485929998, 'SysMenuController', 'selectMenuTreeList', '菜单-查询树列表', 'GET ', '', '/SysMenuController/selectMenuTreeList', b'0', b'1', b'0', b'0', b'0', b'0', '2022-02-15 14:00:10');
INSERT INTO `sys_permission` VALUES (753341206771142671, 'SysUserController', 'deleteBatchById', '用户管理-批量删除', 'POST ', 'Long[]', '/SysUserController/deleteBatchById', b'0', b'1', b'1', b'0', b'0', b'0', '2022-02-15 14:00:10');
INSERT INTO `sys_permission` VALUES (753341207106686992, 'SysDicController', 'selectTreeList', '字典-查询树列表', 'GET ', 'Long', '/SysDicController/selectTreeList', b'0', b'1', b'0', b'0', b'0', b'0', '2022-02-15 14:00:15');
INSERT INTO `sys_permission` VALUES (753341207375122449, 'SysTableController', 'selectById', '代码生成-主键查询', 'GET ', 'long', '/SysTableController/selectById', b'0', b'1', b'0', b'0', b'0', b'0', '2022-02-15 14:00:15');
INSERT INTO `sys_permission` VALUES (753341207664529426, 'SysGeneratorController', 'selectById', '测试-主键查询', 'GET ', 'Long', '/SysGeneratorController/selectById', b'0', b'0', b'0', b'0', b'0', b'0', '2022-02-15 14:00:11');
INSERT INTO `sys_permission` VALUES (753341207983296531, 'SysRoleController', 'selectById', '角色管理-主键查询', 'GET ', 'Long', '/SysRoleController/selectById', b'0', b'1', b'0', b'0', b'0', b'0', '2022-02-15 14:00:11');
INSERT INTO `sys_permission` VALUES (753341208574693397, 'SysUserController', 'selectDetailById', '用户管理-查询详细', 'GET ', 'Long', '/SysUserController/selectDetailById', b'0', b'1', b'0', b'0', b'0', b'0', '2022-02-15 14:00:11');
INSERT INTO `sys_permission` VALUES (753341208935403542, 'SysDictypeController', 'selectNoRootList', '字典类别-查询列表', 'GET ', '', '/SysDictypeController/selectNoRootList', b'0', b'1', b'0', b'0', b'0', b'0', '2022-02-15 14:00:11');
INSERT INTO `sys_permission` VALUES (753341209270947863, 'AppController', 'login', '登录系统', 'POST ', 'LoginVo|HttpServletRequest', '/AppController/login', b'0', b'0', b'0', b'1', b'0', b'0', '2022-02-15 14:00:11');
INSERT INTO `sys_permission` VALUES (753341209539383320, 'SysGeneratorController', 'update', '测试-更新', 'POST ', 'SysGenerator', '/SysGeneratorController/update', b'0', b'0', b'0', b'0', b'0', b'0', '2022-02-15 14:00:11');
INSERT INTO `sys_permission` VALUES (753341209887510553, 'SysUserController', 'selectUserListByRoleId', '用户管理-根据角色查询列表', 'GET ', 'Page|Map', '/SysUserController/selectUserListByRoleId', b'0', b'1', b'0', b'0', b'0', b'0', '2022-02-15 14:00:15');
INSERT INTO `sys_permission` VALUES (753341210340495386, 'SysDicController', 'selectListByCodeNoStop', '字典-根据编码查询列表', 'GET ', 'String', '/SysDicController/selectListByCodeNoStop', b'0', b'1', b'0', b'0', b'0', b'0', '2022-02-15 14:00:11');
INSERT INTO `sys_permission` VALUES (753341210663456795, 'SysTableColumnController', 'syncColumnList', '代码生成-同步数据库表字段', 'GET ', 'Long', '/SysTableColumnController/syncColumnList', b'0', b'1', b'0', b'0', b'0', b'0', '2022-02-15 14:00:15');
INSERT INTO `sys_permission` VALUES (753341210994806812, 'SysRoleController', 'deleteById', '角色管理-主键删除', 'POST ', 'Long', '/SysRoleController/deleteById', b'0', b'1', b'1', b'0', b'0', b'0', '2022-02-15 14:00:15');
INSERT INTO `sys_permission` VALUES (753341211313573917, 'SysUserController', 'selectPage', '用户管理-分页查询', 'GET ', 'Page|Map', '/SysUserController/selectPage', b'0', b'1', b'0', b'0', b'0', b'0', '2022-02-15 14:00:15');
INSERT INTO `sys_permission` VALUES (753341211611369502, 'SysDicController', 'insertOrUpdateBatch', '字典-新增编辑', 'POST ', 'List', '/SysDicController/insertOrUpdateBatch', b'0', b'1', b'0', b'0', b'0', b'0', '2022-02-15 14:00:15');
INSERT INTO `sys_permission` VALUES (753341212261486624, 'SysDicController', 'deleteBatch', '字典-批量删除', 'POST ', 'List', '/SysDicController/deleteBatch', b'0', b'1', b'1', b'0', b'0', b'0', '2022-02-15 14:00:12');
INSERT INTO `sys_permission` VALUES (753341212576059425, 'SysGeneratorController', 'deleteById', '测试-主键删除', 'POST ', 'Long', '/SysGeneratorController/deleteById', b'0', b'0', b'0', b'0', b'0', b'0', '2022-02-15 14:00:15');
INSERT INTO `sys_permission` VALUES (753341212949352482, 'SysPermissionController', 'deleteById', '权限管理-主键删除', 'POST ', 'Long', '/SysPermissionController/deleteById', b'0', b'1', b'1', b'0', b'0', b'0', '2022-02-15 14:00:12');
INSERT INTO `sys_permission` VALUES (753341213234565155, 'SysTableColumnController', 'insert', '代码生成-新增', 'POST ', 'SysTableColumn', '/SysTableColumnController/insert', b'0', b'1', b'1', b'0', b'0', b'0', '2022-02-15 14:00:12');
INSERT INTO `sys_permission` VALUES (753341214081814565, 'SysDicController', 'selectTreeListByCode', '字典-根据编码查询列表', 'GET ', 'String', '/SysDicController/selectTreeListByCode', b'0', b'1', b'0', b'0', b'0', b'0', '2022-02-15 14:00:12');
INSERT INTO `sys_permission` VALUES (753341214622879782, 'SysTableController', 'download', '代码生成-下载', 'GET ', 'HttpServletResponse|Long', '/SysTableController/download', b'0', b'0', b'0', b'0', b'0', b'0', '2022-02-15 14:00:15');
INSERT INTO `sys_permission` VALUES (753341215042310183, 'SysPermissionController', 'selectById', '权限管理-主键查询', 'GET ', 'Long', '/SysPermissionController/selectById', b'0', b'1', b'0', b'0', b'0', b'0', '2022-02-15 14:00:12');
INSERT INTO `sys_permission` VALUES (753341215730176041, 'SysDictypeController', 'deleteBatch', '字典类别-批量删除', 'POST ', 'List', '/SysDictypeController/deleteBatch', b'0', b'1', b'1', b'0', b'0', b'0', '2022-02-15 14:00:16');
INSERT INTO `sys_permission` VALUES (753341216581619755, 'SysDeptController', 'stopById', '结构-禁用启动', 'POST ', 'long', '/SysDeptController/stopById', b'0', b'1', b'1', b'0', b'0', b'0', '2022-02-15 14:00:12');
INSERT INTO `sys_permission` VALUES (753341216933941292, 'SysTableColumnController', 'selectById', '代码生成-主键查询', 'GET ', 'long', '/SysTableColumnController/selectById', b'0', b'1', b'0', b'0', b'0', b'0', '2022-02-15 14:00:16');
INSERT INTO `sys_permission` VALUES (753341217231736877, 'SysGeneratorController', 'deleteBatchById', '测试-批量删除', 'POST ', 'Long[]', '/SysGeneratorController/deleteBatchById', b'0', b'0', b'0', b'0', b'0', b'0', '2022-02-15 14:00:16');
INSERT INTO `sys_permission` VALUES (753341217533726766, 'SysUserController', 'deleteById', '用户管理-主键删除', 'POST ', 'Long', '/SysUserController/deleteById', b'0', b'1', b'1', b'0', b'0', b'0', '2022-02-15 14:00:13');
INSERT INTO `sys_permission` VALUES (753341217873465391, 'SysDicController', 'deleteById', '字典-主键删除', 'POST ', 'String', '/SysDicController/deleteById', b'0', b'1', b'1', b'0', b'0', b'0', '2022-02-15 14:00:16');
INSERT INTO `sys_permission` VALUES (753341218460667953, 'SysTableController', 'selectPage', '代码生成-分页查询', 'GET ', 'Page|Map', '/SysTableController/selectPage', b'0', b'1', b'0', b'0', b'0', b'0', '2022-02-15 14:00:16');
INSERT INTO `sys_permission` VALUES (753341218779435058, 'SysMenuController', 'stopById', '菜单-启动禁用', 'POST ', 'long', '/SysMenuController/stopById', b'0', b'1', b'1', b'0', b'0', b'0', '2022-02-15 14:00:16');
INSERT INTO `sys_permission` VALUES (753341219056259123, 'SysRoleController', 'deleteBatchById', '角色管理-批量删除', 'POST ', 'Long[]', '/SysRoleController/deleteBatchById', b'1', b'1', b'1', b'0', b'0', b'0', '2022-01-30 13:47:42');
INSERT INTO `sys_permission` VALUES (753341219320500276, 'SysPermissionController', 'deleteBatchById', '权限管理-批量删除', 'POST ', 'Long[]', '/SysPermissionController/deleteBatchById', b'0', b'1', b'1', b'0', b'0', b'0', '2022-02-15 14:00:13');
INSERT INTO `sys_permission` VALUES (753341219614101557, 'SysPermissionController', 'codeSync', '权限-代码与数据库同步', 'GET ', '', '/SysPermissionController/codeSync', b'0', b'1', b'1', b'0', b'0', b'0', '2022-02-15 14:00:13');
INSERT INTO `sys_permission` VALUES (753341220197109815, 'SysRoleController', 'selectAllList', '角色管理-查询全部', 'GET ', '', '/SysRoleController/selectAllList', b'0', b'1', b'0', b'0', b'0', b'0', '2022-02-15 14:00:16');
INSERT INTO `sys_permission` VALUES (753341220541042744, 'SysUserController', 'insert', '用户管理-新增', 'POST ', 'SysUserVo|MultipartFile', '/SysUserController/insert', b'0', b'1', b'1', b'0', b'0', b'0', '2022-02-15 14:00:13');
INSERT INTO `sys_permission` VALUES (753341220897558585, 'SysRoleController', 'stopById', '角色管理-启用禁用', 'POST ', 'Long', '/SysRoleController/stopById', b'0', b'1', b'1', b'0', b'0', b'0', '2022-02-15 14:00:13');
INSERT INTO `sys_permission` VALUES (753341221182771258, 'SysDicController', 'selectTreeListByCodeNoStop', '字典-根据编码查询树列表', 'GET ', 'String', '/SysDicController/selectTreeListByCodeNoStop', b'0', b'1', b'0', b'0', b'0', b'0', '2022-02-15 14:00:13');
INSERT INTO `sys_permission` VALUES (753341221463789627, 'SysTableColumnController', 'selectListByTableId', '代码生成-根据表ID查询集合', 'GET ', 'Long', '/SysTableColumnController/selectListByTableId', b'0', b'1', b'0', b'0', b'0', b'0', '2022-02-15 14:00:13');
INSERT INTO `sys_permission` VALUES (753341221749002300, 'SysUserController', 'updateRoleUsers', '用户管理-角色用户绑定', 'POST ', 'long|List', '/SysUserController/updateRoleUsers', b'0', b'1', b'1', b'0', b'0', b'0', '2022-02-15 14:00:16');
INSERT INTO `sys_permission` VALUES (753341222025826365, 'SysDictypeController', 'insertOrUpdateBatch', '字典类别-新增编辑', 'POST ', 'List', '/SysDictypeController/insertOrUpdateBatch', b'0', b'1', b'1', b'0', b'0', b'0', '2022-02-15 14:00:13');
INSERT INTO `sys_permission` VALUES (753341222348787774, 'SysDeptController', 'selectTreeListNoStop', '机构-查询树列表', 'GET ', '', '/SysDeptController/selectTreeListNoStop', b'0', b'1', b'0', b'0', b'0', b'0', '2022-02-15 14:00:13');
INSERT INTO `sys_permission` VALUES (753341222659166271, 'SysDictypeController', 'deleteById', '字典类别-主键删除', 'POST ', 'String', '/SysDictypeController/deleteById', b'0', b'1', b'0', b'0', b'0', b'0', '2022-02-15 14:00:16');
INSERT INTO `sys_permission` VALUES (753341223003099200, 'AppController', 'systemInfo', '获取系统运行信息', 'GET ', '', '/AppController/systemInfo', b'0', b'1', b'1', b'0', b'0', b'0', '2022-02-15 14:00:13');
INSERT INTO `sys_permission` VALUES (753341223317672001, 'SysGeneratorController', 'insert', '测试-新增', 'POST ', 'SysGenerator', '/SysGeneratorController/insert', b'0', b'0', b'0', b'0', b'0', b'0', '2022-02-15 14:00:16');
INSERT INTO `sys_permission` VALUES (753341223657410626, 'AppController', 'generatorLongId', '生成Long唯一ID', 'GET ', '', '/AppController/generatorLongId', b'0', b'0', b'0', b'0', b'0', b'0', '2022-02-15 14:00:17');
INSERT INTO `sys_permission` VALUES (753341223988760643, 'SysMenuController', 'selectUserMenuTreeList', '菜单-查询用户列表树', 'GET ', '', '/SysMenuController/selectUserMenuTreeList', b'0', b'1', b'0', b'0', b'0', b'0', '2022-02-15 14:00:14');
INSERT INTO `sys_permission` VALUES (753341224307527748, 'SysUserController', 'selectById', '用户管理-主键查询', 'GET ', 'Long', '/SysUserController/selectById', b'0', b'1', b'0', b'0', b'0', b'0', '2022-02-15 14:00:14');
INSERT INTO `sys_permission` VALUES (753341224659849285, 'SysTableController', 'insertOrUpdate', '代码生成-新增编辑', 'POST ', 'SysTable', '/SysTableController/insertOrUpdate', b'0', b'1', b'1', b'0', b'0', b'0', '2022-02-15 14:00:14');
INSERT INTO `sys_permission` VALUES (753341224924090438, 'SysDictypeController', 'stopById', '字典类别-启用禁用', 'POST ', 'long', '/SysDictypeController/stopById', b'0', b'1', b'1', b'0', b'0', b'0', '2022-02-15 14:00:17');
INSERT INTO `sys_permission` VALUES (753341225234468935, 'SysRoleController', 'insert', '角色管理-新增', 'POST ', 'SysRole', '/SysRoleController/insert', b'0', b'1', b'1', b'0', b'0', b'0', '2022-02-15 14:00:17');
INSERT INTO `sys_permission` VALUES (753341225532264520, 'AppController', 'logout', '退出登录', 'POST ', 'HttpServletResponse', '/AppController/logout', b'0', b'1', b'0', b'0', b'0', b'0', '2022-02-15 14:00:17');
INSERT INTO `sys_permission` VALUES (753341225855225929, 'SysMenuController', 'insertOrUpdateBatch', '菜单-新增编辑', 'POST ', 'List', '/SysMenuController/insertOrUpdateBatch', b'0', b'1', b'1', b'0', b'0', b'0', '2022-02-15 14:00:14');
INSERT INTO `sys_permission` VALUES (753341226132049994, 'SysDicController', 'stopById', '字典-启动禁用', 'POST ', 'long', '/SysDicController/stopById', b'0', b'1', b'1', b'0', b'0', b'0', '2022-02-15 14:00:14');
INSERT INTO `sys_permission` VALUES (753341226459205707, 'SysMenuController', 'selectRoleMenuTreeList', '菜单-查询角色菜单树列表', 'GET ', 'Long', '/SysMenuController/selectRoleMenuTreeList', b'0', b'1', b'0', b'0', b'0', b'0', '2022-02-15 14:00:17');
INSERT INTO `sys_permission` VALUES (753341226744418380, 'SysRoleController', 'insertOrUpdate', '角色管理-新增编辑', 'POST ', 'SysRole', '/SysRoleController/insertOrUpdate', b'1', b'1', b'1', b'0', b'0', b'0', '2022-01-30 13:47:44');
INSERT INTO `sys_permission` VALUES (753341227046408269, 'AppController', 'passwordReset', '修改密码', 'POST ', 'RasswordResetVo', '/AppController/passwordReset', b'0', b'1', b'1', b'0', b'0', b'0', '2022-02-15 14:00:14');
INSERT INTO `sys_permission` VALUES (753341227310649422, 'SysGeneratorController', 'selectPage', '测试-分页查询', 'GET ', 'Page|Map', '/SysGeneratorController/selectPage', b'0', b'0', b'0', b'0', b'0', b'0', '2022-02-15 14:00:14');
INSERT INTO `sys_permission` VALUES (753341227604250703, 'SysTableColumnController', 'updateBatch', '代码生成-批量更新', 'POST ', 'List', '/SysTableColumnController/updateBatch', b'0', b'1', b'1', b'0', b'0', b'0', '2022-02-15 14:00:17');
INSERT INTO `sys_permission` VALUES (753341227893657680, 'SysUserController', 'update', '用户管理-编辑', 'POST ', 'SysUserVo|MultipartFile', '/SysUserController/update', b'0', b'1', b'1', b'0', b'0', b'0', '2022-02-15 14:00:17');
INSERT INTO `sys_permission` VALUES (753341228191453265, 'SysRoleController', 'selectPage', '角色管理-分页查询', 'GET ', 'Page|Map', '/SysRoleController/selectPage', b'0', b'1', b'0', b'0', b'0', b'0', '2022-02-15 14:00:14');
INSERT INTO `sys_permission` VALUES (753341228468277330, 'SysTableColumnController', 'deleteById', '代码生成-主键删除', 'POST ', 'String', '/SysTableColumnController/deleteById', b'0', b'1', b'1', b'0', b'0', b'0', '2022-02-15 14:00:17');
INSERT INTO `sys_permission` VALUES (753659389457600514, 'AppController', 'requiresUser', '测试权限', 'GET ', '', '/AppController/requiresUser', b'0', b'0', b'0', b'0', b'0', b'0', '2022-02-15 14:00:10');
INSERT INTO `sys_permission` VALUES (753659390384541699, 'AppController', 'requiresPermission', '测试权限', 'GET ', '', '/AppController/requiresPermission', b'0', b'0', b'0', b'0', b'0', b'0', '2022-02-15 14:00:10');
INSERT INTO `sys_permission` VALUES (753659392234229764, 'AppController', 'requiresRoles', '测试权限', 'GET ', '', '/AppController/requiresRoles', b'0', b'0', b'0', b'0', b'0', b'0', '2022-02-15 14:00:11');
INSERT INTO `sys_permission` VALUES (753659395128299525, 'AppController', 'requiresAuthentication', '测试权限', 'GET ', '', '/AppController/requiresAuthentication', b'0', b'0', b'0', b'0', b'0', b'0', '2022-02-15 14:00:15');
INSERT INTO `sys_permission` VALUES (753659399523930118, 'SysPermissionController', 'updateBatch', '权限管理-批量更新', 'POST ', 'List', '/SysPermissionController/updateBatch', b'0', b'1', b'1', b'0', b'0', b'0', '2022-02-15 14:00:13');
INSERT INTO `sys_permission` VALUES (753664181017907208, 'SysDeptController', 'selectTreeList', '机构-查询树列表', 'GET ', '', '/SysDeptController/selectTreeList', b'0', b'0', b'0', b'0', b'0', b'0', '2022-02-15 14:00:10');
INSERT INTO `sys_permission` VALUES (753664182171340809, 'HystrixController', 'test', '测试', 'GET ', '', '/HystrixController/test', b'1', b'0', b'0', b'0', b'0', b'0', '2022-02-13 13:28:21');
INSERT INTO `sys_permission` VALUES (753664187795902474, 'SysDeptController', 'deleteById', '机构-主键删除', 'POST ', 'String', '/SysDeptController/deleteById', b'0', b'1', b'1', b'0', b'0', b'0', '2022-02-15 14:00:12');
INSERT INTO `sys_permission` VALUES (753664188974501899, 'SysDeptController', 'deleteBatch', '机构-批量删除', 'POST ', 'List', '/SysDeptController/deleteBatch', b'0', b'1', b'1', b'0', b'0', b'0', '2022-02-15 14:00:12');
INSERT INTO `sys_permission` VALUES (753664190614474765, 'SysDeptController', 'insertOrUpdateBatch', '机构-新增或更新', 'POST ', 'List', '/SysDeptController/insertOrUpdateBatch', b'0', b'1', b'1', b'0', b'0', b'0', '2022-02-15 14:00:12');
INSERT INTO `sys_permission` VALUES (753972381613166594, 'SysPermissionController', 'updateRolePermission', '权限管理-绑定角色', 'POST ', 'long|List', '/SysPermissionController/updateRolePermission', b'0', b'1', b'1', b'0', b'0', b'0', '2022-02-15 14:00:14');
INSERT INTO `sys_permission` VALUES (753972397929009155, 'SysPermissionController', 'selectPermissionList', '权限管理-查询角色下权限列表', 'GET ', 'Map', '/SysPermissionController/selectPermissionList', b'0', b'1', b'0', b'0', b'0', b'0', '2022-02-15 14:00:13');
INSERT INTO `sys_permission` VALUES (754803795313168399, 'SysLogController', 'deleteById', '日志-主键删除', 'POST ', 'Long', '/SysLogController/deleteById', b'0', b'1', b'1', b'0', b'0', b'0', '2022-02-15 14:00:15');
INSERT INTO `sys_permission` VALUES (754803797028638737, 'SysLogController', 'selectPage', '日志-分页查询', 'GET ', 'Page|Map', '/SysLogController/selectPage', b'0', b'1', b'0', b'0', b'0', b'0', '2022-02-15 14:00:11');
INSERT INTO `sys_permission` VALUES (754803800837066773, 'SysTableController', 'deleteById', '代码生成-主键删除', 'POST ', 'long', '/SysTableController/deleteById', b'0', b'1', b'1', b'0', b'0', b'0', '2022-02-15 14:00:11');
INSERT INTO `sys_permission` VALUES (754803802917441558, 'SysLogController', 'deleteBatchById', '日志-批量更新', 'POST ', 'Long[]', '/SysLogController/deleteBatchById', b'0', b'1', b'1', b'0', b'0', b'0', '2022-02-15 14:00:12');
INSERT INTO `sys_permission` VALUES (754803810295222296, 'SysLogController', 'selectById', '日志-主键查询', 'GET ', 'Long', '/SysLogController/selectById', b'0', b'1', b'0', b'0', b'0', b'0', '2022-02-15 14:00:16');
INSERT INTO `sys_permission` VALUES (754820102163140611, 'SysMessageController', 'selectPage', '消息-分页查询', 'GET ', 'Page|Map', '/SysMessageController/selectPage', b'0', b'1', b'0', b'0', b'0', b'0', '2022-02-15 14:00:14');
INSERT INTO `sys_permission` VALUES (754820106642657284, 'SysMessageController', 'deleteBatchById', '消息-批量删除', 'POST ', 'Long[]', '/SysMessageController/deleteBatchById', b'0', b'1', b'1', b'0', b'0', b'0', '2022-02-15 14:00:15');
INSERT INTO `sys_permission` VALUES (754820108836278277, 'SysMessageController', 'insert', '消息-新增', 'POST ', 'SysMessage', '/SysMessageController/insert', b'0', b'0', b'0', b'0', b'1', b'1', '2022-02-15 14:00:11');
INSERT INTO `sys_permission` VALUES (754820109381537798, 'SysMessageController', 'update', '消息-更新', 'POST ', 'SysMessage', '/SysMessageController/update', b'1', b'1', b'1', b'0', b'0', b'0', '2022-02-02 18:20:54');
INSERT INTO `sys_permission` VALUES (754820111789068295, 'SysMessageController', 'deleteById', '消息-主键删除', 'POST ', 'Long', '/SysMessageController/deleteById', b'0', b'1', b'1', b'0', b'0', b'0', '2022-02-15 14:00:11');
INSERT INTO `sys_permission` VALUES (758732740945384885, 'AsposeCellsApi', 'exportListTpl', '报表-列表模板下载', 'GET ', 'HttpServletResponse', '/AsposeCellsApi/exportListTpl', b'0', b'0', b'0', b'0', b'0', b'0', '2022-02-15 14:00:11');
INSERT INTO `sys_permission` VALUES (758732741616473526, 'AsposeCellsApi', 'exportDetail', '报表-导出详细Excel', 'GET ', 'HttpServletResponse|long|int', '/AsposeCellsApi/exportDetail', b'0', b'0', b'0', b'0', b'0', b'0', '2022-02-15 14:00:11');
INSERT INTO `sys_permission` VALUES (758732743034148279, 'AsposeCellsApi', 'exportDetailWord', '报表-导出详细Word', 'GET ', 'HttpServletResponse|long', '/AsposeCellsApi/exportDetailWord', b'0', b'0', b'0', b'0', b'0', b'0', '2022-02-15 14:00:11');
INSERT INTO `sys_permission` VALUES (758732744640566712, 'AsposeCellsApi', 'uploadExcelParseList', '报表-上传excel', 'POST ', 'MultipartFile', '/AsposeCellsApi/uploadExcelParseList', b'0', b'0', b'0', b'0', b'0', b'0', '2022-02-15 14:00:12');
INSERT INTO `sys_permission` VALUES (758732745622033849, 'AsposeCellsApi', 'exportDetailTpl', '报表-导出详细Excel模板', 'GET ', 'HttpServletResponse', '/AsposeCellsApi/exportDetailTpl', b'0', b'0', b'0', b'0', b'0', b'0', '2022-02-15 14:00:12');
INSERT INTO `sys_permission` VALUES (758732747719185850, 'SysMessageController', 'selectById', '消息-主键查询', 'GET ', 'Long', '/SysMessageController/selectById', b'0', b'1', b'0', b'0', b'0', b'0', '2022-02-15 14:00:13');
INSERT INTO `sys_permission` VALUES (758732748943922619, 'ExtjsGridApi', 'cellWidgetDataUpdate', '表格-单元格组件编辑', 'POST ', 'List', '/ExtjsGridApi/cellWidgetDataUpdate', b'0', b'1', b'0', b'0', b'0', b'0', '2022-02-15 14:00:13');
INSERT INTO `sys_permission` VALUES (758732749153637820, 'AppController', 'heartbeat', '客户端心跳接口', 'GET ', '', '/AppController/heartbeat', b'0', b'1', b'0', b'0', b'0', b'0', '2022-02-15 14:00:13');
INSERT INTO `sys_permission` VALUES (758732753092089277, 'AsposeCellsApi', 'selectList', '报表-数据集合', 'GET ', '', '/AsposeCellsApi/selectList', b'0', b'0', b'0', b'0', b'0', b'0', '2022-02-15 14:00:14');
INSERT INTO `sys_permission` VALUES (758732755587700158, 'AsposeCellsApi', 'exportGroupList', '报表-分组导出', 'GET ', 'HttpServletResponse', '/AsposeCellsApi/exportGroupList', b'0', b'0', b'0', b'0', b'0', b'0', '2022-02-15 14:00:15');
INSERT INTO `sys_permission` VALUES (758732757814875583, 'AsposeCellsApi', 'uploadExcelUsingCellName', '报表-上传excel', 'POST ', 'MultipartFile', '/AsposeCellsApi/uploadExcelUsingCellName', b'0', b'0', b'0', b'0', b'0', b'0', '2022-02-15 14:00:15');
INSERT INTO `sys_permission` VALUES (758732758037173696, 'BasicErrorController', 'error', '', '', 'HttpServletRequest', '/error', b'0', b'0', b'0', b'0', b'0', b'0', '2022-02-15 14:00:16');
INSERT INTO `sys_permission` VALUES (758732758272054721, 'AsposeCellsApi', 'exportDetailWordTpl', '报表-导出详细Wrod模板', 'GET ', 'HttpServletResponse', '/AsposeCellsApi/exportDetailWordTpl', b'0', b'0', b'0', b'0', b'0', b'0', '2022-02-15 14:00:16');
INSERT INTO `sys_permission` VALUES (758732760100771266, 'ExtjsGridApi', 'rowEditingUpdate', '表格-单元格编辑', 'POST ', 'Map', '/ExtjsGridApi/rowEditingUpdate', b'0', b'1', b'0', b'0', b'0', b'0', '2022-02-15 14:00:16');
INSERT INTO `sys_permission` VALUES (758732760776054211, 'FusionchartsApi', 'line', '图表-线图数据', 'GET ', '', '/FusionchartsApi/line', b'0', b'1', b'0', b'0', b'0', b'0', '2022-02-15 14:00:17');
INSERT INTO `sys_permission` VALUES (758732761455531460, 'AppController', 'getOnlileUserList', '获取在线用户列表', 'GET ', 'String', '/AppController/getOnlileUserList', b'0', b'0', b'0', b'0', b'0', b'0', '2022-02-15 14:00:17');
INSERT INTO `sys_permission` VALUES (758732761677829573, 'ExtjsGridApi', 'cellWidgetDataList', '表格-单元格组件数据源', 'GET ', '', '/ExtjsGridApi/cellWidgetDataList', b'0', b'1', b'0', b'0', b'0', b'0', '2022-02-15 14:00:17');
INSERT INTO `sys_permission` VALUES (758732762353112518, 'AsposeCellsApi', 'exportList', '报表-列表导出', 'GET ', 'HttpServletResponse', '/AsposeCellsApi/exportList', b'0', b'0', b'0', b'0', b'0', b'0', '2022-02-15 14:00:17');
INSERT INTO `sys_permission` VALUES (758732763045172679, 'FusionchartsApi', 'doughnut2d', '图表-饼图数据', 'GET ', '', '/FusionchartsApi/doughnut2d', b'0', b'1', b'0', b'0', b'0', b'0', '2022-02-15 14:00:17');
INSERT INTO `sys_permission` VALUES (758732763527517640, 'ExtjsGridApi', 'selectRowEditingList', '表格-单元格编辑数据源', 'GET ', '', '/ExtjsGridApi/selectRowEditingList', b'0', b'1', b'0', b'0', b'0', b'0', '2022-02-15 14:00:17');
INSERT INTO `sys_permission` VALUES (759465544306004087, 'AppController', 'setUserOffline', '', 'POST ', 'long', '/AppController/setUserOffline', b'0', b'1', b'0', b'0', b'0', b'0', '2022-02-15 14:00:12');

-- ----------------------------
-- Table structure for sys_role
-- ----------------------------
DROP TABLE IF EXISTS `sys_role`;
CREATE TABLE `sys_role`  (
  `Id_` bigint(20) UNSIGNED NOT NULL COMMENT 'PK',
  `RoleName_` varchar(64) CHARACTER SET utf8 COLLATE utf8_general_ci NULL DEFAULT NULL COMMENT '角色名称',
  `RoleCode_` varchar(255) CHARACTER SET utf8 COLLATE utf8_general_ci NULL DEFAULT NULL COMMENT '角色编码',
  `Index_` tinyint(4) NULL DEFAULT NULL COMMENT '显示顺序',
  `Stop_` bit(1) NULL DEFAULT NULL COMMENT '是否禁用',
  `CreateTime_` datetime NULL DEFAULT NULL COMMENT '创建时间',
  PRIMARY KEY (`Id_`) USING BTREE,
  INDEX `Index_`(`Index_`) USING BTREE,
  INDEX `Stop_`(`Stop_`) USING BTREE
) ENGINE = InnoDB CHARACTER SET = utf8 COLLATE = utf8_general_ci ROW_FORMAT = DYNAMIC;

-- ----------------------------
-- Records of sys_role
-- ----------------------------
INSERT INTO `sys_role` VALUES (751207551789568012, '系统管理员', 'admin', 1, b'0', '2022-01-23 19:05:53');
INSERT INTO `sys_role` VALUES (751207714377568269, '普通账户', 'common', 2, b'0', '2022-01-23 19:06:32');
INSERT INTO `sys_role` VALUES (751207848788234254, '测试角色0', 'test0', 3, b'0', '2022-01-23 19:07:04');
INSERT INTO `sys_role` VALUES (751215174689624067, '测试角色1', 'test1', 4, b'1', '2022-01-23 19:36:11');
INSERT INTO `sys_role` VALUES (751215247142031364, '测试角色2', 'test2', 5, b'0', '2022-01-23 19:36:28');
INSERT INTO `sys_role` VALUES (751215305337999365, '测试角色3', 'test3', 6, b'0', '2022-01-23 19:36:42');

-- ----------------------------
-- Table structure for sys_rolemenu
-- ----------------------------
DROP TABLE IF EXISTS `sys_rolemenu`;
CREATE TABLE `sys_rolemenu`  (
  `Id_` bigint(20) UNSIGNED NOT NULL COMMENT 'PK',
  `SysRoleId_` bigint(20) UNSIGNED NULL DEFAULT NULL COMMENT '角色ID',
  `SysMenuId_` bigint(20) NULL DEFAULT NULL COMMENT '菜单ID',
  PRIMARY KEY (`Id_`) USING BTREE,
  UNIQUE INDEX `SysRoleId_SysMenuId_`(`SysRoleId_`, `SysMenuId_`) USING BTREE,
  INDEX `SysRoleId_`(`SysRoleId_`) USING BTREE,
  INDEX `SysMenuId_`(`SysMenuId_`) USING BTREE
) ENGINE = InnoDB CHARACTER SET = utf8 COLLATE = utf8_general_ci COMMENT = '角色与菜单关系表' ROW_FORMAT = DYNAMIC;

-- ----------------------------
-- Records of sys_rolemenu
-- ----------------------------
INSERT INTO `sys_rolemenu` VALUES (752523178584182787, 751207551789568012, 747076742044323841);
INSERT INTO `sys_rolemenu` VALUES (753052537174757408, 751207551789568012, 747108250423529473);
INSERT INTO `sys_rolemenu` VALUES (753052537489330209, 751207551789568012, 747108574701948929);
INSERT INTO `sys_rolemenu` VALUES (753052538508546083, 751207551789568012, 747109044069732353);
INSERT INTO `sys_rolemenu` VALUES (752523539357241352, 751207551789568012, 747132708441952257);
INSERT INTO `sys_rolemenu` VALUES (753052540123353127, 751207551789568012, 747133404369260545);
INSERT INTO `sys_rolemenu` VALUES (752523539638259721, 751207551789568012, 747139689537998849);
INSERT INTO `sys_rolemenu` VALUES (752523539919278090, 751207551789568012, 747140057642700801);
INSERT INTO `sys_rolemenu` VALUES (753052539041222692, 751207551789568012, 747140225091899393);
INSERT INTO `sys_rolemenu` VALUES (762360893039317068, 751207551789568012, 747140401927950337);
INSERT INTO `sys_rolemenu` VALUES (762360893324529741, 751207551789568012, 747140941504188417);
INSERT INTO `sys_rolemenu` VALUES (753052540433731624, 751207551789568012, 747141068495130625);
INSERT INTO `sys_rolemenu` VALUES (753052540718944297, 751207551789568012, 747141472633098241);
INSERT INTO `sys_rolemenu` VALUES (753052541033517098, 751207551789568012, 747141718490615809);
INSERT INTO `sys_rolemenu` VALUES (753052541494890539, 751207551789568012, 747141860996288513);
INSERT INTO `sys_rolemenu` VALUES (752523178877784068, 751207551789568012, 747147462673829889);
INSERT INTO `sys_rolemenu` VALUES (753052538030395426, 751207551789568012, 747991167228055555);
INSERT INTO `sys_rolemenu` VALUES (752523179171385349, 751207551789568012, 748671924581830665);
INSERT INTO `sys_rolemenu` VALUES (762360464461140039, 751207551789568012, 749256374927626243);
INSERT INTO `sys_rolemenu` VALUES (752523246213140487, 751207551789568012, 749277088325963779);
INSERT INTO `sys_rolemenu` VALUES (752601528220651530, 751207551789568012, 749310933809106947);
INSERT INTO `sys_rolemenu` VALUES (752627055274889236, 751207551789568012, 749358756193767439);
INSERT INTO `sys_rolemenu` VALUES (753052536394616862, 751207551789568012, 751206161667198987);
INSERT INTO `sys_rolemenu` VALUES (753326422885535761, 751207551789568012, 753325068741906448);
INSERT INTO `sys_rolemenu` VALUES (754326004390039571, 751207551789568012, 754324703669260306);
INSERT INTO `sys_rolemenu` VALUES (762363173226549273, 751207551789568012, 754802839963963404);
INSERT INTO `sys_rolemenu` VALUES (755179409509584903, 751207551789568012, 755178958076645382);
INSERT INTO `sys_rolemenu` VALUES (755474363112886280, 751207551789568012, 755474043154599941);
INSERT INTO `sys_rolemenu` VALUES (755550123601301526, 751207551789568012, 755549273990500370);
INSERT INTO `sys_rolemenu` VALUES (755550123345448981, 751207551789568012, 755549399039479827);
INSERT INTO `sys_rolemenu` VALUES (755550123894902807, 751207551789568012, 755549404223639572);
INSERT INTO `sys_rolemenu` VALUES (755551597353898011, 751207551789568012, 755551130393645080);
INSERT INTO `sys_rolemenu` VALUES (755551597618139164, 751207551789568012, 755551263952867353);
INSERT INTO `sys_rolemenu` VALUES (755551597924323357, 751207551789568012, 755551401848999962);
INSERT INTO `sys_rolemenu` VALUES (755836007944949765, 751207551789568012, 755835689752465411);
INSERT INTO `sys_rolemenu` VALUES (755839965576957956, 751207551789568012, 755839775897948163);
INSERT INTO `sys_rolemenu` VALUES (755842744735371270, 751207551789568012, 755842608663760901);
INSERT INTO `sys_rolemenu` VALUES (755843588612558856, 751207551789568012, 755843480915415047);
INSERT INTO `sys_rolemenu` VALUES (755846048068538378, 751207551789568012, 755845902521995273);
INSERT INTO `sys_rolemenu` VALUES (755848864875024396, 751207551789568012, 755848668137000971);
INSERT INTO `sys_rolemenu` VALUES (755850171392331791, 751207551789568012, 755849820270366733);
INSERT INTO `sys_rolemenu` VALUES (755850171736264720, 751207551789568012, 755850054115397646);
INSERT INTO `sys_rolemenu` VALUES (755854888948338707, 751207551789568012, 755854684530544658);
INSERT INTO `sys_rolemenu` VALUES (755855632392917013, 751207551789568012, 755855465048576020);
INSERT INTO `sys_rolemenu` VALUES (755856658651025433, 751207551789568012, 755856190638002198);
INSERT INTO `sys_rolemenu` VALUES (755857576427655200, 751207551789568012, 755856877610471450);
INSERT INTO `sys_rolemenu` VALUES (755857576960331809, 751207551789568012, 755857249318080541);
INSERT INTO `sys_rolemenu` VALUES (755858306916028451, 751207551789568012, 755858216876904482);
INSERT INTO `sys_rolemenu` VALUES (755858882118684709, 751207551789568012, 755858548432441380);
INSERT INTO `sys_rolemenu` VALUES (755859695968849959, 751207551789568012, 755859206309023782);
INSERT INTO `sys_rolemenu` VALUES (755861101178130473, 751207551789568012, 755860927961763880);
INSERT INTO `sys_rolemenu` VALUES (756302434384613379, 751207551789568012, 756302271947608065);
INSERT INTO `sys_rolemenu` VALUES (757607149340856351, 751207551789568012, 757606532539093021);
INSERT INTO `sys_rolemenu` VALUES (757607149709955104, 751207551789568012, 757606590495985694);
INSERT INTO `sys_rolemenu` VALUES (757666690321485863, 751207551789568012, 757666559660527654);
INSERT INTO `sys_rolemenu` VALUES (757667417739628585, 751207551789568012, 757667340266639400);
INSERT INTO `sys_rolemenu` VALUES (757669327188135979, 751207551789568012, 757669149760688170);
INSERT INTO `sys_rolemenu` VALUES (757959475268293337, 751207551789568012, 757959155121263320);
INSERT INTO `sys_rolemenu` VALUES (758032899898480801, 751207551789568012, 758032607719069856);
INSERT INTO `sys_rolemenu` VALUES (758050486287997169, 751207551789568012, 758050370529401072);
INSERT INTO `sys_rolemenu` VALUES (758363348390776884, 751207551789568012, 758362672898117683);
INSERT INTO `sys_rolemenu` VALUES (758403551138550816, 751207551789568012, 758403223609545758);
INSERT INTO `sys_rolemenu` VALUES (758405061696165002, 751207551789568012, 758403731367793723);
INSERT INTO `sys_rolemenu` VALUES (758702247990399084, 751207551789568012, 758702118881333355);
INSERT INTO `sys_rolemenu` VALUES (758716312846471703, 751207551789568012, 758716052338250262);
INSERT INTO `sys_rolemenu` VALUES (758736665601773621, 751207551789568012, 758736510177644596);
INSERT INTO `sys_rolemenu` VALUES (760222479452082278, 751207551789568012, 760221737840414796);
INSERT INTO `sys_rolemenu` VALUES (767106492573814822, 751207551789568012, 767106102184775717);
INSERT INTO `sys_rolemenu` VALUES (770631298191593498, 751207551789568012, 770630052672049177);
INSERT INTO `sys_rolemenu` VALUES (770696930744471578, 751207551789568012, 770695726228443161);
INSERT INTO `sys_rolemenu` VALUES (752612337680257039, 751207714377568269, 747076742044323841);
INSERT INTO `sys_rolemenu` VALUES (756597600634933307, 751207714377568269, 747108250423529473);
INSERT INTO `sys_rolemenu` VALUES (756597600991449148, 751207714377568269, 747108574701948929);
INSERT INTO `sys_rolemenu` VALUES (756597601683509310, 751207714377568269, 747109044069732353);
INSERT INTO `sys_rolemenu` VALUES (753731094498643993, 751207714377568269, 747132708441952257);
INSERT INTO `sys_rolemenu` VALUES (756597602493009984, 751207714377568269, 747133404369260545);
INSERT INTO `sys_rolemenu` VALUES (753731095186509850, 751207714377568269, 747139689537998849);
INSERT INTO `sys_rolemenu` VALUES (753731095991816219, 751207714377568269, 747140057642700801);
INSERT INTO `sys_rolemenu` VALUES (753731096692264988, 751207714377568269, 747140225091899393);
INSERT INTO `sys_rolemenu` VALUES (756597602144882751, 751207714377568269, 747140401927950337);
INSERT INTO `sys_rolemenu` VALUES (753731097036197917, 751207714377568269, 747140941504188417);
INSERT INTO `sys_rolemenu` VALUES (756597602841137217, 751207714377568269, 747141068495130625);
INSERT INTO `sys_rolemenu` VALUES (756597603189264450, 751207714377568269, 747141472633098241);
INSERT INTO `sys_rolemenu` VALUES (756597603537391683, 751207714377568269, 747141718490615809);
INSERT INTO `sys_rolemenu` VALUES (756597589943652381, 751207714377568269, 747141860996288513);
INSERT INTO `sys_rolemenu` VALUES (762360079969292332, 751207714377568269, 747147462673829889);
INSERT INTO `sys_rolemenu` VALUES (756597601335382077, 751207714377568269, 747991167228055555);
INSERT INTO `sys_rolemenu` VALUES (756597597623423027, 751207714377568269, 748671924581830665);
INSERT INTO `sys_rolemenu` VALUES (756597598319677493, 751207714377568269, 749277088325963779);
INSERT INTO `sys_rolemenu` VALUES (756597598667804726, 751207714377568269, 749310933809106947);
INSERT INTO `sys_rolemenu` VALUES (756597599015931959, 751207714377568269, 749358756193767439);
INSERT INTO `sys_rolemenu` VALUES (756597599716380729, 751207714377568269, 751206161667198987);
INSERT INTO `sys_rolemenu` VALUES (756597600064507962, 751207714377568269, 753325068741906448);
INSERT INTO `sys_rolemenu` VALUES (756597597275295794, 751207714377568269, 754324703669260306);
INSERT INTO `sys_rolemenu` VALUES (756597588198821912, 751207714377568269, 754802839963963404);
INSERT INTO `sys_rolemenu` VALUES (756597599364059192, 751207714377568269, 755178958076645382);
INSERT INTO `sys_rolemenu` VALUES (762359730055286827, 751207714377568269, 755474043154599941);
INSERT INTO `sys_rolemenu` VALUES (762359726477545503, 751207714377568269, 755549273990500370);
INSERT INTO `sys_rolemenu` VALUES (756597588546949145, 751207714377568269, 755549399039479827);
INSERT INTO `sys_rolemenu` VALUES (762359726771146784, 751207714377568269, 755549404223639572);
INSERT INTO `sys_rolemenu` VALUES (756597592372154404, 751207714377568269, 755551130393645080);
INSERT INTO `sys_rolemenu` VALUES (756597594825822251, 751207714377568269, 755551263952867353);
INSERT INTO `sys_rolemenu` VALUES (756597595169755180, 751207714377568269, 755551401848999962);
INSERT INTO `sys_rolemenu` VALUES (756597591344549921, 751207714377568269, 755835689752465411);
INSERT INTO `sys_rolemenu` VALUES (756597592728670245, 751207714377568269, 755839775897948163);
INSERT INTO `sys_rolemenu` VALUES (756597593072603174, 751207714377568269, 755842608663760901);
INSERT INTO `sys_rolemenu` VALUES (756597593424924711, 751207714377568269, 755843480915415047);
INSERT INTO `sys_rolemenu` VALUES (756597595522076717, 751207714377568269, 755845902521995273);
INSERT INTO `sys_rolemenu` VALUES (756597595870203950, 751207714377568269, 755848668137000971);
INSERT INTO `sys_rolemenu` VALUES (756597596226719791, 751207714377568269, 755849820270366733);
INSERT INTO `sys_rolemenu` VALUES (756597596574847024, 751207714377568269, 755850054115397646);
INSERT INTO `sys_rolemenu` VALUES (756597591692677154, 751207714377568269, 755854684530544658);
INSERT INTO `sys_rolemenu` VALUES (756597588890882074, 751207714377568269, 755855465048576020);
INSERT INTO `sys_rolemenu` VALUES (756597590295973918, 751207714377568269, 755856190638002198);
INSERT INTO `sys_rolemenu` VALUES (756597592032415779, 751207714377568269, 755856877610471450);
INSERT INTO `sys_rolemenu` VALUES (756597594469306410, 751207714377568269, 755857249318080541);
INSERT INTO `sys_rolemenu` VALUES (756597593773051944, 751207714377568269, 755858216876904482);
INSERT INTO `sys_rolemenu` VALUES (756597594125373481, 751207714377568269, 755858548432441380);
INSERT INTO `sys_rolemenu` VALUES (756597589243203611, 751207714377568269, 755859206309023782);
INSERT INTO `sys_rolemenu` VALUES (756597589595525148, 751207714377568269, 755860927961763880);
INSERT INTO `sys_rolemenu` VALUES (756597596922974257, 751207714377568269, 756302271947608065);
INSERT INTO `sys_rolemenu` VALUES (762359727693893667, 751207714377568269, 757606532539093021);
INSERT INTO `sys_rolemenu` VALUES (762359727995883556, 751207714377568269, 757606590495985694);
INSERT INTO `sys_rolemenu` VALUES (762359727098302497, 751207714377568269, 757666559660527654);
INSERT INTO `sys_rolemenu` VALUES (762359727400292386, 751207714377568269, 757667340266639400);
INSERT INTO `sys_rolemenu` VALUES (762359726175555614, 751207714377568269, 757669149760688170);
INSERT INTO `sys_rolemenu` VALUES (762359728297873445, 751207714377568269, 757959155121263320);
INSERT INTO `sys_rolemenu` VALUES (762359728587280422, 751207714377568269, 758032607719069856);
INSERT INTO `sys_rolemenu` VALUES (762359728885076007, 751207714377568269, 758050370529401072);
INSERT INTO `sys_rolemenu` VALUES (762359729182871592, 751207714377568269, 758362672898117683);
INSERT INTO `sys_rolemenu` VALUES (762359724975984666, 751207714377568269, 758403223609545758);
INSERT INTO `sys_rolemenu` VALUES (762359725265391643, 751207714377568269, 758403731367793723);
INSERT INTO `sys_rolemenu` VALUES (762359729472278569, 751207714377568269, 758702118881333355);
INSERT INTO `sys_rolemenu` VALUES (762359729770074154, 751207714377568269, 758716052338250262);
INSERT INTO `sys_rolemenu` VALUES (762359725567381532, 751207714377568269, 758736510177644596);
INSERT INTO `sys_rolemenu` VALUES (762359725877760029, 751207714377568269, 760221737840414796);

-- ----------------------------
-- Table structure for sys_rolepermission
-- ----------------------------
DROP TABLE IF EXISTS `sys_rolepermission`;
CREATE TABLE `sys_rolepermission`  (
  `Id_` bigint(20) UNSIGNED NOT NULL COMMENT 'PK',
  `SysRoleId_` bigint(20) UNSIGNED NULL DEFAULT NULL COMMENT '角色ID',
  `SysPermissionId_` bigint(20) UNSIGNED NULL DEFAULT NULL COMMENT '权限ID',
  PRIMARY KEY (`Id_`) USING BTREE,
  INDEX `SysRoleId_`(`SysRoleId_`) USING BTREE,
  INDEX `SysPermissionId_`(`SysPermissionId_`) USING BTREE
) ENGINE = InnoDB CHARACTER SET = utf8 COLLATE = utf8_general_ci COMMENT = '角色权限关系表' ROW_FORMAT = Compact;

-- ----------------------------
-- Records of sys_rolepermission
-- ----------------------------
INSERT INTO `sys_rolepermission` VALUES (753721448060817419, 751207551789568012, 753341227046408269);
INSERT INTO `sys_rolepermission` VALUES (767741137158017100, 751207551789568012, 753341223003099200);

-- ----------------------------
-- Table structure for sys_table
-- ----------------------------
DROP TABLE IF EXISTS `sys_table`;
CREATE TABLE `sys_table`  (
  `Id_` bigint(20) UNSIGNED NOT NULL COMMENT 'PK',
  `TableName_` varchar(64) CHARACTER SET utf8 COLLATE utf8_general_ci NULL DEFAULT NULL COMMENT '表名称',
  `TableComment_` varchar(64) CHARACTER SET utf8 COLLATE utf8_general_ci NULL DEFAULT NULL COMMENT '表说明',
  `CreateTime_` datetime NULL DEFAULT NULL COMMENT '表创建时间',
  `SyncTime_` datetime NULL DEFAULT NULL COMMENT '字段同步时间',
  `Package_` varchar(64) CHARACTER SET utf8 COLLATE utf8_general_ci NULL DEFAULT NULL COMMENT 'Ext视图包名',
  `LayoutType_` varchar(64) CHARACTER SET utf8 COLLATE utf8_general_ci NULL DEFAULT NULL COMMENT 'MainView布局类型',
  `ModelName_` varchar(64) CHARACTER SET utf8 COLLATE utf8_general_ci NULL DEFAULT NULL COMMENT '后台Controller前缀',
  `SysDicTypeId_` bigint(20) UNSIGNED NULL DEFAULT NULL COMMENT '字典类型ID',
  `SysDicTypeCode_` varchar(64) CHARACTER SET utf8 COLLATE utf8_general_ci NULL DEFAULT NULL COMMENT '字典类型编码',
  `SelectModel_` varchar(64) CHARACTER SET utf8 COLLATE utf8_general_ci NULL DEFAULT NULL COMMENT '表格选择方式(multi-single-none)',
  `IsPagination_` bit(1) NULL DEFAULT NULL COMMENT '表格是否分页',
  `isRowNum_` bit(1) NULL DEFAULT NULL COMMENT '表格是否显示序号',
  PRIMARY KEY (`Id_`) USING BTREE,
  INDEX `TableName_`(`TableName_`) USING BTREE
) ENGINE = InnoDB CHARACTER SET = utf8 COLLATE = utf8_general_ci ROW_FORMAT = DYNAMIC;

-- ----------------------------
-- Records of sys_table
-- ----------------------------
INSERT INTO `sys_table` VALUES (748650213119496193, 'sys_dept', '系统部门表', '2022-01-15 21:05:58', '2022-02-07 16:51:52', 'sys.dept', 'grid', 'SysDept', 0, '', 'none', b'0', b'0');
INSERT INTO `sys_table` VALUES (748650213182410754, 'sys_menu', '系统菜单表', '2022-01-15 21:29:22', '2022-01-17 20:45:47', 'sys.menu', 'grid', 'SysMenu', NULL, NULL, 'none', b'0', b'0');
INSERT INTO `sys_table` VALUES (748650213207576579, 'sys_table', '数据库表', '2022-01-15 21:37:25', '2022-01-20 15:47:18', 'sys.table', 'grid', 'SysTable', 0, '', 'multi', b'1', b'1');
INSERT INTO `sys_table` VALUES (748650213224353796, 'sys_table_column', '表字段', '2022-01-15 22:04:24', '2022-01-20 16:27:11', 'sys.table.column', 'grid', 'SysTableColumn', NULL, NULL, 'none', b'1', b'1');
INSERT INTO `sys_table` VALUES (749247453424914437, 'sys_dic', '系统字典表', '2022-01-18 09:11:40', '2022-01-18 09:17:19', 'sys.dic', 'grid', 'SysDic', NULL, NULL, 'none', b'0', b'0');
INSERT INTO `sys_table` VALUES (749247453458468870, 'sys_dictype', '字典类别', '2022-01-18 09:11:40', '2022-01-19 10:13:50', 'sys.dictype', 'grid', 'SysDicType', 0, '', 'none', b'0', b'0');
INSERT INTO `sys_table` VALUES (749611038244212739, 'sys_user', '系统用户表', '2022-01-19 09:21:40', '2022-02-07 16:17:52', 'sys.user', 'treegrid', 'SysUser', 749278880535285770, 'DIC_GOODS_TYPE', 'multi', b'1', b'0');
INSERT INTO `sys_table` VALUES (751204154474631171, 'sys_role', '系统角色表', '2022-01-23 18:37:55', '2022-01-23 18:57:07', 'sys.role', 'grid', 'SysRole', 0, '', 'none', b'1', b'0');
INSERT INTO `sys_table` VALUES (751204154600460292, 'sys_userrole', '用户角色关系表', '2022-01-23 18:43:28', '2022-02-12 10:41:10', 'sys.userrole', 'grid', 'SysUserrole', 0, '', 'single', b'1', b'0');
INSERT INTO `sys_table` VALUES (752240553655144453, 'sys_rolemenu', '角色与菜单关系表', '2022-01-26 13:26:11', '2022-02-01 12:57:04', 'sys.rolemenu', 'grid', 'SysRolemenu', 0, '', 'single', b'1', b'0');
INSERT INTO `sys_table` VALUES (753705137343696900, 'sys_rolepermission', '角色权限关系表', '2022-01-30 14:19:03', '2022-02-12 11:07:11', 'sys.rolepermission', 'grid', 'SysRolepermission', 0, '', 'single', b'1', b'0');
INSERT INTO `sys_table` VALUES (753988797296939021, 'sys_generator', '代码生成测试', '2022-01-27 08:52:30', '2022-02-08 15:02:01', 'sys.generator', 'treegrid', 'SysGenerator', 758747149147181215, 'DIC_CITY', 'multi', b'1', b'0');
INSERT INTO `sys_table` VALUES (754320931568095235, 'sys_log', '系统日志', '2022-01-31 13:58:48', '2022-02-01 09:18:47', 'sys.log', 'grid', 'SysLog', 0, '', 'single', b'1', b'0');
INSERT INTO `sys_table` VALUES (754802179923120129, 'sys_message', '系统消息', '2022-02-02 17:05:45', '2022-02-02 17:10:20', 'sys.message', 'treegrid', 'SysMessage', 749281012416122883, 'DIC_MESSAGE_TYPE', 'multi', b'1', b'0');
INSERT INTO `sys_table` VALUES (756857321187053595, 'sys_permission', '系统权限表', '2022-01-30 13:40:13', '2022-02-08 09:16:03', 'sys.permission', 'grid', 'SysPermission', 0, '', 'single', b'1', b'0');
INSERT INTO `sys_table` VALUES (770623442922901529, 'sys_config', '系统配置', '2022-03-18 08:39:37', '2022-03-18 08:57:46', 'sys.config', 'grid', 'SysConfig', 0, '', 'single', b'0', b'0');

-- ----------------------------
-- Table structure for sys_table_column
-- ----------------------------
DROP TABLE IF EXISTS `sys_table_column`;
CREATE TABLE `sys_table_column`  (
  `Id_` bigint(20) UNSIGNED NOT NULL COMMENT 'PK',
  `SysTableId_` bigint(20) UNSIGNED NULL DEFAULT NULL COMMENT 'sys_table表ID',
  `Name_` varchar(64) CHARACTER SET utf8 COLLATE utf8_general_ci NULL DEFAULT NULL COMMENT '列名称',
  `DataType_` varchar(32) CHARACTER SET utf8 COLLATE utf8_general_ci NULL DEFAULT NULL COMMENT '数据类型',
  `Comment_` varchar(64) CHARACTER SET utf8 COLLATE utf8_general_ci NULL DEFAULT NULL COMMENT '列说明',
  `Position_` tinyint(3) UNSIGNED NULL DEFAULT NULL COMMENT '列序号',
  `IsInsert_` bit(1) NULL DEFAULT NULL COMMENT '是否插入(在InsertWindow中)',
  `IsUpdate_` bit(1) NULL DEFAULT NULL COMMENT '是否编辑(在EditWindow中)',
  `IsList_` bit(1) NULL DEFAULT NULL COMMENT '是否显示(在GridList中)',
  `IsQuery_` bit(1) NULL DEFAULT NULL COMMENT '是否显示(在SearchWindow中)',
  `IsQueryAction_` bit(1) NULL DEFAULT NULL COMMENT '是否显示(在ActionPanel中)',
  `IsRequired_` bit(1) NULL DEFAULT NULL COMMENT '是否必填(新增和编辑时)',
  `IsDetail_` bit(1) NULL DEFAULT NULL COMMENT '是否显示(在DetailWindow中)',
  `Xtype_` varchar(64) CHARACTER SET utf8 COLLATE utf8_general_ci NULL DEFAULT NULL COMMENT '控件类型',
  `SysDicTypeId_` bigint(20) UNSIGNED NULL DEFAULT NULL COMMENT '字典类型ID',
  `SysDicTypeCode_` varchar(64) CHARACTER SET utf8 COLLATE utf8_general_ci NULL DEFAULT NULL COMMENT '字典类型编码',
  PRIMARY KEY (`Id_`) USING BTREE,
  INDEX `SysTableId_`(`SysTableId_`) USING BTREE
) ENGINE = InnoDB CHARACTER SET = utf8 COLLATE = utf8_general_ci ROW_FORMAT = DYNAMIC;

-- ----------------------------
-- Records of sys_table_column
-- ----------------------------
INSERT INTO `sys_table_column` VALUES (749057393131917316, 748650213207576579, 'Id_', 'bigint unsigned', 'PK', 1, b'1', b'1', b'1', b'0', NULL, b'0', NULL, 'textfield', NULL, NULL);
INSERT INTO `sys_table_column` VALUES (749057393148694533, 748650213207576579, 'TableName_', 'varchar(64)', '表名称', 2, b'1', b'1', b'1', b'0', NULL, b'0', NULL, 'textfield', NULL, NULL);
INSERT INTO `sys_table_column` VALUES (749057393165471750, 748650213207576579, 'TableComment_', 'varchar(64)', '表说明', 3, b'1', b'1', b'1', b'0', NULL, b'0', NULL, 'textfield', NULL, NULL);
INSERT INTO `sys_table_column` VALUES (749057393182248967, 748650213207576579, 'CreateTime_', 'datetime', '表创建时间', 4, b'1', b'1', b'1', b'0', NULL, b'0', NULL, 'textfield', NULL, NULL);
INSERT INTO `sys_table_column` VALUES (749057393194831880, 748650213207576579, 'SyncTime_', 'datetime', '字段同步时间', 5, b'1', b'1', b'1', b'0', NULL, b'0', NULL, 'textfield', NULL, NULL);
INSERT INTO `sys_table_column` VALUES (749057393207414793, 748650213207576579, 'Package_', 'varchar(16)', '视图包名', 6, b'1', b'1', b'1', b'0', NULL, b'0', NULL, 'textfield', NULL, NULL);
INSERT INTO `sys_table_column` VALUES (749057393224192010, 748650213207576579, 'LayoutType_', 'varchar(64)', 'Ext布局类型', 7, b'1', b'1', b'1', b'0', NULL, b'0', NULL, 'textfield', NULL, NULL);
INSERT INTO `sys_table_column` VALUES (749058260639813643, 748650213224353796, 'Id_', 'bigint unsigned', 'PK', 1, b'1', b'1', b'1', b'0', NULL, b'0', NULL, 'textfield', NULL, NULL);
INSERT INTO `sys_table_column` VALUES (749058260652396556, 748650213224353796, 'SysTableId_', 'bigint unsigned', '', 2, b'1', b'1', b'1', b'0', NULL, b'0', NULL, 'textfield', NULL, NULL);
INSERT INTO `sys_table_column` VALUES (749058260664979469, 748650213224353796, 'Name_', 'varchar(64)', '列名称', 3, b'1', b'1', b'1', b'0', NULL, b'0', NULL, 'textfield', NULL, NULL);
INSERT INTO `sys_table_column` VALUES (749058260677562382, 748650213224353796, 'DataType_', 'varchar(32)', '数据类型', 4, b'1', b'1', b'1', b'0', NULL, b'0', NULL, 'textfield', NULL, NULL);
INSERT INTO `sys_table_column` VALUES (749058260690145295, 748650213224353796, 'Comment_', 'varchar(64)', '列说明', 5, b'1', b'1', b'1', b'0', NULL, b'0', NULL, 'textfield', NULL, NULL);
INSERT INTO `sys_table_column` VALUES (749058260706922512, 748650213224353796, 'Position_', 'tinyint unsigned', '列序号', 6, b'1', b'1', b'1', b'0', NULL, b'0', NULL, 'textfield', NULL, NULL);
INSERT INTO `sys_table_column` VALUES (749058260723699729, 748650213224353796, 'IsInsert_', 'bit(1)', '是否插入', 7, b'1', b'1', b'1', b'0', NULL, b'0', NULL, 'textfield', NULL, NULL);
INSERT INTO `sys_table_column` VALUES (749058260740476946, 748650213224353796, 'IsUpdate_', 'bit(1)', '是否编辑', 8, b'1', b'1', b'1', b'0', NULL, b'0', NULL, 'textfield', NULL, NULL);
INSERT INTO `sys_table_column` VALUES (749058260753059859, 748650213224353796, 'IsList_', 'bit(1)', '是否列表', 9, b'1', b'1', b'1', b'0', NULL, b'0', NULL, 'textfield', NULL, NULL);
INSERT INTO `sys_table_column` VALUES (749058260769837076, 748650213224353796, 'IsQuery_', 'bit(1)', '是否查询', 10, b'1', b'1', b'1', b'0', NULL, b'0', NULL, 'textfield', NULL, NULL);
INSERT INTO `sys_table_column` VALUES (749058260786614293, 748650213224353796, 'IsRequired_', 'bit(1)', '是否必填', 11, b'1', b'1', b'1', b'0', NULL, b'0', NULL, 'textfield', NULL, NULL);
INSERT INTO `sys_table_column` VALUES (749058260799197206, 748650213224353796, 'Xtype_', 'varchar(64)', '控件类型', 12, b'1', b'1', b'1', b'0', NULL, b'0', NULL, 'textfield', NULL, NULL);
INSERT INTO `sys_table_column` VALUES (749058260815974423, 748650213224353796, 'DictionaryCode_', 'varchar(64)', '字典编码', 13, b'1', b'1', b'1', b'0', NULL, b'0', NULL, 'textfield', NULL, NULL);
INSERT INTO `sys_table_column` VALUES (749058363106660376, 748650213182410754, 'Id_', 'bigint unsigned', '主键ID', 1, b'1', b'1', b'1', b'0', NULL, b'0', NULL, 'textfield', NULL, NULL);
INSERT INTO `sys_table_column` VALUES (749058363123437593, 748650213182410754, 'Name_', 'varchar(64)', '菜单名称', 2, b'1', b'1', b'1', b'0', NULL, b'0', NULL, 'textfield', NULL, NULL);
INSERT INTO `sys_table_column` VALUES (749058363131826202, 748650213182410754, 'Index_', 'tinyint unsigned', '菜单顺序', 3, b'1', b'1', b'1', b'0', NULL, b'0', NULL, 'textfield', NULL, NULL);
INSERT INTO `sys_table_column` VALUES (749058363144409115, 748650213182410754, 'ParentId_', 'bigint unsigned', '父菜单ID', 4, b'1', b'1', b'1', b'0', NULL, b'0', NULL, 'textfield', NULL, NULL);
INSERT INTO `sys_table_column` VALUES (749058363152797724, 748650213182410754, 'Leaf_', 'bit(1)', '是否叶子节点', 5, b'1', b'1', b'1', b'0', NULL, b'0', NULL, 'textfield', NULL, NULL);
INSERT INTO `sys_table_column` VALUES (749058363165380637, 748650213182410754, 'IconCls_', 'varchar(64)', '菜单文字左侧图标', 6, b'1', b'1', b'1', b'0', NULL, b'0', NULL, 'textfield', NULL, NULL);
INSERT INTO `sys_table_column` VALUES (749058363173769246, 748650213182410754, 'RowCls_', 'varchar(64)', '菜单文字右侧图标', 7, b'1', b'1', b'1', b'0', NULL, b'0', NULL, 'textfield', NULL, NULL);
INSERT INTO `sys_table_column` VALUES (749058363186352159, 748650213182410754, 'ViewType_', 'varchar(64)', '主视图名称', 8, b'1', b'1', b'1', b'0', NULL, b'0', NULL, 'textfield', NULL, NULL);
INSERT INTO `sys_table_column` VALUES (749058363198935072, 748650213182410754, 'Expanded_', 'bit(1)', '菜单是否展开', 9, b'1', b'1', b'1', b'0', NULL, b'0', NULL, 'textfield', NULL, NULL);
INSERT INTO `sys_table_column` VALUES (749058363207323681, 748650213182410754, 'Qtip_', 'varchar(64)', '菜单鼠标悬停文本', 10, b'1', b'1', b'1', b'0', NULL, b'0', NULL, 'textfield', NULL, NULL);
INSERT INTO `sys_table_column` VALUES (749058363219906594, 748650213182410754, 'Stop_', 'bit(1)', '是否停用', 11, b'1', b'1', b'1', b'0', NULL, b'0', NULL, 'textfield', NULL, NULL);
INSERT INTO `sys_table_column` VALUES (749247492415164424, 749247453424914437, 'Id_', 'bigint unsigned', 'PK', 1, b'1', b'1', b'1', b'0', NULL, b'0', NULL, 'textfield', NULL, NULL);
INSERT INTO `sys_table_column` VALUES (749247492431941641, 749247453424914437, 'SysDicId_', 'bigint unsigned', '字典类型ID', 2, b'1', b'1', b'1', b'0', NULL, b'0', NULL, 'textfield', NULL, NULL);
INSERT INTO `sys_table_column` VALUES (749247492448718858, 749247453424914437, 'SysDicCode_', 'varchar(64)', '字典类型编码', 3, b'1', b'1', b'1', b'0', NULL, b'0', NULL, 'textfield', NULL, NULL);
INSERT INTO `sys_table_column` VALUES (749247492461301771, 749247453424914437, 'Name_', 'varchar(64)', '字典显示名称', 4, b'1', b'1', b'1', b'0', NULL, b'0', NULL, 'textfield', NULL, NULL);
INSERT INTO `sys_table_column` VALUES (749247492478078988, 749247453424914437, 'Index_', 'tinyint unsigned', '字典顺序', 5, b'1', b'1', b'1', b'0', NULL, b'0', NULL, 'textfield', NULL, NULL);
INSERT INTO `sys_table_column` VALUES (749247492490661901, 749247453424914437, 'ParentId_', 'bigint unsigned', '父字典ID', 6, b'1', b'1', b'1', b'0', NULL, b'0', NULL, 'textfield', NULL, NULL);
INSERT INTO `sys_table_column` VALUES (749247492507439118, 749247453424914437, 'Leaf_', 'bit(1)', '是否叶子节点', 7, b'1', b'1', b'1', b'0', NULL, b'0', NULL, 'textfield', NULL, NULL);
INSERT INTO `sys_table_column` VALUES (749247492520022031, 749247453424914437, 'Expanded_', 'bit(1)', '是否展开', 8, b'1', b'1', b'1', b'0', NULL, b'0', NULL, 'textfield', NULL, NULL);
INSERT INTO `sys_table_column` VALUES (749247492532604944, 749247453424914437, 'Stop_', 'bit(1)', '是否停用', 9, b'1', b'1', b'1', b'0', NULL, b'0', NULL, 'textfield', NULL, NULL);
INSERT INTO `sys_table_column` VALUES (749356958884171779, 749351014217420809, 'Id_', 'bigint unsigned', 'PK', 1, b'1', b'1', b'1', b'0', NULL, b'0', NULL, 'textfield', NULL, NULL);
INSERT INTO `sys_table_column` VALUES (749356958905143300, 749351014217420809, 'Name_', 'varchar(64)', '姓名', 2, b'1', b'1', b'1', b'0', NULL, b'0', NULL, 'textfield', NULL, NULL);
INSERT INTO `sys_table_column` VALUES (749356958989029381, 749351014217420809, 'LoginName_', 'varchar(64)', '登录名', 3, b'1', b'1', b'1', b'0', NULL, b'0', NULL, 'textfield', NULL, NULL);
INSERT INTO `sys_table_column` VALUES (749356959001612294, 749351014217420809, 'Password_', 'varchar(255)', '登录密码: MD5(明文+盐)', 4, b'1', b'1', b'1', b'0', NULL, b'0', NULL, 'textfield', NULL, NULL);
INSERT INTO `sys_table_column` VALUES (749356959018389511, 749351014217420809, 'Salt_', 'varchar(32)', '盐值(32随机字符串)', 5, b'1', b'1', b'1', b'0', NULL, b'0', NULL, 'textfield', NULL, NULL);
INSERT INTO `sys_table_column` VALUES (749356959039361032, 749351014217420809, 'Email_', 'varchar(64)', '邮箱', 6, b'1', b'1', b'1', b'0', NULL, b'0', NULL, 'textfield', NULL, NULL);
INSERT INTO `sys_table_column` VALUES (749356959051943945, 749351014217420809, 'Phone_', 'varchar(64)', '电话', 7, b'1', b'1', b'1', b'0', NULL, b'0', NULL, 'textfield', NULL, NULL);
INSERT INTO `sys_table_column` VALUES (749356959068721162, 749351014217420809, 'SysDeptId_', 'bigint unsigned', '部门ID', 8, b'1', b'1', b'1', b'0', NULL, b'0', NULL, 'textfield', NULL, NULL);
INSERT INTO `sys_table_column` VALUES (749356959085498379, 749351014217420809, 'SysDeptCode_', 'varchar(64)', '部门编码', 9, b'1', b'1', b'1', b'0', NULL, b'0', NULL, 'textfield', NULL, NULL);
INSERT INTO `sys_table_column` VALUES (749356959102275596, 749351014217420809, 'CreateTime_', 'datetime', '创建时间', 10, b'1', b'1', b'1', b'0', NULL, b'0', NULL, 'textfield', NULL, NULL);
INSERT INTO `sys_table_column` VALUES (749356959119052813, 749351014217420809, 'Stop_', 'bit(1)', '禁用', 11, b'1', b'1', b'1', b'0', NULL, b'0', NULL, 'textfield', NULL, NULL);
INSERT INTO `sys_table_column` VALUES (749356959135830030, 749351014217420809, 'PictureUrl_', 'varchar(255)', '头像路径', 12, b'1', b'1', b'1', b'0', NULL, b'0', NULL, 'textfield', NULL, NULL);
INSERT INTO `sys_table_column` VALUES (749619449929273345, 749611038244212739, 'Id_', 'bigint unsigned', 'PK', 1, b'0', b'1', b'1', b'0', NULL, b'0', b'1', 'hiddenfield', NULL, NULL);
INSERT INTO `sys_table_column` VALUES (749619449950244866, 749611038244212739, 'Name_', 'varchar(64)', '姓名', 2, b'1', b'1', b'1', b'1', b'1', b'1', b'1', 'textfield', NULL, NULL);
INSERT INTO `sys_table_column` VALUES (749619449971216387, 749611038244212739, 'LoginName_', 'varchar(64)', '登录名', 3, b'1', b'1', b'1', b'1', NULL, b'1', b'1', 'textfield', NULL, NULL);
INSERT INTO `sys_table_column` VALUES (749619449987993604, 749611038244212739, 'Password_', 'varchar(255)', '登录密码: MD5(明文+盐)', 4, b'1', b'1', b'1', b'0', NULL, b'0', b'1', 'textfield', NULL, NULL);
INSERT INTO `sys_table_column` VALUES (749619450008965125, 749611038244212739, 'Salt_', 'varchar(32)', '盐值(32随机字符串)', 5, b'1', b'1', b'0', b'0', NULL, b'0', b'1', 'textfield', NULL, NULL);
INSERT INTO `sys_table_column` VALUES (749619450042519558, 749611038244212739, 'Email_', 'varchar(64)', '邮箱', 6, b'1', b'1', b'1', b'1', b'1', b'0', b'1', 'textfield', NULL, NULL);
INSERT INTO `sys_table_column` VALUES (749619450059296775, 749611038244212739, 'Phone_', 'varchar(64)', '电话', 7, b'1', b'1', b'0', b'1', b'1', b'1', b'1', 'numberfield', NULL, NULL);
INSERT INTO `sys_table_column` VALUES (749619450076073992, 749611038244212739, 'SysDeptId_', 'bigint unsigned', '部门ID', 8, b'1', b'1', b'0', b'1', NULL, b'0', b'1', 'sys_dictype_sysdictreepicker', NULL, 'DIC_GOODS_TYPE');
INSERT INTO `sys_table_column` VALUES (749619450088656905, 749611038244212739, 'SysDeptCode_', 'varchar(64)', '部门编码', 9, b'1', b'1', b'1', b'1', NULL, b'0', b'1', 'sys_dic_sysdiccombobox', NULL, 'DIC_SEX');
INSERT INTO `sys_table_column` VALUES (749619450105434122, 749611038244212739, 'CreateTime_', 'datetime', '创建时间', 10, b'1', b'1', b'1', b'1', NULL, b'0', b'1', 'datefield', NULL, NULL);
INSERT INTO `sys_table_column` VALUES (749619450130599947, 749611038244212739, 'Stop_', 'bit(1)', '禁用', 11, b'1', b'1', b'1', b'0', NULL, b'0', b'1', 'textfield', NULL, NULL);
INSERT INTO `sys_table_column` VALUES (749619450151571468, 749611038244212739, 'PictureUrl_', 'varchar(255)', '头像路径', 12, b'1', b'1', b'1', b'0', NULL, b'0', b'1', 'textfield', NULL, NULL);
INSERT INTO `sys_table_column` VALUES (749624104562331663, 749247453458468870, 'Id_', 'bigint unsigned', 'PK', 1, b'1', b'1', b'1', b'0', NULL, b'0', NULL, 'textfield', NULL, NULL);
INSERT INTO `sys_table_column` VALUES (749624104579108880, 749247453458468870, 'Name_', 'varchar(64)', '字典名称', 2, b'1', b'1', b'1', b'0', NULL, b'0', NULL, 'hiddenfield', NULL, NULL);
INSERT INTO `sys_table_column` VALUES (749624104591691793, 749247453458468870, 'Code_', 'varchar(64)', '字典编码', 3, b'1', b'1', b'1', b'0', NULL, b'0', NULL, 'textfield', NULL, NULL);
INSERT INTO `sys_table_column` VALUES (749624104608469010, 749247453458468870, 'Type_', 'varchar(64)', '字典类型', 4, b'1', b'1', b'1', b'0', NULL, b'0', NULL, 'textfield', NULL, NULL);
INSERT INTO `sys_table_column` VALUES (749624104621051923, 749247453458468870, 'Index_', 'tinyint unsigned', '字典顺序', 5, b'1', b'1', b'1', b'0', NULL, b'0', NULL, 'textfield', NULL, NULL);
INSERT INTO `sys_table_column` VALUES (749624104633634836, 749247453458468870, 'ParentId_', 'bigint unsigned', '父字典ID', 6, b'1', b'1', b'1', b'0', NULL, b'0', NULL, 'textfield', NULL, NULL);
INSERT INTO `sys_table_column` VALUES (749624104646217749, 749247453458468870, 'Leaf_', 'bit(1)', '是否叶子节点', 7, b'1', b'1', b'1', b'0', NULL, b'0', NULL, 'textfield', NULL, NULL);
INSERT INTO `sys_table_column` VALUES (749624104662994966, 749247453458468870, 'Expanded_', 'bit(1)', '是否展开', 8, b'1', b'1', b'1', b'0', NULL, b'0', NULL, 'textfield', NULL, NULL);
INSERT INTO `sys_table_column` VALUES (749624104675577879, 749247453458468870, 'Stop_', 'bit(1)', '是否停用', 9, b'1', b'1', b'1', b'0', NULL, b'0', NULL, 'textfield', NULL, NULL);
INSERT INTO `sys_table_column` VALUES (750070413484232707, 748650213207576579, 'ModelName_', 'varchar(64)', 'Model名称', 8, b'1', b'1', b'1', b'0', NULL, b'0', NULL, 'textfield', NULL, NULL);
INSERT INTO `sys_table_column` VALUES (750070413501009924, 748650213207576579, 'SysDicTypeId_', 'bigint unsigned', '字典类型ID', 9, b'1', b'1', b'1', b'0', NULL, b'0', NULL, 'textfield', NULL, NULL);
INSERT INTO `sys_table_column` VALUES (750070413517787141, 748650213207576579, 'SysDicTypeCode_', 'varchar(64)', '字典类型编码', 10, b'1', b'1', b'1', b'0', NULL, b'0', NULL, 'textfield', NULL, NULL);
INSERT INTO `sys_table_column` VALUES (750070413534564358, 748650213207576579, 'SelectModel_', 'varchar(64)', '表格选择方式(多选单选不选)', 11, b'1', b'1', b'1', b'0', NULL, b'0', NULL, 'textfield', NULL, NULL);
INSERT INTO `sys_table_column` VALUES (750070413555535879, 748650213207576579, 'IsPagination_', 'bit(1)', '表格是否分页', 12, b'1', b'1', b'1', b'0', NULL, b'0', NULL, 'textfield', NULL, NULL);
INSERT INTO `sys_table_column` VALUES (750070413572313096, 748650213207576579, 'isRowNum_', 'bit(1)', '表格是否显示序号', 13, b'1', b'1', b'1', b'0', NULL, b'0', NULL, 'textfield', NULL, NULL);
INSERT INTO `sys_table_column` VALUES (750080447010181129, 748650213224353796, 'IsQueryAction_', 'bit(1)', '是否显示(在ActionPanel中)', 11, b'1', b'1', b'1', b'0', NULL, b'0', NULL, 'textfield', NULL, NULL);
INSERT INTO `sys_table_column` VALUES (750080447026958346, 748650213224353796, 'IsDetail_', 'bit(1)', '是否显示(在DetailWindow中)', 13, b'1', b'1', b'1', b'0', NULL, b'0', NULL, 'textfield', NULL, NULL);
INSERT INTO `sys_table_column` VALUES (751204912385363973, 751204154474631171, 'Id_', 'bigint unsigned', 'PK', 1, b'0', b'1', b'1', b'0', b'0', b'0', b'0', 'textfield', NULL, '');
INSERT INTO `sys_table_column` VALUES (751204912402141190, 751204154474631171, 'RoleName_', 'varchar(64)', '角色名称', 2, b'1', b'1', b'1', b'0', b'1', b'1', b'1', 'textfield', NULL, '');
INSERT INTO `sys_table_column` VALUES (751204912423112711, 751204154474631171, 'RoleCode_', 'varchar(255)', '角色编码', 3, b'1', b'1', b'1', b'0', b'1', b'1', b'1', 'textfield', NULL, '');
INSERT INTO `sys_table_column` VALUES (751204912435695624, 751204154474631171, 'Index_', 'tinyint', '显示顺序', 4, b'1', b'1', b'1', b'0', b'0', b'1', b'1', 'numberfield', NULL, '');
INSERT INTO `sys_table_column` VALUES (751204912452472841, 751204154474631171, 'Stop_', 'bit(1)', '是否禁用', 5, b'1', b'1', b'1', b'0', b'0', b'1', b'1', 'yesnocombobox', NULL, '');
INSERT INTO `sys_table_column` VALUES (751204912465055754, 751204154474631171, 'CreateTime_', 'datetime', '创建时间', 6, b'0', b'0', b'1', b'0', b'0', b'0', b'1', 'textfield', NULL, '');
INSERT INTO `sys_table_column` VALUES (753988812354490382, 753988797296939021, 'Id_', 'bigint(20) unsigned', '主键PK', 1, b'0', b'1', b'1', b'0', b'0', b'0', b'0', 'hiddenfield', NULL, '');
INSERT INTO `sys_table_column` VALUES (753988812660674575, 753988797296939021, 'StringVal1_', 'varchar(64)', '字符串1', 2, b'1', b'1', b'1', b'1', b'1', b'0', b'1', 'textfield', NULL, '');
INSERT INTO `sys_table_column` VALUES (753988812920721424, 753988797296939021, 'StringVal2_', 'varchar(255)', '字符串2', 3, b'1', b'1', b'1', b'1', b'0', b'0', b'1', 'textfield', NULL, '');
INSERT INTO `sys_table_column` VALUES (753988813197545489, 753988797296939021, 'SysDicSexId_', 'bigint(20)', '字典(性别)ID', 4, b'1', b'1', b'0', b'1', b'0', b'0', b'1', 'sys_dic_sysdiccombobox', NULL, 'DIC_SEX');
INSERT INTO `sys_table_column` VALUES (753988813541478418, 753988797296939021, 'SysDicCityId_', 'bigint(20)', '字典(城市)ID', 5, b'1', b'1', b'0', b'1', b'0', b'0', b'1', 'sys_dic_sysdictreepicker', NULL, 'DIC_CITY');
INSERT INTO `sys_table_column` VALUES (753988813856051219, 753988797296939021, 'IntVal1_', 'int(10) unsigned', '数值1', 6, b'1', b'1', b'1', b'1', b'0', b'0', b'1', 'numberfield', NULL, '');
INSERT INTO `sys_table_column` VALUES (753988814132875284, 753988797296939021, 'IntVal2_', 'int(11)', '数值2', 7, b'1', b'1', b'1', b'1', b'0', b'0', b'1', 'numberfield', NULL, '');
INSERT INTO `sys_table_column` VALUES (753988814409699349, 753988797296939021, 'DateVal_', 'date', '日期类型', 8, b'1', b'0', b'1', b'1', b'1', b'0', b'1', 'datefield', NULL, '');
INSERT INTO `sys_table_column` VALUES (753988814652968982, 753988797296939021, 'BooleanVal_', 'bit(1)', '布尔类型', 9, b'1', b'1', b'1', b'1', b'0', b'0', b'1', 'yesnocombobox', NULL, '');
INSERT INTO `sys_table_column` VALUES (753990012265173015, 752240553655144453, 'Id_', 'bigint(20) unsigned', 'PK', 1, b'1', b'1', b'1', b'0', b'0', b'0', b'1', 'textfield', NULL, '');
INSERT INTO `sys_table_column` VALUES (753990012575551512, 752240553655144453, 'SysRoleId_', 'bigint(20) unsigned', '角色ID', 2, b'1', b'1', b'1', b'0', b'0', b'0', b'1', 'textfield', NULL, '');
INSERT INTO `sys_table_column` VALUES (753990012843986969, 752240553655144453, 'SysMenuId_', 'bigint(20)', '菜单ID', 3, b'1', b'1', b'1', b'0', b'0', b'0', b'1', 'textfield', NULL, '');
INSERT INTO `sys_table_column` VALUES (754321284590080004, 754320931568095235, 'Id_', 'bigint(20) unsigned', 'PK', 1, b'1', b'1', b'1', b'0', b'0', b'0', b'1', 'textfield', NULL, '');
INSERT INTO `sys_table_column` VALUES (754321284812378117, 754320931568095235, 'LogTime_', 'datetime', '记录时间', 2, b'1', b'1', b'1', b'0', b'1', b'0', b'1', 'datefield', NULL, '');
INSERT INTO `sys_table_column` VALUES (754321285034676230, 754320931568095235, 'RequestHost_', 'varchar(32)', '请求IP', 3, b'1', b'1', b'1', b'0', b'0', b'0', b'1', 'textfield', NULL, '');
INSERT INTO `sys_table_column` VALUES (754321285269557255, 754320931568095235, 'RequestUrl_', 'varchar(255)', '请求路径1', 4, b'1', b'1', b'1', b'0', b'1', b'0', b'1', 'textfield', NULL, '');
INSERT INTO `sys_table_column` VALUES (754321285491855368, 754320931568095235, 'ActionName_', 'varchar(64)', '操作名称2', 5, b'1', b'1', b'1', b'0', b'0', b'0', b'1', 'textfield', NULL, '');
INSERT INTO `sys_table_column` VALUES (754321285726736393, 754320931568095235, 'RequestMethod_', 'varchar(10)', 'Http方式3', 6, b'1', b'1', b'1', b'0', b'0', b'1', b'1', 'textfield', NULL, '');
INSERT INTO `sys_table_column` VALUES (754321285944840202, 754320931568095235, 'RequestParams_', 'varchar(512)', '请求参数JSON', 7, b'1', b'1', b'1', b'0', b'0', b'0', b'1', 'textfield', NULL, '');
INSERT INTO `sys_table_column` VALUES (754321286129389579, 754320931568095235, 'RunTime_', 'int(11) unsigned', '执行时间毫秒', 8, b'1', b'1', b'1', b'0', b'0', b'0', b'1', 'textfield', NULL, '');
INSERT INTO `sys_table_column` VALUES (754321286376853516, 754320931568095235, 'ReturnValue_', 'varchar(1024)', '返回结果JSON', 9, b'1', b'1', b'1', b'0', b'0', b'0', b'1', 'textfield', NULL, '');
INSERT INTO `sys_table_column` VALUES (754321286599151629, 754320931568095235, 'Exception_', 'bit(1)', '是否异常', 10, b'1', b'1', b'1', b'0', b'0', b'0', b'1', 'textfield', NULL, '');
INSERT INTO `sys_table_column` VALUES (754321286817255438, 754320931568095235, 'ExceptionClass_', 'varchar(255)', '异常类型', 11, b'1', b'1', b'1', b'0', b'0', b'0', b'1', 'textfield', NULL, '');
INSERT INTO `sys_table_column` VALUES (754321287043747855, 754320931568095235, 'UserId_', 'bigint(20) unsigned', '用户ID', 12, b'1', b'1', b'1', b'0', b'0', b'0', b'1', 'textfield', NULL, '');
INSERT INTO `sys_table_column` VALUES (754321287245074448, 754320931568095235, 'UserName_', 'varchar(32)', '用户行吗', 13, b'1', b'1', b'1', b'0', b'0', b'0', b'1', 'textfield', NULL, '');
INSERT INTO `sys_table_column` VALUES (754781269858062343, 748650213119496193, 'Id_', 'bigint(20) unsigned', 'PK', 1, b'1', b'1', b'1', b'0', b'0', b'0', b'1', 'textfield', NULL, '');
INSERT INTO `sys_table_column` VALUES (754781270088749064, 748650213119496193, 'DeptName_', 'varchar(64)', '部门名称', 2, b'1', b'1', b'1', b'0', b'0', b'0', b'1', 'textfield', NULL, '');
INSERT INTO `sys_table_column` VALUES (754781270332018697, 748650213119496193, 'DeptCode_', 'varchar(64)', '部门编码', 3, b'1', b'1', b'1', b'0', b'0', b'0', b'1', 'textfield', NULL, '');
INSERT INTO `sys_table_column` VALUES (754781270554316810, 748650213119496193, 'ParentId_', 'bigint(20) unsigned', '父节点ID', 4, b'1', b'1', b'1', b'0', b'0', b'0', b'1', 'textfield', NULL, '');
INSERT INTO `sys_table_column` VALUES (754781270768226315, 748650213119496193, 'Expanded_', 'bit(1)', '是否展开', 5, b'1', b'1', b'1', b'0', b'0', b'0', b'1', 'textfield', NULL, '');
INSERT INTO `sys_table_column` VALUES (754781270994718732, 748650213119496193, 'Index_', 'tinyint(3) unsigned', '顺序', 6, b'1', b'1', b'1', b'0', b'0', b'0', b'1', 'textfield', NULL, '');
INSERT INTO `sys_table_column` VALUES (754781271208628237, 748650213119496193, 'Leaf_', 'bit(1)', '是否叶子', 7, b'1', b'1', b'1', b'0', b'0', b'0', b'1', 'textfield', NULL, '');
INSERT INTO `sys_table_column` VALUES (754781271447703566, 748650213119496193, 'Stop_', 'bit(1)', '是否停用', 8, b'1', b'1', b'1', b'0', b'0', b'0', b'1', 'textfield', NULL, '');
INSERT INTO `sys_table_column` VALUES (754781271686778895, 748650213119496193, 'CreateTime_', 'datetime', '创建时间', 9, b'1', b'1', b'1', b'0', b'0', b'0', b'1', 'textfield', NULL, '');
INSERT INTO `sys_table_column` VALUES (754802348110516228, 754802179923120129, 'Id_', 'bigint(20) unsigned', 'PK', 1, b'1', b'1', b'1', b'0', b'0', b'0', b'1', 'textfield', NULL, '');
INSERT INTO `sys_table_column` VALUES (754802348353785861, 754802179923120129, 'SysUserId_', 'bigint(20) unsigned', '用户表ID', 2, b'1', b'1', b'1', b'0', b'0', b'0', b'1', 'textfield', NULL, '');
INSERT INTO `sys_table_column` VALUES (754802348580278278, 754802179923120129, 'CreateTime_', 'datetime', '创建时间', 3, b'1', b'1', b'1', b'0', b'1', b'0', b'1', 'datefield', NULL, '');
INSERT INTO `sys_table_column` VALUES (754802348831936519, 754802179923120129, 'CreateUser_', 'varchar(32)', '创建用户', 4, b'1', b'1', b'1', b'0', b'0', b'0', b'1', 'textfield', NULL, '');
INSERT INTO `sys_table_column` VALUES (754802349071011848, 754802179923120129, 'SysDicId_', 'bigint(20) unsigned', '消息类型ID', 5, b'1', b'1', b'1', b'0', b'0', b'0', b'1', 'textfield', NULL, '');
INSERT INTO `sys_table_column` VALUES (754802349289115657, 754802179923120129, 'Message_', 'varchar(512)', '消息内容', 6, b'1', b'1', b'1', b'0', b'0', b'0', b'1', 'textfield', NULL, '');
INSERT INTO `sys_table_column` VALUES (754802349591105546, 754802179923120129, 'IsRead_', 'bit(1)', '是否阅读', 7, b'1', b'1', b'1', b'0', b'0', b'0', b'1', 'textfield', NULL, '');
INSERT INTO `sys_table_column` VALUES (754802349880512523, 754802179923120129, 'ReadTime_', 'datetime', '阅读时间', 8, b'1', b'1', b'1', b'0', b'0', b'0', b'1', 'textfield', NULL, '');
INSERT INTO `sys_table_column` VALUES (756601089175982159, 749611038244212739, 'Index_', 'tinyint(4)', '显示顺序', 12, b'1', b'1', b'1', b'0', b'0', b'0', b'1', 'textfield', NULL, '');
INSERT INTO `sys_table_column` VALUES (758328292649603175, 751204154600460292, 'Id_', 'bigint(20) unsigned', 'PK', 1, b'1', b'1', b'1', b'0', b'0', b'0', b'1', 'textfield', NULL, '');
INSERT INTO `sys_table_column` VALUES (758328293069033576, 751204154600460292, 'SysUserId_', 'bigint(20) unsigned', '用户ID', 2, b'1', b'1', b'1', b'0', b'0', b'0', b'1', 'textfield', NULL, '');
INSERT INTO `sys_table_column` VALUES (758328293727539305, 751204154600460292, 'SysRoleId_', 'bigint(20) unsigned', '角色ID', 3, b'1', b'1', b'1', b'0', b'0', b'0', b'1', 'textfield', NULL, '');
INSERT INTO `sys_table_column` VALUES (758334841304518762, 753705137343696900, 'Id_', 'bigint(20) unsigned', 'PK', 1, b'1', b'1', b'1', b'0', b'0', b'0', b'1', 'textfield', NULL, '');
INSERT INTO `sys_table_column` VALUES (758334841740726379, 753705137343696900, 'SysRoleId_', 'bigint(20) unsigned', '角色ID', 2, b'1', b'1', b'1', b'0', b'0', b'0', b'1', 'textfield', NULL, '');
INSERT INTO `sys_table_column` VALUES (758334842164351084, 753705137343696900, 'SysPermissionId_', 'bigint(20) unsigned', '权限ID', 3, b'1', b'1', b'1', b'0', b'0', b'0', b'1', 'textfield', NULL, '');
INSERT INTO `sys_table_column` VALUES (770623459200995354, 770623442922901529, 'Id_', 'bigint(20) unsigned', '', 1, b'1', b'1', b'1', b'0', b'0', b'0', b'1', 'hiddenfield', NULL, '');
INSERT INTO `sys_table_column` VALUES (770623459507179547, 770623442922901529, 'ConfigName_', 'varchar(255)', '配置名称', 2, b'1', b'1', b'1', b'0', b'1', b'0', b'1', 'textfield', NULL, '');
INSERT INTO `sys_table_column` VALUES (770623459779809308, 770623442922901529, 'ConfigKey_', 'varchar(64)', '配置键名', 3, b'1', b'1', b'1', b'0', b'0', b'0', b'1', 'textfield', NULL, '');
INSERT INTO `sys_table_column` VALUES (770623460123742237, 770623442922901529, 'ConfigValue_', 'varchar(64)', '配置键值', 4, b'1', b'1', b'1', b'0', b'0', b'0', b'1', 'textfield', NULL, '');
INSERT INTO `sys_table_column` VALUES (770623460434120734, 770623442922901529, 'SystemIn_', 'bit(1)', '系统内置(内置的不允许删除和修改ConfigKey_)', 5, b'1', b'1', b'1', b'0', b'0', b'0', b'1', 'yesnocombobox', NULL, '');
INSERT INTO `sys_table_column` VALUES (770623460736110623, 770623442922901529, 'Remark_', 'varchar(255)', '备注', 6, b'1', b'1', b'1', b'0', b'0', b'0', b'1', 'textfield', NULL, '');
INSERT INTO `sys_table_column` VALUES (770623461092626464, 770623442922901529, 'UpdateTime_', 'datetime', '最后更新时间', 7, b'1', b'1', b'1', b'0', b'0', b'0', b'1', 'textfield', NULL, '');

-- ----------------------------
-- Table structure for sys_user
-- ----------------------------
DROP TABLE IF EXISTS `sys_user`;
CREATE TABLE `sys_user`  (
  `Id_` bigint(20) UNSIGNED NOT NULL COMMENT 'PK',
  `Name_` varchar(64) CHARACTER SET utf8 COLLATE utf8_general_ci NULL DEFAULT NULL COMMENT '姓名',
  `LoginName_` varchar(64) CHARACTER SET utf8 COLLATE utf8_general_ci NULL DEFAULT NULL COMMENT '登录名',
  `Password_` varchar(128) CHARACTER SET utf8 COLLATE utf8_general_ci NULL DEFAULT NULL COMMENT '登录密码: MD5(明文+盐)',
  `Salt_` varchar(32) CHARACTER SET utf8 COLLATE utf8_general_ci NULL DEFAULT NULL COMMENT '盐值(32随机字符串)',
  `Email_` varchar(64) CHARACTER SET utf8 COLLATE utf8_general_ci NULL DEFAULT NULL COMMENT '邮箱',
  `Phone_` varchar(64) CHARACTER SET utf8 COLLATE utf8_general_ci NULL DEFAULT NULL COMMENT '电话',
  `SysDeptId_` bigint(20) UNSIGNED NULL DEFAULT NULL COMMENT '部门ID',
  `CreateTime_` datetime NULL DEFAULT NULL COMMENT '创建时间',
  `Stop_` bit(1) NULL DEFAULT NULL COMMENT '禁用',
  `PictureUrl_` varchar(512) CHARACTER SET utf8 COLLATE utf8_general_ci NULL DEFAULT NULL COMMENT '头像路径',
  `Index_` tinyint(4) NULL DEFAULT NULL COMMENT '显示顺序',
  PRIMARY KEY (`Id_`) USING BTREE,
  UNIQUE INDEX `LoginName_`(`LoginName_`) USING BTREE,
  INDEX `SysDeptId_`(`SysDeptId_`) USING BTREE,
  INDEX `Name_`(`Name_`) USING BTREE
) ENGINE = InnoDB CHARACTER SET = utf8 COLLATE = utf8_general_ci COMMENT = '系统用户表' ROW_FORMAT = DYNAMIC;

-- ----------------------------
-- Records of sys_user
-- ----------------------------
INSERT INTO `sys_user` VALUES (749058260664978888, '系统管理员', 'admin123', 'd20404f8831b4453a4581b0b01483b30', '3S4V9Lopwj3AsYsfbqRqwz3cAwWXZsaW', '183615215@qq.com', '15156478952', 747132708441958888, '2022-01-19 11:26:12', b'0', 'https://pfks-oss-center.oss-cn-beijing.aliyuncs.com/751544757301415940.png', 11);
INSERT INTO `sys_user` VALUES (749058260664978889, '张三', 'admin888', 'd20404f8831b4453a4581b0b01483b30', '3S4V9Lopwj3AsYsfbqRqwz3cAwWXZsaW', '183615215@qq.com', '15140270711', 747132708441958888, '2022-01-20 10:52:04', b'0', 'https://pfks-oss-center.oss-cn-beijing.aliyuncs.com/751521721550508055.jpg', 0);
INSERT INTO `sys_user` VALUES (751248414968254468, '周国权', 'zhouguoquan', 'd20404f8831b4453a4581b0b01483b30', '3S4V9Lopwj3AsYsfbqRqwz3cAwWXZsaW', '16985471233@qq.com', '16985471233', 751508470607515665, '2022-01-23 21:48:16', b'1', 'https://pfks-oss-center.oss-cn-beijing.aliyuncs.com/751518820258156590.jpg', 9);
INSERT INTO `sys_user` VALUES (751463915388538886, '西瓜哥', 'xiguage', 'd20404f8831b4453a4581b0b01483b30', '3S4V9Lopwj3AsYsfbqRqwz3cAwWXZsaW', '15688883214@alibaba.com', '15688883214', 751508470607515665, '2022-01-24 12:04:35', b'0', 'https://pfks-oss-center.oss-cn-beijing.aliyuncs.com/751518573691801644.jpg', 6);
INSERT INTO `sys_user` VALUES (751479933569732222, '李四', 'katong01', 'd20404f8831b4453a4581b0b01483b30', '3S4V9Lopwj3AsYsfbqRqwz3cAwWXZsaW', '13000000001@qq.com', '13000000001', 749260359927468035, '2022-01-23 21:26:20', b'0', 'https://pfks-oss-center.oss-cn-beijing.aliyuncs.com/751521488900853778.jpg', 0);
INSERT INTO `sys_user` VALUES (751479933569732619, '宋老虎', 'songlaohu', 'd20404f8831b4453a4581b0b01483b30', '3S4V9Lopwj3AsYsfbqRqwz3cAwWXZsaW', '187801108888@gmail.com', '18780110888', 751944945337765908, '2022-01-24 13:08:14', b'0', 'https://pfks-oss-center.oss-cn-beijing.aliyuncs.com/751517903362330665.jpg', 4);
INSERT INTO `sys_user` VALUES (751480718495977487, '强子', 'xiaoqiang', 'd20404f8831b4453a4581b0b01483b30', '3S4V9Lopwj3AsYsfbqRqwz3cAwWXZsaW', '15765432255@163.com', '15765432255', 749260637426814982, '2022-01-24 13:11:21', b'0', 'https://pfks-oss-center.oss-cn-beijing.aliyuncs.com/751517697170346022.jpg', 7);
INSERT INTO `sys_user` VALUES (751482999849226258, '疯彪', 'fengbiao', 'd20404f8831b4453a4581b0b01483b30', '3S4V9Lopwj3AsYsfbqRqwz3cAwWXZsaW', '13840668898@163.com', '13840668898', 751508351086628880, '2022-01-24 13:20:25', b'0', 'https://pfks-oss-center.oss-cn-beijing.aliyuncs.com/751517428378374178.jpg', 8);
INSERT INTO `sys_user` VALUES (751483108402008085, '刘华强', 'liuhuaqiang', 'd20404f8831b4453a4581b0b01483b30', '3S4V9Lopwj3AsYsfbqRqwz3cAwWXZsaW', 'pufeikeshen@qq.com', '15140270733', 747132708441958888, '2022-01-24 13:20:51', b'0', 'https://pfks-oss-center.oss-cn-beijing.aliyuncs.com/751516960180801568.jpg', 5);
INSERT INTO `sys_user` VALUES (751489621128515588, '温故知新', 'admin666', 'd20404f8831b4453a4581b0b01483b30', '3S4V9Lopwj3AsYsfbqRqwz3cAwWXZsaW', '183615215@qq.com', '15140270766', 747132708441958888, '2022-01-24 13:46:44', b'0', 'https://pfks-oss-center.oss-cn-beijing.aliyuncs.com/751519140208054320.jpg', 10);
INSERT INTO `sys_user` VALUES (751787623789498372, '征服.刘华强', 'zf-liuhuaqiang', 'd20404f8831b4453a4581b0b01483b30', '3S4V9Lopwj3AsYsfbqRqwz3cAwWXZsaW', '16865439888@qq.com', '16865439888', 747132708441958888, '2022-01-25 09:30:53', b'0', 'https://pfks-oss-center.oss-cn-beijing.aliyuncs.com/751787622594121731.jpg', 8);
INSERT INTO `sys_user` VALUES (751791467214802951, '产品专员', 'zhanpin01', '59cc3e3877bf3d67b915eb3d75713b2e', 'N56POoHpjnrGyPW7gStu0e2bFSBAcRuJ', '15566329988@qq.com', '15566329988', 749260637426814982, '2022-01-25 09:46:10', b'0', 'https://pfks-oss-center.oss-cn-beijing.aliyuncs.com/751791466250113030.jpg', 7);
INSERT INTO `sys_user` VALUES (751791880110477323, '运营专员', 'yunying01', '0b6f383d14bb0c171236fa28c306b500', 'cnKetjWT3je2I5Q7bVRsXTcahCdKSQJf', '17896328564@163.com', '17896328564', 751508757799899156, '2022-01-25 09:47:48', b'0', 'https://pfks-oss-center.oss-cn-beijing.aliyuncs.com/751791879548440586.jpg', 6);
INSERT INTO `sys_user` VALUES (753738351378567204, 'Jackson', 'Jackson', '03a548f5deaf799b52486cb83cd36586', 'HFK3cuTyeEDZIoZsNsn2xd3qUx70BicL', 'Jackson@gmail.com', '18700901221', 751944880695152659, '2022-01-30 18:42:23', b'0', 'https://pfks-oss-center.oss-cn-beijing.aliyuncs.com/753738349595988003.png', 0);
INSERT INTO `sys_user` VALUES (753739236372516908, '伊莎贝拉', 'Isabella', '63ef3c242d38000f25e122ff2f32dedd', 'L6xXja5YNwO5IOlcVQZuABgwTcl6gLxi', 'Isabella@163.com', '10019868877', 751944994742472725, '2022-01-30 18:45:54', b'0', 'https://pfks-oss-center.oss-cn-beijing.aliyuncs.com/753740502830026804.png', 0);
INSERT INTO `sys_user` VALUES (753739446431649839, '奥利维亚', 'olivia', 'ed3b541df743e8315919c8ed7988ecc5', 'grYhjclxg5UaC2cBch0wLL02saxbltxO', 'olivia@gmail.com', '10017658832', 751508757799899156, '2022-01-30 18:46:44', b'0', 'https://pfks-oss-center.oss-cn-beijing.aliyuncs.com/753739445949304878.png', 0);
INSERT INTO `sys_user` VALUES (753740449491062834, '麦迪逊', 'madison', '4cc4dd4148fa76ccbc542f5bc91f2bfa', 'GlsfhLZtQaAkOj3TAnVrqAXev4YeaBdl', 'madison@gmail.com', '10018793244', 749262890065858563, '2022-01-30 18:50:43', b'0', 'https://pfks-oss-center.oss-cn-beijing.aliyuncs.com/753740448635424817.png', 0);
INSERT INTO `sys_user` VALUES (753740784267825207, '亚历山大', 'alexander', 'e35a42cf750425a515253cb74205ce7b', 'H1VtcxfK6pKitq9WO3c55WwdzUybvd1E', 'alexander@qq.com', '10015541234', 749262890065858563, '2022-01-30 18:52:03', b'0', 'https://pfks-oss-center.oss-cn-beijing.aliyuncs.com/753740783164723254.png', 0);
INSERT INTO `sys_user` VALUES (753741015680159802, '丹尼尔', 'daniel', 'c8b42b59c50b061c7a15d8d755995969', 'tOVtjwbHG4TFWSbwjTBsmqg7t4fLptLk', 'daniel@alibaba.com', '10010987890', 749260637426814982, '2022-01-30 18:52:58', b'0', 'https://pfks-oss-center.oss-cn-beijing.aliyuncs.com/753741015134900281.png', 0);
INSERT INTO `sys_user` VALUES (753742249505984575, '克雷斯', 'keleishi', 'e9386a1b5690299f14bb867f393d5c19', 'G0b03ZBoVDiI0AzHyHjbztiGU42Nambz', 'keleishi@qq.com', '10015641234', 751508757799899156, '2022-01-30 18:57:52', b'0', 'https://pfks-oss-center.oss-cn-beijing.aliyuncs.com/753742247417221182.png', 0);
INSERT INTO `sys_user` VALUES (753742569661403202, '甘尼克斯', 'gannikeshi', '006fcd4d8b89ec8692f1758cae0c1089', 'wu3QPkFXBnuGMb3BFfPfmXU0PD0dxM4f', '15780978654@gmail.com', '15780978654', 749262890065858563, '2022-01-30 18:59:09', b'0', 'https://pfks-oss-center.oss-cn-beijing.aliyuncs.com/753742568247922753.png', 0);
INSERT INTO `sys_user` VALUES (753742811785990213, '格雷博', 'geleibo', 'd4e5bb6f292672f17335d8412103af19', 'NRJIeFbx0QLN3BQCHpmE5gOK6UvWVI90', 'geleibo@gmail.com', '17272746921', 751944880695152659, '2022-01-30 19:00:06', b'0', 'https://pfks-oss-center.oss-cn-beijing.aliyuncs.com/753742810590613572.png', 0);
INSERT INTO `sys_user` VALUES (753743082759000136, '阿舒尔', 'asuer000', 'e92e16be28b8bf617e5cd5931c602dfe', 'rXNJGFDAJ0EJ4s1N6jkgZpodTudi753h', 'asuer000@163.com', '17366789635', 751944994742472725, '2022-01-30 19:01:11', b'0', 'https://pfks-oss-center.oss-cn-beijing.aliyuncs.com/753743081802698823.png', 0);
INSERT INTO `sys_user` VALUES (753743660411129932, '斯巴达克斯', 'shibadakeshi', '766fcd1ec6ab09dbca8bf888386ace12', 'jjgapR2LhMVRtQXLfemREvwlLddhhXfw', 'shibadakeshi@gmail.com', '18296473562', 749262890065858563, '2022-01-30 19:03:29', b'0', 'https://pfks-oss-center.oss-cn-beijing.aliyuncs.com/753743659710681163.png', 0);

-- ----------------------------
-- Table structure for sys_userrole
-- ----------------------------
DROP TABLE IF EXISTS `sys_userrole`;
CREATE TABLE `sys_userrole`  (
  `Id_` bigint(20) UNSIGNED NOT NULL COMMENT 'PK',
  `SysUserId_` bigint(20) UNSIGNED NULL DEFAULT NULL COMMENT '用户ID',
  `SysRoleId_` bigint(20) UNSIGNED NOT NULL COMMENT '角色ID',
  PRIMARY KEY (`Id_`) USING BTREE,
  UNIQUE INDEX `SysUserId_SysRoleId_`(`SysUserId_`, `SysRoleId_`) USING BTREE,
  INDEX `SysUserId_`(`SysUserId_`) USING BTREE,
  INDEX `SysRoleId_`(`SysRoleId_`) USING BTREE
) ENGINE = InnoDB CHARACTER SET = utf8 COLLATE = utf8_general_ci ROW_FORMAT = DYNAMIC;

-- ----------------------------
-- Records of sys_userrole
-- ----------------------------
INSERT INTO `sys_userrole` VALUES (756597262116851732, 749058260664978888, 751207551789568012);
INSERT INTO `sys_userrole` VALUES (758741488501919795, 749058260664978889, 751207714377568269);
INSERT INTO `sys_userrole` VALUES (758741489403695159, 749058260664978889, 751207848788234254);
INSERT INTO `sys_userrole` VALUES (758741488745189428, 749058260664978889, 751215174689624067);
INSERT INTO `sys_userrole` VALUES (758741489189785654, 749058260664978889, 751215247142031364);
INSERT INTO `sys_userrole` VALUES (758741488959098933, 749058260664978889, 751215305337999365);
INSERT INTO `sys_userrole` VALUES (753744088699899982, 751479933569732619, 751207848788234254);
INSERT INTO `sys_userrole` VALUES (762363931787399196, 751482999849226258, 751215305337999365);
INSERT INTO `sys_userrole` VALUES (754371896547610631, 751787623789498372, 751215305337999365);
INSERT INTO `sys_userrole` VALUES (753738917399892010, 753738351378567204, 751207848788234254);
INSERT INTO `sys_userrole` VALUES (753740504012820533, 753739236372516908, 751215247142031364);
INSERT INTO `sys_userrole` VALUES (753739446964326448, 753739446431649839, 751215247142031364);
INSERT INTO `sys_userrole` VALUES (753740450405421107, 753740449491062834, 751215305337999365);
INSERT INTO `sys_userrole` VALUES (753740784771141688, 753740784267825207, 751207848788234254);
INSERT INTO `sys_userrole` VALUES (753741016217030715, 753741015680159802, 751215305337999365);
INSERT INTO `sys_userrole` VALUES (753742250223210560, 753742249505984575, 751215305337999365);
INSERT INTO `sys_userrole` VALUES (753742570215051331, 753742569661403202, 751207848788234254);
INSERT INTO `sys_userrole` VALUES (753742812528382022, 753742811785990213, 751215305337999365);
INSERT INTO `sys_userrole` VALUES (753743083421700169, 753743082759000136, 751207848788234254);
INSERT INTO `sys_userrole` VALUES (753743660876697677, 753743660411129932, 751207848788234254);

SET FOREIGN_KEY_CHECKS = 1;
